id,card_number,status,allocated_merchant_id,allocated_at,linked_member_id,linked_at,created_by_admin_id,created_at
00352dbc-2810-4def-9232-5c467c4ab8fd,8667 7863 7616 0168,merchant_allocated,75eff299-f162-4427-8b08-04f404141ef9,2026-09-09 10:29:54.922115+00,,,9c2a0db3-c7e6-4d04-8b65-6cb56ec6b9f7,2026-09-09 10:16:46.810748+00
00444392-2cb6-496f-a016-6cb2c3af531d,2173 6567 3333 0147,merchant_allocated,c74f8bef-6fd7-40f2-a363-1daa167d0439,2026-09-03 09:31:57.289663+00,,,9c2a0db3-c7e6-4d04-8b65-6cb56ec6b9f7,2026-09-03 09:26:26.769933+00
00452609-2e89-4728-ac06-cf44f8e10f95,8783 5621 8877 0321,merchant_allocated,b64a2ee7-5fc4-434d-9b92-1fa730df2810,2026-09-09 05:29:06.233162+00,,,9c2a0db3-c7e6-4d04-8b65-6cb56ec6b9f7,2026-09-09 05:20:59.714662+00
005ab39b-1fbb-402e-8790-e14772544dd1,8783 5621 8877 0213,merchant_allocated,b64a2ee7-5fc4-434d-9b92-1fa730df2810,2026-09-09 05:29:06.233162+00,,,9c2a0db3-c7e6-4d04-8b65-6cb56ec6b9f7,2026-09-09 05:20:59.714662+00
006a1b9c-3e00-408a-8a67-50bb20616418,8783 5621 8877 0098,merchant_allocated,b64a2ee7-5fc4-434d-9b92-1fa730df2810,2026-09-09 05:29:06.233162+00,,,9c2a0db3-c7e6-4d04-8b65-6cb56ec6b9f7,2026-09-09 05:20:59.714662+00
0075f036-822d-4990-97ba-ed4ed95d714f,2173 6567 3333 0024,merchant_allocated,c74f8bef-6fd7-40f2-a363-1daa167d0439,2026-09-03 09:31:57.289663+00,,,9c2a0db3-c7e6-4d04-8b65-6cb56ec6b9f7,2026-09-03 09:26:26.769933+00
007b2011-62a8-466b-a79b-c0668b925abd,4555 8645 9367 0179,merchant_allocated,63c2aeec-7410-4c78-9a68-beb45b1c622c,2026-08-27 11:40:23.347781+00,,,9c2a0db3-c7e6-4d04-8b65-6cb56ec6b9f7,2026-08-27 11:34:13.556736+00
008fda93-500f-401a-8eee-0e5ba626170a,8667 7863 7616 0085,merchant_allocated,75eff299-f162-4427-8b08-04f404141ef9,2026-09-09 10:29:54.922115+00,,,9c2a0db3-c7e6-4d04-8b65-6cb56ec6b9f7,2026-09-09 10:16:46.810748+00
0093205b-697b-4bda-863c-dd38bdb71b9c,7567 5342 8633 0099,member_linked,4bf2fb6b-bdf3-49d3-ac1b-1e6e746c6643,2026-07-21 16:11:58.441179+00,mem_94d50169-c4e7-4c8d-9f9d-b7e23e6ca82f_1,2026-07-22 16:13:55.65105+00,9c2a0db3-c7e6-4d04-8b65-6cb56ec6b9f7,2026-07-21 16:10:31.33396+00
00c089ab-42be-4ed6-ab4b-b4dd2b84344d,2173 6567 3333 0310,merchant_allocated,c74f8bef-6fd7-40f2-a363-1daa167d0439,2026-09-03 09:31:57.289663+00,,,9c2a0db3-c7e6-4d04-8b65-6cb56ec6b9f7,2026-09-03 09:26:26.769933+00
00c524bb-ba32-41f1-a15d-7901ddc9b3c8,8783 5621 8877 0428,merchant_allocated,b64a2ee7-5fc4-434d-9b92-1fa730df2810,2026-09-09 05:29:06.233162+00,,,9c2a0db3-c7e6-4d04-8b65-6cb56ec6b9f7,2026-09-09 05:20:59.714662+00
00e90893-25e9-4046-a06e-16c557676096,4821 4444 0000 2000,member_linked,merch_  7,2026-08-03 17:46:28.931088+00,mem_merch_  7_gold_luxe_1,2026-08-03 17:56:50.815003+00,9c2a0db3-c7e6-4d04-8b65-6cb56ec6b9f7,2026-08-03 17:45:59.017505+00
00ea83f9-1069-4f81-95e9-f16721db7628,2173 6567 3333 0096,merchant_allocated,c74f8bef-6fd7-40f2-a363-1daa167d0439,2026-09-03 09:31:57.289663+00,,,9c2a0db3-c7e6-4d04-8b65-6cb56ec6b9f7,2026-09-03 09:26:26.769933+00
00fbf176-b27b-4517-81b4-4e3dd0432002,8783 5621 8877 0218,merchant_allocated,b64a2ee7-5fc4-434d-9b92-1fa730df2810,2026-09-09 05:29:06.233162+00,,,9c2a0db3-c7e6-4d04-8b65-6cb56ec6b9f7,2026-09-09 05:20:59.714662+00
010d67ce-44a1-4d6c-a24f-09d56fb0c458,8783 5621 8877 0114,merchant_allocated,b64a2ee7-5fc4-434d-9b92-1fa730df2810,2026-09-09 05:29:06.233162+00,,,9c2a0db3-c7e6-4d04-8b65-6cb56ec6b9f7,2026-09-09 05:20:59.714662+00
01107ea8-8602-40c5-bdef-124f45dbcf6b,4555 8645 9367 0360,merchant_allocated,63c2aeec-7410-4c78-9a68-beb45b1c622c,2026-08-27 11:40:23.347781+00,,,9c2a0db3-c7e6-4d04-8b65-6cb56ec6b9f7,2026-08-27 11:34:13.556736+00
0114900b-7da6-4a26-9009-e55c47b76f7b,2173 6567 3333 0316,merchant_allocated,c74f8bef-6fd7-40f2-a363-1daa167d0439,2026-09-03 09:31:57.289663+00,,,9c2a0db3-c7e6-4d04-8b65-6cb56ec6b9f7,2026-09-03 09:26:26.769933+00
0160fd62-aa87-4671-aa06-29f9863379b6,2176 6567 3333 0135,unassigned,,,,,9c2a0db3-c7e6-4d04-8b65-6cb56ec6b9f7,2026-09-03 09:06:17.550685+00
018ee98c-954f-4ccd-8f6f-07cfab47aded,8783 5621 8877 0289,merchant_allocated,b64a2ee7-5fc4-434d-9b92-1fa730df2810,2026-09-09 05:29:06.233162+00,,,9c2a0db3-c7e6-4d04-8b65-6cb56ec6b9f7,2026-09-09 05:20:59.714662+00
01929213-fe57-4b6c-9009-33cdd8b46f90,2173 6567 3333 0091,merchant_allocated,c74f8bef-6fd7-40f2-a363-1daa167d0439,2026-09-03 09:31:57.289663+00,,,9c2a0db3-c7e6-4d04-8b65-6cb56ec6b9f7,2026-09-03 09:26:26.769933+00
0197032f-04bb-43b1-ac74-6e6186454c1c,2173 6567 3333 0088,merchant_allocated,c74f8bef-6fd7-40f2-a363-1daa167d0439,2026-09-03 09:31:57.289663+00,,,9c2a0db3-c7e6-4d04-8b65-6cb56ec6b9f7,2026-09-03 09:26:26.769933+00
01b32f2c-a994-443f-86f2-948e08eb18fb,8783 5621 8877 0154,merchant_allocated,b64a2ee7-5fc4-434d-9b92-1fa730df2810,2026-09-09 05:29:06.233162+00,,,9c2a0db3-c7e6-4d04-8b65-6cb56ec6b9f7,2026-09-09 05:20:59.714662+00
01b69a98-c16a-44c6-818c-62f357747036,4555 8645 9367 0447,merchant_allocated,63c2aeec-7410-4c78-9a68-beb45b1c622c,2026-08-27 11:40:23.347781+00,,,9c2a0db3-c7e6-4d04-8b65-6cb56ec6b9f7,2026-08-27 11:34:13.556736+00
01c6c33c-3594-4994-8ee2-47455f183910,8667 7863 7616 0071,merchant_allocated,75eff299-f162-4427-8b08-04f404141ef9,2026-09-09 10:29:54.922115+00,,,9c2a0db3-c7e6-4d04-8b65-6cb56ec6b9f7,2026-09-09 10:16:46.810748+00
01d4cb58-f9fd-4f55-9883-d598da785f5a,2176 6567 3333 0239,unassigned,,,,,9c2a0db3-c7e6-4d04-8b65-6cb56ec6b9f7,2026-09-03 09:06:17.550685+00
01e787df-cd13-4324-865c-3857e648b0c5,8667 7863 7616 0220,merchant_allocated,75eff299-f162-4427-8b08-04f404141ef9,2026-09-09 10:29:54.922115+00,,,9c2a0db3-c7e6-4d04-8b65-6cb56ec6b9f7,2026-09-09 10:16:46.810748+00
01f03930-a520-425a-8f33-77087c2082a8,5656 7477 9399 0001,member_linked,9f5a3fe4-f21f-4fed-beaf-67dcb9c6cffc,2026-07-22 09:15:44.905092+00,mem_ea2bc841-f304-4a67-91db-c58ee4fa3273_1,2026-07-22 16:13:55.65105+00,9c2a0db3-c7e6-4d04-8b65-6cb56ec6b9f7,2026-07-22 09:14:18.287281+00
0231b206-7252-4b4b-a83e-f042ba6445a4,4821 4444 0000 0600,member_linked,merch_  7,2026-08-03 17:46:28.931088+00,mem_merch_  7_platinum_royalty_1,2026-08-03 17:56:50.815003+00,9c2a0db3-c7e6-4d04-8b65-6cb56ec6b9f7,2026-08-03 17:45:59.017505+00
023fbd73-7d15-48fe-a80d-3739fddcb5ab,4555 8645 9367 0214,merchant_allocated,63c2aeec-7410-4c78-9a68-beb45b1c622c,2026-08-27 11:40:23.347781+00,,,9c2a0db3-c7e6-4d04-8b65-6cb56ec6b9f7,2026-08-27 11:34:13.556736+00
02570226-458e-4ca5-b194-aac49396650f,8667 7863 7616 0202,merchant_allocated,75eff299-f162-4427-8b08-04f404141ef9,2026-09-09 10:29:54.922115+00,,,9c2a0db3-c7e6-4d04-8b65-6cb56ec6b9f7,2026-09-09 10:16:46.810748+00
0277c3e7-a658-49e7-9c1b-9c8400ed10af,2176 6567 3333 0380,unassigned,,,,,9c2a0db3-c7e6-4d04-8b65-6cb56ec6b9f7,2026-09-03 09:06:17.550685+00
028954cc-ca30-4d4b-8bdb-e9d7f734bca3,8783 5621 8877 0490,merchant_allocated,b64a2ee7-5fc4-434d-9b92-1fa730df2810,2026-09-09 05:29:06.233162+00,,,9c2a0db3-c7e6-4d04-8b65-6cb56ec6b9f7,2026-09-09 05:20:59.714662+00
02994cf4-ef5d-4cd6-89f9-25e2d6ab98b3,8667 7863 7616 0035,merchant_allocated,75eff299-f162-4427-8b08-04f404141ef9,2026-09-09 10:29:54.922115+00,,,9c2a0db3-c7e6-4d04-8b65-6cb56ec6b9f7,2026-09-09 10:16:46.810748+00
02a081c6-be68-44c5-b317-1056b92dcfe2,2176 6567 3333 0038,unassigned,,,,,9c2a0db3-c7e6-4d04-8b65-6cb56ec6b9f7,2026-09-03 09:06:17.550685+00
02aba44f-c4a4-42cb-951b-5c212b455536,8783 5621 8877 0214,merchant_allocated,b64a2ee7-5fc4-434d-9b92-1fa730df2810,2026-09-09 05:29:06.233162+00,,,9c2a0db3-c7e6-4d04-8b65-6cb56ec6b9f7,2026-09-09 05:20:59.714662+00
02cf514a-e471-4cb4-843d-77ff3dfe2e34,8667 7863 7616 0074,merchant_allocated,75eff299-f162-4427-8b08-04f404141ef9,2026-09-09 10:29:54.922115+00,,,9c2a0db3-c7e6-4d04-8b65-6cb56ec6b9f7,2026-09-09 10:16:46.810748+00
02d3d4ad-eb89-4f1c-a4f2-402596b704c7,8783 5621 8877 0207,merchant_allocated,b64a2ee7-5fc4-434d-9b92-1fa730df2810,2026-09-09 05:29:06.233162+00,,,9c2a0db3-c7e6-4d04-8b65-6cb56ec6b9f7,2026-09-09 05:20:59.714662+00
02e6053f-858f-411f-b784-dd9d5c0f3267,2173 6567 3333 0463,merchant_allocated,c74f8bef-6fd7-40f2-a363-1daa167d0439,2026-09-03 09:31:57.289663+00,,,9c2a0db3-c7e6-4d04-8b65-6cb56ec6b9f7,2026-09-03 09:26:26.769933+00
02ff97a1-43e3-4449-ab26-d826b9324ca6,2173 6567 3333 0237,merchant_allocated,c74f8bef-6fd7-40f2-a363-1daa167d0439,2026-09-03 09:31:57.289663+00,,,9c2a0db3-c7e6-4d04-8b65-6cb56ec6b9f7,2026-09-03 09:26:26.769933+00
0304ea45-6fea-4c30-a842-00dc9fd3186e,2176 6567 3333 0272,unassigned,,,,,9c2a0db3-c7e6-4d04-8b65-6cb56ec6b9f7,2026-09-03 09:06:17.550685+00
0305e9f9-cb67-4698-ba20-e551a2f6ed99,2176 6567 3333 0236,unassigned,,,,,9c2a0db3-c7e6-4d04-8b65-6cb56ec6b9f7,2026-09-03 09:06:17.550685+00
0318271f-5241-4790-a0a3-ac24ea00a806,2173 6567 3333 0430,merchant_allocated,c74f8bef-6fd7-40f2-a363-1daa167d0439,2026-09-03 09:31:57.289663+00,,,9c2a0db3-c7e6-4d04-8b65-6cb56ec6b9f7,2026-09-03 09:26:26.769933+00
034af1e5-fa2b-47bc-b705-2000599ad2b1,4555 8645 9367 0117,merchant_allocated,63c2aeec-7410-4c78-9a68-beb45b1c622c,2026-08-27 11:40:23.347781+00,,,9c2a0db3-c7e6-4d04-8b65-6cb56ec6b9f7,2026-08-27 11:34:13.556736+00
036671c1-010b-4d22-a6d3-2a98913b38cd,2173 6567 3333 0282,merchant_allocated,c74f8bef-6fd7-40f2-a363-1daa167d0439,2026-09-03 09:31:57.289663+00,,,9c2a0db3-c7e6-4d04-8b65-6cb56ec6b9f7,2026-09-03 09:26:26.769933+00
039a2a5b-8350-404a-83a9-f1baaefa2e6b,8783 5621 8877 0046,merchant_allocated,b64a2ee7-5fc4-434d-9b92-1fa730df2810,2026-09-09 05:29:06.233162+00,,,9c2a0db3-c7e6-4d04-8b65-6cb56ec6b9f7,2026-09-09 05:20:59.714662+00
03a99ba1-6a9c-4449-ba6b-1b90a6c6c4dc,7567 5342 8633 0087,member_linked,4bf2fb6b-bdf3-49d3-ac1b-1e6e746c6643,2026-07-21 16:11:58.441179+00,mem_94d50169-c4e7-4c8d-9f9d-b7e23e6ca82f_1,2026-07-22 16:17:06.725003+00,9c2a0db3-c7e6-4d04-8b65-6cb56ec6b9f7,2026-07-21 16:10:31.33396+00
03e06d53-ca02-43b8-8f65-dc183a50c1d1,4555 8645 9367 0347,merchant_allocated,63c2aeec-7410-4c78-9a68-beb45b1c622c,2026-08-27 11:40:23.347781+00,,,9c2a0db3-c7e6-4d04-8b65-6cb56ec6b9f7,2026-08-27 11:34:13.556736+00
03e5ecfb-15cb-4e70-9ed9-af4d15fa79d1,8667 7863 7616 0137,merchant_allocated,75eff299-f162-4427-8b08-04f404141ef9,2026-09-09 10:29:54.922115+00,,,9c2a0db3-c7e6-4d04-8b65-6cb56ec6b9f7,2026-09-09 10:16:46.810748+00
03ed02f8-8af7-4d1b-958d-b74e48645b3e,8783 5621 8877 0496,merchant_allocated,b64a2ee7-5fc4-434d-9b92-1fa730df2810,2026-09-09 05:29:06.233162+00,,,9c2a0db3-c7e6-4d04-8b65-6cb56ec6b9f7,2026-09-09 05:20:59.714662+00
03ef1129-252d-4f14-9201-406297bd08a8,8689 6453 5689 0047,merchant_allocated,bc3951f9-ff8c-436b-8322-e5dd6592ca4b,2026-09-05 05:47:39.366708+00,,,9c2a0db3-c7e6-4d04-8b65-6cb56ec6b9f7,2026-09-05 05:42:03.795053+00
03f8167d-59e0-4455-a0e5-cb4552aceb4e,2176 6567 3333 0279,unassigned,,,,,9c2a0db3-c7e6-4d04-8b65-6cb56ec6b9f7,2026-09-03 09:06:17.550685+00
04144e84-bcfb-4524-9bad-bd03ee955f1a,2176 6567 3333 0365,unassigned,,,,,9c2a0db3-c7e6-4d04-8b65-6cb56ec6b9f7,2026-09-03 09:06:17.550685+00
041af4c5-c148-4877-ba0d-7f34aa880af9,8667 7863 7616 0480,merchant_allocated,75eff299-f162-4427-8b08-04f404141ef9,2026-09-09 10:29:54.922115+00,,,9c2a0db3-c7e6-4d04-8b65-6cb56ec6b9f7,2026-09-09 10:16:46.810748+00
0425d320-88d3-44dd-b1ef-508a981a756e,8667 7863 7616 0057,merchant_allocated,75eff299-f162-4427-8b08-04f404141ef9,2026-09-09 10:29:54.922115+00,,,9c2a0db3-c7e6-4d04-8b65-6cb56ec6b9f7,2026-09-09 10:16:46.810748+00
044264f0-4dcb-4605-9d36-3be9876a34bd,2176 6567 3333 0206,unassigned,,,,,9c2a0db3-c7e6-4d04-8b65-6cb56ec6b9f7,2026-09-03 09:06:17.550685+00
0442ddbe-a118-4e10-9048-0673927a740e,8783 5621 8877 0418,merchant_allocated,b64a2ee7-5fc4-434d-9b92-1fa730df2810,2026-09-09 05:29:06.233162+00,,,9c2a0db3-c7e6-4d04-8b65-6cb56ec6b9f7,2026-09-09 05:20:59.714662+00
0449a5f3-fd02-4f6c-887d-4247bd8b34a6,2176 6567 3333 0414,unassigned,,,,,9c2a0db3-c7e6-4d04-8b65-6cb56ec6b9f7,2026-09-03 09:06:17.550685+00
04708714-65b3-4181-8d12-b09753a3bc71,8667 7863 7616 0222,merchant_allocated,75eff299-f162-4427-8b08-04f404141ef9,2026-09-09 10:29:54.922115+00,,,9c2a0db3-c7e6-4d04-8b65-6cb56ec6b9f7,2026-09-09 10:16:46.810748+00
048f469c-9d6f-4d90-aa4e-0728e1ce784b,2173 6567 3333 0163,merchant_allocated,c74f8bef-6fd7-40f2-a363-1daa167d0439,2026-09-03 09:31:57.289663+00,,,9c2a0db3-c7e6-4d04-8b65-6cb56ec6b9f7,2026-09-03 09:26:26.769933+00
04922a28-406f-47d8-a800-d50740c713da,8783 5621 8877 0480,merchant_allocated,b64a2ee7-5fc4-434d-9b92-1fa730df2810,2026-09-09 05:29:06.233162+00,,,9c2a0db3-c7e6-4d04-8b65-6cb56ec6b9f7,2026-09-09 05:20:59.714662+00
04d1c9e3-c28b-43b8-95bc-aa13bb178267,4555 8645 9367 0261,merchant_allocated,63c2aeec-7410-4c78-9a68-beb45b1c622c,2026-08-27 11:40:23.347781+00,,,9c2a0db3-c7e6-4d04-8b65-6cb56ec6b9f7,2026-08-27 11:34:13.556736+00
04ed4e4f-8074-44c3-8af4-88fb86ab24ce,8783 5621 8877 0489,merchant_allocated,b64a2ee7-5fc4-434d-9b92-1fa730df2810,2026-09-09 05:29:06.233162+00,,,9c2a0db3-c7e6-4d04-8b65-6cb56ec6b9f7,2026-09-09 05:20:59.714662+00
05085826-88b7-48f6-9bb9-b08f111533e1,8689 6453 5689 0042,merchant_allocated,bc3951f9-ff8c-436b-8322-e5dd6592ca4b,2026-09-05 05:47:39.366708+00,,,9c2a0db3-c7e6-4d04-8b65-6cb56ec6b9f7,2026-09-05 05:42:03.795053+00
05278072-5f25-44cd-8bf2-fbb487b00499,2173 6567 3333 0391,merchant_allocated,c74f8bef-6fd7-40f2-a363-1daa167d0439,2026-09-03 09:31:57.289663+00,,,9c2a0db3-c7e6-4d04-8b65-6cb56ec6b9f7,2026-09-03 09:26:26.769933+00
05353e58-07e0-49f7-8f48-1c3975a4a286,2176 6567 3333 0442,unassigned,,,,,9c2a0db3-c7e6-4d04-8b65-6cb56ec6b9f7,2026-09-03 09:06:17.550685+00
053c91fb-890d-4609-8ec3-b940b8ee5979,8667 7863 7616 0075,merchant_allocated,75eff299-f162-4427-8b08-04f404141ef9,2026-09-09 10:29:54.922115+00,,,9c2a0db3-c7e6-4d04-8b65-6cb56ec6b9f7,2026-09-09 10:16:46.810748+00
0557f355-9176-4e6f-92ff-b4721d642339,8689 6453 5689 0013,merchant_allocated,bc3951f9-ff8c-436b-8322-e5dd6592ca4b,2026-09-05 05:47:39.366708+00,,,9c2a0db3-c7e6-4d04-8b65-6cb56ec6b9f7,2026-09-05 05:42:03.795053+00
055fb957-6fef-4be3-936d-35f461d2c89d,8783 5621 8877 0164,merchant_allocated,b64a2ee7-5fc4-434d-9b92-1fa730df2810,2026-09-09 05:29:06.233162+00,,,9c2a0db3-c7e6-4d04-8b65-6cb56ec6b9f7,2026-09-09 05:20:59.714662+00
056c49bd-c904-4cbd-b54d-389ee7c23968,8667 7863 7616 0386,merchant_allocated,75eff299-f162-4427-8b08-04f404141ef9,2026-09-09 10:29:54.922115+00,,,9c2a0db3-c7e6-4d04-8b65-6cb56ec6b9f7,2026-09-09 10:16:46.810748+00
05739141-9a11-4e2e-bca9-8edbf5a66375,8783 5621 8877 0302,member_linked,b64a2ee7-5fc4-434d-9b92-1fa730df2810,2026-09-09 05:29:06.233162+00,5badbcd9-57a8-4bcd-80f9-6b93f55e604b,2026-09-17 07:34:24.090148+00,9c2a0db3-c7e6-4d04-8b65-6cb56ec6b9f7,2026-09-09 05:20:59.714662+00
057d4f85-8ba4-4fa3-87ed-be9845534605,8667 7863 7616 0349,merchant_allocated,75eff299-f162-4427-8b08-04f404141ef9,2026-09-09 10:29:54.922115+00,,,9c2a0db3-c7e6-4d04-8b65-6cb56ec6b9f7,2026-09-09 10:16:46.810748+00
05a5072a-7060-480a-8260-1af7e62a4f02,2173 6567 3333 0481,merchant_allocated,c74f8bef-6fd7-40f2-a363-1daa167d0439,2026-09-03 09:31:57.289663+00,,,9c2a0db3-c7e6-4d04-8b65-6cb56ec6b9f7,2026-09-03 09:26:26.769933+00
05acc060-92a9-4e56-ab1c-e638b14def96,2176 6567 3333 0107,unassigned,,,,,9c2a0db3-c7e6-4d04-8b65-6cb56ec6b9f7,2026-09-03 09:06:17.550685+00
05e16020-6a42-400e-805d-9967660e2073,2173 6567 3333 0252,merchant_allocated,c74f8bef-6fd7-40f2-a363-1daa167d0439,2026-09-03 09:31:57.289663+00,,,9c2a0db3-c7e6-4d04-8b65-6cb56ec6b9f7,2026-09-03 09:26:26.769933+00
05e45fbc-f096-4ce8-845b-2027adcef98a,8783 5621 8877 0491,merchant_allocated,b64a2ee7-5fc4-434d-9b92-1fa730df2810,2026-09-09 05:29:06.233162+00,,,9c2a0db3-c7e6-4d04-8b65-6cb56ec6b9f7,2026-09-09 05:20:59.714662+00
05efa5bd-86ba-440f-8adb-6582bdb61723,2173 6567 3333 0421,merchant_allocated,c74f8bef-6fd7-40f2-a363-1daa167d0439,2026-09-03 09:31:57.289663+00,,,9c2a0db3-c7e6-4d04-8b65-6cb56ec6b9f7,2026-09-03 09:26:26.769933+00
06026cd3-d58d-4fb3-a4f4-558169cb316e,8667 7863 7616 0274,merchant_allocated,75eff299-f162-4427-8b08-04f404141ef9,2026-09-09 10:29:54.922115+00,,,9c2a0db3-c7e6-4d04-8b65-6cb56ec6b9f7,2026-09-09 10:16:46.810748+00
0609f1c6-1e5a-4c4a-a765-57c0758d30e2,8667 7863 7616 0108,merchant_allocated,75eff299-f162-4427-8b08-04f404141ef9,2026-09-09 10:29:54.922115+00,,,9c2a0db3-c7e6-4d04-8b65-6cb56ec6b9f7,2026-09-09 10:16:46.810748+00
06200bbc-c3ba-4e99-b9b9-ec7b44fb1a46,4555 8645 9367 0012,merchant_allocated,63c2aeec-7410-4c78-9a68-beb45b1c622c,2026-08-27 11:40:23.347781+00,,,9c2a0db3-c7e6-4d04-8b65-6cb56ec6b9f7,2026-08-27 11:34:13.556736+00
0622ed60-13d9-4672-88a1-9286b4aebb10,4555 8645 9367 0019,merchant_allocated,63c2aeec-7410-4c78-9a68-beb45b1c622c,2026-08-27 11:40:23.347781+00,,,9c2a0db3-c7e6-4d04-8b65-6cb56ec6b9f7,2026-08-27 11:34:13.556736+00
06284b88-b934-4305-b4cf-ead0a78e4788,8667 7863 7616 0096,merchant_allocated,75eff299-f162-4427-8b08-04f404141ef9,2026-09-09 10:29:54.922115+00,,,9c2a0db3-c7e6-4d04-8b65-6cb56ec6b9f7,2026-09-09 10:16:46.810748+00
063636c8-dd6b-4fba-a066-d87e67152ae3,2173 6567 3333 0021,merchant_allocated,c74f8bef-6fd7-40f2-a363-1daa167d0439,2026-09-03 09:31:57.289663+00,,,9c2a0db3-c7e6-4d04-8b65-6cb56ec6b9f7,2026-09-03 09:26:26.769933+00
063ebf31-c5de-432d-9361-fb68bf17c557,8667 7863 7616 0473,merchant_allocated,75eff299-f162-4427-8b08-04f404141ef9,2026-09-09 10:29:54.922115+00,,,9c2a0db3-c7e6-4d04-8b65-6cb56ec6b9f7,2026-09-09 10:16:46.810748+00
066d6236-00f2-4bcf-a0aa-97e7ab9f28a2,8667 7863 7616 0226,merchant_allocated,75eff299-f162-4427-8b08-04f404141ef9,2026-09-09 10:29:54.922115+00,,,9c2a0db3-c7e6-4d04-8b65-6cb56ec6b9f7,2026-09-09 10:16:46.810748+00
067ccf26-e9ca-4b25-9bd5-c0ad444d3e42,2173 6567 3333 0393,merchant_allocated,c74f8bef-6fd7-40f2-a363-1daa167d0439,2026-09-03 09:31:57.289663+00,,,9c2a0db3-c7e6-4d04-8b65-6cb56ec6b9f7,2026-09-03 09:26:26.769933+00
06911a45-2d49-4054-962f-97bb588fa40a,2176 6567 3333 0430,unassigned,,,,,9c2a0db3-c7e6-4d04-8b65-6cb56ec6b9f7,2026-09-03 09:06:17.550685+00
06b32aa9-0f2e-418b-9402-522a2131c95b,8667 7863 7616 0199,merchant_allocated,75eff299-f162-4427-8b08-04f404141ef9,2026-09-09 10:29:54.922115+00,,,9c2a0db3-c7e6-4d04-8b65-6cb56ec6b9f7,2026-09-09 10:16:46.810748+00
06d68850-7220-4d81-b0a8-ae3bd824bf35,8689 6453 5689 0094,merchant_allocated,bc3951f9-ff8c-436b-8322-e5dd6592ca4b,2026-09-05 05:47:39.366708+00,,,9c2a0db3-c7e6-4d04-8b65-6cb56ec6b9f7,2026-09-05 05:42:03.795053+00
0706e1be-27de-4b84-81cc-da0091333d86,8667 7863 7616 0287,merchant_allocated,75eff299-f162-4427-8b08-04f404141ef9,2026-09-09 10:29:54.922115+00,,,9c2a0db3-c7e6-4d04-8b65-6cb56ec6b9f7,2026-09-09 10:16:46.810748+00
072ad9c0-71a8-4e6c-ac5c-237a0888be31,2176 6567 3333 0372,unassigned,,,,,9c2a0db3-c7e6-4d04-8b65-6cb56ec6b9f7,2026-09-03 09:06:17.550685+00
07395283-ffa0-47f3-8c98-4f5c7ffd11c3,2176 6567 3333 0218,unassigned,,,,,9c2a0db3-c7e6-4d04-8b65-6cb56ec6b9f7,2026-09-03 09:06:17.550685+00
0741018d-2914-40b5-8a3b-c51244b61a24,2173 6567 3333 0022,merchant_allocated,c74f8bef-6fd7-40f2-a363-1daa167d0439,2026-09-03 09:31:57.289663+00,,,9c2a0db3-c7e6-4d04-8b65-6cb56ec6b9f7,2026-09-03 09:26:26.769933+00
07754da1-2be0-4c3c-8805-87661248a273,8667 7863 7616 0435,merchant_allocated,75eff299-f162-4427-8b08-04f404141ef9,2026-09-09 10:29:54.922115+00,,,9c2a0db3-c7e6-4d04-8b65-6cb56ec6b9f7,2026-09-09 10:16:46.810748+00
077663c7-11a2-453a-a94f-239dd3d7e5f7,2176 6567 3333 0357,unassigned,,,,,9c2a0db3-c7e6-4d04-8b65-6cb56ec6b9f7,2026-09-03 09:06:17.550685+00
077b2ca5-ffa1-481e-a08e-aaa7762f7cbf,4555 8645 9367 0420,merchant_allocated,63c2aeec-7410-4c78-9a68-beb45b1c622c,2026-08-27 11:40:23.347781+00,,,9c2a0db3-c7e6-4d04-8b65-6cb56ec6b9f7,2026-08-27 11:34:13.556736+00
079061cf-dd93-492e-be82-b9aacfbf7b44,2173 6567 3333 0216,merchant_allocated,c74f8bef-6fd7-40f2-a363-1daa167d0439,2026-09-03 09:31:57.289663+00,,,9c2a0db3-c7e6-4d04-8b65-6cb56ec6b9f7,2026-09-03 09:26:26.769933+00
07a3be81-d74f-4c15-b1eb-a368897a9cc0,2176 6567 3333 0172,unassigned,,,,,9c2a0db3-c7e6-4d04-8b65-6cb56ec6b9f7,2026-09-03 09:06:17.550685+00
07caa780-8eb1-45b4-b732-b79c0c72cb44,2176 6567 3333 0205,unassigned,,,,,9c2a0db3-c7e6-4d04-8b65-6cb56ec6b9f7,2026-09-03 09:06:17.550685+00
08062fb3-ca7a-443c-8700-ac801c0cadcf,2173 6567 3333 0453,merchant_allocated,c74f8bef-6fd7-40f2-a363-1daa167d0439,2026-09-03 09:31:57.289663+00,,,9c2a0db3-c7e6-4d04-8b65-6cb56ec6b9f7,2026-09-03 09:26:26.769933+00
0811fea5-b066-42e4-97b9-3c4a5421fe2f,4821 6739 0000 3000,merchant_allocated,merch_  6,2026-07-28 06:48:05.660888+00,,,9c2a0db3-c7e6-4d04-8b65-6cb56ec6b9f7,2026-07-28 06:47:38.92065+00
081b411c-8406-4cf9-adfd-172194702460,2176 6567 3333 0464,unassigned,,,,,9c2a0db3-c7e6-4d04-8b65-6cb56ec6b9f7,2026-09-03 09:06:17.550685+00
081ceb06-4670-4cf5-8b1d-63f91fec39e0,7567 5342 8633 0003,merchant_allocated,4bf2fb6b-bdf3-49d3-ac1b-1e6e746c6643,2026-07-21 16:11:58.441179+00,,,9c2a0db3-c7e6-4d04-8b65-6cb56ec6b9f7,2026-07-21 16:10:31.33396+00
08310044-2310-46da-99eb-0c1740aed8f7,8689 6453 5689 0104,merchant_allocated,bc3951f9-ff8c-436b-8322-e5dd6592ca4b,2026-09-05 05:47:39.366708+00,,,9c2a0db3-c7e6-4d04-8b65-6cb56ec6b9f7,2026-09-05 05:42:03.795053+00
083dc776-213f-4d3b-bc9e-3fa5bc8ade6e,2176 6567 3333 0094,unassigned,,,,,9c2a0db3-c7e6-4d04-8b65-6cb56ec6b9f7,2026-09-03 09:06:17.550685+00
084623a4-d599-4673-8ff9-61664bd11636,7567 5342 8633 0019,merchant_allocated,4bf2fb6b-bdf3-49d3-ac1b-1e6e746c6643,2026-07-21 16:11:58.441179+00,,,9c2a0db3-c7e6-4d04-8b65-6cb56ec6b9f7,2026-07-21 16:10:31.33396+00
0849b5da-b7e5-4c61-bc4c-a56554634a35,8689 6453 5689 0105,merchant_allocated,bc3951f9-ff8c-436b-8322-e5dd6592ca4b,2026-09-05 05:47:39.366708+00,,,9c2a0db3-c7e6-4d04-8b65-6cb56ec6b9f7,2026-09-05 05:42:03.795053+00
08546489-7f5c-4888-a94f-29050adb9116,4555 8645 9367 0313,merchant_allocated,63c2aeec-7410-4c78-9a68-beb45b1c622c,2026-08-27 11:40:23.347781+00,,,9c2a0db3-c7e6-4d04-8b65-6cb56ec6b9f7,2026-08-27 11:34:13.556736+00
0856e069-9d98-4773-aaf5-792fb02b9850,7567 5342 8633 0025,merchant_allocated,4bf2fb6b-bdf3-49d3-ac1b-1e6e746c6643,2026-07-21 16:11:58.441179+00,,,9c2a0db3-c7e6-4d04-8b65-6cb56ec6b9f7,2026-07-21 16:10:31.33396+00
0887a10f-e61d-40be-9bf2-291186ebdcb3,2173 6567 3333 0456,merchant_allocated,c74f8bef-6fd7-40f2-a363-1daa167d0439,2026-09-03 09:31:57.289663+00,,,9c2a0db3-c7e6-4d04-8b65-6cb56ec6b9f7,2026-09-03 09:26:26.769933+00
08925034-1dfd-4a10-b4ef-7f2c1f87d827,4555 8645 9367 0070,merchant_allocated,63c2aeec-7410-4c78-9a68-beb45b1c622c,2026-08-27 11:40:23.347781+00,,,9c2a0db3-c7e6-4d04-8b65-6cb56ec6b9f7,2026-08-27 11:34:13.556736+00
08b6fd11-b49a-425f-9269-793fb1f4f8c7,8783 5621 8877 0170,merchant_allocated,b64a2ee7-5fc4-434d-9b92-1fa730df2810,2026-09-09 05:29:06.233162+00,,,9c2a0db3-c7e6-4d04-8b65-6cb56ec6b9f7,2026-09-09 05:20:59.714662+00
08c6eb16-e6df-4187-a811-8653c4a77d56,8667 7863 7616 0341,merchant_allocated,75eff299-f162-4427-8b08-04f404141ef9,2026-09-09 10:29:54.922115+00,,,9c2a0db3-c7e6-4d04-8b65-6cb56ec6b9f7,2026-09-09 10:16:46.810748+00
08c76f0a-5e29-45ee-90d6-50e563879c1a,2176 6567 3333 0026,unassigned,,,,,9c2a0db3-c7e6-4d04-8b65-6cb56ec6b9f7,2026-09-03 09:06:17.550685+00
08d6503d-103d-43a6-bb06-aaca46201080,2176 6567 3333 0393,unassigned,,,,,9c2a0db3-c7e6-4d04-8b65-6cb56ec6b9f7,2026-09-03 09:06:17.550685+00
08e5babb-1446-482c-b1d2-937f9ac458e5,8667 7863 7616 0056,merchant_allocated,75eff299-f162-4427-8b08-04f404141ef9,2026-09-09 10:29:54.922115+00,,,9c2a0db3-c7e6-4d04-8b65-6cb56ec6b9f7,2026-09-09 10:16:46.810748+00
08f3a035-91a8-4da7-acd9-1a0edd58a5b4,7567 5342 8633 0037,merchant_allocated,4bf2fb6b-bdf3-49d3-ac1b-1e6e746c6643,2026-07-21 16:11:58.441179+00,,,9c2a0db3-c7e6-4d04-8b65-6cb56ec6b9f7,2026-07-21 16:10:31.33396+00
09020381-e4ff-438e-909c-15d6b4f192ec,4555 8645 9367 0211,merchant_allocated,63c2aeec-7410-4c78-9a68-beb45b1c622c,2026-08-27 11:40:23.347781+00,,,9c2a0db3-c7e6-4d04-8b65-6cb56ec6b9f7,2026-08-27 11:34:13.556736+00
09038d06-376f-49ca-af12-b8c6f5f8f4fe,2173 6567 3333 0332,merchant_allocated,c74f8bef-6fd7-40f2-a363-1daa167d0439,2026-09-03 09:31:57.289663+00,,,9c2a0db3-c7e6-4d04-8b65-6cb56ec6b9f7,2026-09-03 09:26:26.769933+00
092c1fb1-8d92-4dc7-8ae8-79431ea8d19d,8667 7863 7616 0157,merchant_allocated,75eff299-f162-4427-8b08-04f404141ef9,2026-09-09 10:29:54.922115+00,,,9c2a0db3-c7e6-4d04-8b65-6cb56ec6b9f7,2026-09-09 10:16:46.810748+00
09347c32-1adf-4a12-a22e-b2973f4f6a95,8667 7863 7616 0292,merchant_allocated,75eff299-f162-4427-8b08-04f404141ef9,2026-09-09 10:29:54.922115+00,,,9c2a0db3-c7e6-4d04-8b65-6cb56ec6b9f7,2026-09-09 10:16:46.810748+00
095d045a-f6b8-44f5-b975-1fe60eadfe23,8667 7863 7616 0411,merchant_allocated,75eff299-f162-4427-8b08-04f404141ef9,2026-09-09 10:29:54.922115+00,,,9c2a0db3-c7e6-4d04-8b65-6cb56ec6b9f7,2026-09-09 10:16:46.810748+00
09605c2c-b08f-4a91-92b1-e6930fdebfd6,8667 7863 7616 0429,merchant_allocated,75eff299-f162-4427-8b08-04f404141ef9,2026-09-09 10:29:54.922115+00,,,9c2a0db3-c7e6-4d04-8b65-6cb56ec6b9f7,2026-09-09 10:16:46.810748+00
09971b35-ecc9-4d96-925c-674548b60723,2173 6567 3333 0379,merchant_allocated,c74f8bef-6fd7-40f2-a363-1daa167d0439,2026-09-03 09:31:57.289663+00,,,9c2a0db3-c7e6-4d04-8b65-6cb56ec6b9f7,2026-09-03 09:26:26.769933+00
09b9d964-0db9-4864-b943-8f998c571202,2176 6567 3333 0248,unassigned,,,,,9c2a0db3-c7e6-4d04-8b65-6cb56ec6b9f7,2026-09-03 09:06:17.550685+00
09c7a279-6086-466c-9530-c259f98d177a,8689 6453 5689 0050,merchant_allocated,bc3951f9-ff8c-436b-8322-e5dd6592ca4b,2026-09-05 05:47:39.366708+00,,,9c2a0db3-c7e6-4d04-8b65-6cb56ec6b9f7,2026-09-05 05:42:03.795053+00
09cea3f3-4e6c-42ed-9475-ddf588b8c83b,4555 8645 9367 0113,merchant_allocated,63c2aeec-7410-4c78-9a68-beb45b1c622c,2026-08-27 11:40:23.347781+00,,,9c2a0db3-c7e6-4d04-8b65-6cb56ec6b9f7,2026-08-27 11:34:13.556736+00
09d6a2d1-0d65-4622-bbd2-fec2133ee4d5,2173 6567 3333 0184,merchant_allocated,c74f8bef-6fd7-40f2-a363-1daa167d0439,2026-09-03 09:31:57.289663+00,,,9c2a0db3-c7e6-4d04-8b65-6cb56ec6b9f7,2026-09-03 09:26:26.769933+00
09e1a40e-c56a-4e48-a07f-e36f080b0e32,4555 8645 9367 0382,merchant_allocated,63c2aeec-7410-4c78-9a68-beb45b1c622c,2026-08-27 11:40:23.347781+00,,,9c2a0db3-c7e6-4d04-8b65-6cb56ec6b9f7,2026-08-27 11:34:13.556736+00
09f33176-94a3-4095-b3b6-7f235de0f5da,4555 8645 9367 0262,merchant_allocated,63c2aeec-7410-4c78-9a68-beb45b1c622c,2026-08-27 11:40:23.347781+00,,,9c2a0db3-c7e6-4d04-8b65-6cb56ec6b9f7,2026-08-27 11:34:13.556736+00
09f61d4f-55bd-461a-ac51-30f765dd1be9,7567 5342 8633 0013,merchant_allocated,4bf2fb6b-bdf3-49d3-ac1b-1e6e746c6643,2026-07-21 16:11:58.441179+00,,,9c2a0db3-c7e6-4d04-8b65-6cb56ec6b9f7,2026-07-21 16:10:31.33396+00
09fc4c44-e4af-4b6b-8fa8-f630e55e1f6d,8783 5621 8877 0324,merchant_allocated,b64a2ee7-5fc4-434d-9b92-1fa730df2810,2026-09-09 05:29:06.233162+00,,,9c2a0db3-c7e6-4d04-8b65-6cb56ec6b9f7,2026-09-09 05:20:59.714662+00
0a2d1647-63ae-4d26-9bf9-ad92201bb0d9,8667 7863 7616 0253,merchant_allocated,75eff299-f162-4427-8b08-04f404141ef9,2026-09-09 10:29:54.922115+00,,,9c2a0db3-c7e6-4d04-8b65-6cb56ec6b9f7,2026-09-09 10:16:46.810748+00
0a4fb970-ef91-4858-ae75-983a0f64b113,8667 7863 7616 0011,merchant_allocated,75eff299-f162-4427-8b08-04f404141ef9,2026-09-09 10:29:54.922115+00,,,9c2a0db3-c7e6-4d04-8b65-6cb56ec6b9f7,2026-09-09 10:16:46.810748+00
0a5d4a21-1cbc-4bb0-8ca2-54b8ceb6c12a,4555 8645 9367 0301,merchant_allocated,63c2aeec-7410-4c78-9a68-beb45b1c622c,2026-08-27 11:40:23.347781+00,,,9c2a0db3-c7e6-4d04-8b65-6cb56ec6b9f7,2026-08-27 11:34:13.556736+00
0a606cab-f6d0-4150-b12f-3f537da8003d,2173 6567 3333 0473,merchant_allocated,c74f8bef-6fd7-40f2-a363-1daa167d0439,2026-09-03 09:31:57.289663+00,,,9c2a0db3-c7e6-4d04-8b65-6cb56ec6b9f7,2026-09-03 09:26:26.769933+00
0a73100a-ecd0-45eb-860b-353e8b9ed21e,2176 6567 3333 0056,unassigned,,,,,9c2a0db3-c7e6-4d04-8b65-6cb56ec6b9f7,2026-09-03 09:06:17.550685+00
0a76a4c6-77c7-4b57-b020-7d77cec8abd0,8667 7863 7616 0273,merchant_allocated,75eff299-f162-4427-8b08-04f404141ef9,2026-09-09 10:29:54.922115+00,,,9c2a0db3-c7e6-4d04-8b65-6cb56ec6b9f7,2026-09-09 10:16:46.810748+00
0a8233f3-7205-4ad1-bb5c-7db9d3b502c9,4821 4444 0000 4500,member_linked,merch_  7,2026-08-03 17:46:28.931088+00,mem_merch_  7_silver_beauty_1,2026-08-03 17:56:50.815003+00,9c2a0db3-c7e6-4d04-8b65-6cb56ec6b9f7,2026-08-03 17:45:59.017505+00
0a94545d-1290-4ab2-ad72-00ef7bb2f492,7567 5342 8633 0031,merchant_allocated,4bf2fb6b-bdf3-49d3-ac1b-1e6e746c6643,2026-07-21 16:11:58.441179+00,,,9c2a0db3-c7e6-4d04-8b65-6cb56ec6b9f7,2026-07-21 16:10:31.33396+00
0a957ac8-eeef-4afa-ae3d-9951d26e1c8b,4555 8645 9367 0233,merchant_allocated,63c2aeec-7410-4c78-9a68-beb45b1c622c,2026-08-27 11:40:23.347781+00,,,9c2a0db3-c7e6-4d04-8b65-6cb56ec6b9f7,2026-08-27 11:34:13.556736+00
0ac5c48e-9d3e-4cce-8e8c-e83d5f1b1ff2,4555 8645 9367 0001,member_linked,63c2aeec-7410-4c78-9a68-beb45b1c622c,2026-08-27 11:40:23.347781+00,c3fdeec3-b9a8-4758-b3f8-279d902e1e43,2026-09-23 14:01:13.888919+00,9c2a0db3-c7e6-4d04-8b65-6cb56ec6b9f7,2026-08-27 11:34:13.556736+00
0ad390fb-c517-4f38-af42-a0df152c9bba,6635 8773 8388 0005,unassigned,,,,,9c2a0db3-c7e6-4d04-8b65-6cb56ec6b9f7,2026-08-19 07:38:00.609926+00
0af9a3eb-275b-4746-a6f6-5e3a6e11c333,2173 6567 3333 0026,merchant_allocated,c74f8bef-6fd7-40f2-a363-1daa167d0439,2026-09-03 09:31:57.289663+00,,,9c2a0db3-c7e6-4d04-8b65-6cb56ec6b9f7,2026-09-03 09:26:26.769933+00
0b0aa08c-01c5-4ad2-98ab-d6d045e1cae2,2173 6567 3333 0086,merchant_allocated,c74f8bef-6fd7-40f2-a363-1daa167d0439,2026-09-03 09:31:57.289663+00,,,9c2a0db3-c7e6-4d04-8b65-6cb56ec6b9f7,2026-09-03 09:26:26.769933+00
0b0bdc48-0591-46af-a211-ad45aeb7b608,8667 7863 7616 0280,merchant_allocated,75eff299-f162-4427-8b08-04f404141ef9,2026-09-09 10:29:54.922115+00,,,9c2a0db3-c7e6-4d04-8b65-6cb56ec6b9f7,2026-09-09 10:16:46.810748+00
0b118433-3e4b-4e90-a808-87d780a7a4f4,8783 5621 8877 0344,merchant_allocated,b64a2ee7-5fc4-434d-9b92-1fa730df2810,2026-09-09 05:29:06.233162+00,,,9c2a0db3-c7e6-4d04-8b65-6cb56ec6b9f7,2026-09-09 05:20:59.714662+00
0b1828ea-ba60-43cc-8008-896d6dcbe0e0,2173 6567 3333 0452,merchant_allocated,c74f8bef-6fd7-40f2-a363-1daa167d0439,2026-09-03 09:31:57.289663+00,,,9c2a0db3-c7e6-4d04-8b65-6cb56ec6b9f7,2026-09-03 09:26:26.769933+00
0b3512a4-b651-4b96-91dc-d5969bf1594c,4821 4444 0000 2900,member_linked,merch_  7,2026-08-03 17:46:28.931088+00,mem-0e3b579efefa397745a21162cb940394,2026-08-03 17:56:50.815003+00,9c2a0db3-c7e6-4d04-8b65-6cb56ec6b9f7,2026-08-03 17:45:59.017505+00
0b3eaa10-9b1d-4c3a-b194-03726666e447,8667 7863 7616 0439,merchant_allocated,75eff299-f162-4427-8b08-04f404141ef9,2026-09-09 10:29:54.922115+00,,,9c2a0db3-c7e6-4d04-8b65-6cb56ec6b9f7,2026-09-09 10:16:46.810748+00
0b4b6289-4f9d-4aaf-959e-9153119039af,4555 8645 9367 0250,merchant_allocated,63c2aeec-7410-4c78-9a68-beb45b1c622c,2026-08-27 11:40:23.347781+00,,,9c2a0db3-c7e6-4d04-8b65-6cb56ec6b9f7,2026-08-27 11:34:13.556736+00
0b5b34a2-7503-4f39-83e2-7762fdf40595,4821 6739 0000 3900,merchant_allocated,merch_  6,2026-07-28 06:48:05.660888+00,,,9c2a0db3-c7e6-4d04-8b65-6cb56ec6b9f7,2026-07-28 06:47:38.92065+00
0b7c3114-3a70-4edb-9aac-d78e7429a998,8667 7863 7616 0093,merchant_allocated,75eff299-f162-4427-8b08-04f404141ef9,2026-09-09 10:29:54.922115+00,,,9c2a0db3-c7e6-4d04-8b65-6cb56ec6b9f7,2026-09-09 10:16:46.810748+00
0ba1ae6b-cb9c-4c28-b7c1-334f8360671e,8783 5621 8877 0442,merchant_allocated,b64a2ee7-5fc4-434d-9b92-1fa730df2810,2026-09-09 05:29:06.233162+00,,,9c2a0db3-c7e6-4d04-8b65-6cb56ec6b9f7,2026-09-09 05:20:59.714662+00
0bc56f7d-6d6f-424a-a7df-3b1df3b1b64f,2176 6567 3333 0170,unassigned,,,,,9c2a0db3-c7e6-4d04-8b65-6cb56ec6b9f7,2026-09-03 09:06:17.550685+00
0c341b2b-9f7e-445a-b4b4-be431ef21a09,2173 6567 3333 0061,merchant_allocated,c74f8bef-6fd7-40f2-a363-1daa167d0439,2026-09-03 09:31:57.289663+00,,,9c2a0db3-c7e6-4d04-8b65-6cb56ec6b9f7,2026-09-03 09:26:26.769933+00
0c69a3ad-9d00-4c6e-87f9-484749f317a6,8689 6453 5689 0045,merchant_allocated,bc3951f9-ff8c-436b-8322-e5dd6592ca4b,2026-09-05 05:47:39.366708+00,,,9c2a0db3-c7e6-4d04-8b65-6cb56ec6b9f7,2026-09-05 05:42:03.795053+00
0c72f91a-d54c-4799-a0ac-c484a5cfc8fc,2173 6567 3333 0070,merchant_allocated,c74f8bef-6fd7-40f2-a363-1daa167d0439,2026-09-03 09:31:57.289663+00,,,9c2a0db3-c7e6-4d04-8b65-6cb56ec6b9f7,2026-09-03 09:26:26.769933+00
0c7d9d14-3cf2-43cd-aed3-0e8f92434862,2176 6567 3333 0084,unassigned,,,,,9c2a0db3-c7e6-4d04-8b65-6cb56ec6b9f7,2026-09-03 09:06:17.550685+00
0c829b4e-b2c9-49fa-b442-42a6a630ee51,2176 6567 3333 0060,unassigned,,,,,9c2a0db3-c7e6-4d04-8b65-6cb56ec6b9f7,2026-09-03 09:06:17.550685+00
0c8bfbee-c755-4eff-8b4d-e317b1ba3b16,4555 8645 9367 0245,merchant_allocated,63c2aeec-7410-4c78-9a68-beb45b1c622c,2026-08-27 11:40:23.347781+00,,,9c2a0db3-c7e6-4d04-8b65-6cb56ec6b9f7,2026-08-27 11:34:13.556736+00
0c9069c9-42ad-4417-9243-2d82d21393f2,4555 8645 9367 0364,merchant_allocated,63c2aeec-7410-4c78-9a68-beb45b1c622c,2026-08-27 11:40:23.347781+00,,,9c2a0db3-c7e6-4d04-8b65-6cb56ec6b9f7,2026-08-27 11:34:13.556736+00
0c91f40f-92ac-48a9-b0c0-239be71c1c5a,8783 5621 8877 0296,merchant_allocated,b64a2ee7-5fc4-434d-9b92-1fa730df2810,2026-09-09 05:29:06.233162+00,,,9c2a0db3-c7e6-4d04-8b65-6cb56ec6b9f7,2026-09-09 05:20:59.714662+00
0c97a478-f259-4328-b8a8-3b0cdf508689,2176 6567 3333 0406,unassigned,,,,,9c2a0db3-c7e6-4d04-8b65-6cb56ec6b9f7,2026-09-03 09:06:17.550685+00
0caebd1a-a46c-4ff2-8682-6ffc5ec8f27c,8667 7863 7616 0221,merchant_allocated,75eff299-f162-4427-8b08-04f404141ef9,2026-09-09 10:29:54.922115+00,,,9c2a0db3-c7e6-4d04-8b65-6cb56ec6b9f7,2026-09-09 10:16:46.810748+00
0cbcd5f6-29e5-4e61-953e-447577a14390,2173 6567 3333 0428,merchant_allocated,c74f8bef-6fd7-40f2-a363-1daa167d0439,2026-09-03 09:31:57.289663+00,,,9c2a0db3-c7e6-4d04-8b65-6cb56ec6b9f7,2026-09-03 09:26:26.769933+00
0cbff847-c08a-4d6e-8466-4ebc998c71a5,8783 5621 8877 0010,merchant_allocated,b64a2ee7-5fc4-434d-9b92-1fa730df2810,2026-09-09 05:29:06.233162+00,,,9c2a0db3-c7e6-4d04-8b65-6cb56ec6b9f7,2026-09-09 05:20:59.714662+00
0cc66a0e-a314-4bec-b8b6-a6f8ab6944eb,8783 5621 8877 0394,merchant_allocated,b64a2ee7-5fc4-434d-9b92-1fa730df2810,2026-09-09 05:29:06.233162+00,,,9c2a0db3-c7e6-4d04-8b65-6cb56ec6b9f7,2026-09-09 05:20:59.714662+00
0d281f2c-a8aa-4601-9d44-2971059685a9,7567 5342 8633 0005,merchant_allocated,4bf2fb6b-bdf3-49d3-ac1b-1e6e746c6643,2026-07-21 16:11:58.441179+00,,,9c2a0db3-c7e6-4d04-8b65-6cb56ec6b9f7,2026-07-21 16:10:31.33396+00
0d3d878d-5490-4aac-97fe-5b39c45aa547,4555 8645 9367 0395,merchant_allocated,63c2aeec-7410-4c78-9a68-beb45b1c622c,2026-08-27 11:40:23.347781+00,,,9c2a0db3-c7e6-4d04-8b65-6cb56ec6b9f7,2026-08-27 11:34:13.556736+00
0d4c026d-7249-4068-b5c1-769724dd4565,7567 5342 8633 0088,merchant_allocated,4bf2fb6b-bdf3-49d3-ac1b-1e6e746c6643,2026-07-21 16:11:58.441179+00,,,9c2a0db3-c7e6-4d04-8b65-6cb56ec6b9f7,2026-07-21 16:10:31.33396+00
0d4fa20b-2c79-4e34-a0fc-ec470e4d3e74,4555 8645 9367 0319,merchant_allocated,63c2aeec-7410-4c78-9a68-beb45b1c622c,2026-08-27 11:40:23.347781+00,,,9c2a0db3-c7e6-4d04-8b65-6cb56ec6b9f7,2026-08-27 11:34:13.556736+00
0d6e8a75-6828-4c89-bd95-72220978a19a,8667 7863 7616 0345,merchant_allocated,75eff299-f162-4427-8b08-04f404141ef9,2026-09-09 10:29:54.922115+00,,,9c2a0db3-c7e6-4d04-8b65-6cb56ec6b9f7,2026-09-09 10:16:46.810748+00
0d7dc3ff-de27-445d-aa24-6d980a950351,8783 5621 8877 0181,merchant_allocated,b64a2ee7-5fc4-434d-9b92-1fa730df2810,2026-09-09 05:29:06.233162+00,,,9c2a0db3-c7e6-4d04-8b65-6cb56ec6b9f7,2026-09-09 05:20:59.714662+00
0d85a20a-6b37-49e0-b6d1-7646f68cf37c,2173 6567 3333 0369,merchant_allocated,c74f8bef-6fd7-40f2-a363-1daa167d0439,2026-09-03 09:31:57.289663+00,,,9c2a0db3-c7e6-4d04-8b65-6cb56ec6b9f7,2026-09-03 09:26:26.769933+00
0d95d561-80bd-4a66-8dc4-07abefe25446,2176 6567 3333 0290,unassigned,,,,,9c2a0db3-c7e6-4d04-8b65-6cb56ec6b9f7,2026-09-03 09:06:17.550685+00
0dda6649-5a6e-4c13-8e7f-6aaede653e3d,2173 6567 3333 0326,merchant_allocated,c74f8bef-6fd7-40f2-a363-1daa167d0439,2026-09-03 09:31:57.289663+00,,,9c2a0db3-c7e6-4d04-8b65-6cb56ec6b9f7,2026-09-03 09:26:26.769933+00
0deb5176-b483-4d42-ad3f-c13816dd9a9e,5656 7477 9399 0006,member_linked,9f5a3fe4-f21f-4fed-beaf-67dcb9c6cffc,2026-07-22 09:15:44.905092+00,mem_ea2bc841-f304-4a67-91db-c58ee4fa3273_1,2026-07-22 16:17:06.725003+00,9c2a0db3-c7e6-4d04-8b65-6cb56ec6b9f7,2026-07-22 09:14:18.287281+00
0e02ddc3-900a-4c00-b027-7b99a22fe9e8,2173 6567 3333 0410,merchant_allocated,c74f8bef-6fd7-40f2-a363-1daa167d0439,2026-09-03 09:31:57.289663+00,,,9c2a0db3-c7e6-4d04-8b65-6cb56ec6b9f7,2026-09-03 09:26:26.769933+00
0e20e4b4-78de-4100-99e2-730974dc9864,8783 5621 8877 0391,merchant_allocated,b64a2ee7-5fc4-434d-9b92-1fa730df2810,2026-09-09 05:29:06.233162+00,,,9c2a0db3-c7e6-4d04-8b65-6cb56ec6b9f7,2026-09-09 05:20:59.714662+00
0e582886-29e1-4c36-9dba-7dc766413c16,2176 6567 3333 0166,unassigned,,,,,9c2a0db3-c7e6-4d04-8b65-6cb56ec6b9f7,2026-09-03 09:06:17.550685+00
0e5d0bcb-20fa-457c-896a-46cd6d91d762,2176 6567 3333 0498,unassigned,,,,,9c2a0db3-c7e6-4d04-8b65-6cb56ec6b9f7,2026-09-03 09:06:17.550685+00
0e8f2a37-d8d2-4c09-b851-aecec152f96b,4555 8645 9367 0104,merchant_allocated,63c2aeec-7410-4c78-9a68-beb45b1c622c,2026-08-27 11:40:23.347781+00,,,9c2a0db3-c7e6-4d04-8b65-6cb56ec6b9f7,2026-08-27 11:34:13.556736+00
0eb67714-87af-4f98-b708-8b7b8f027ecc,2173 6567 3333 0295,merchant_allocated,c74f8bef-6fd7-40f2-a363-1daa167d0439,2026-09-03 09:31:57.289663+00,,,9c2a0db3-c7e6-4d04-8b65-6cb56ec6b9f7,2026-09-03 09:26:26.769933+00
0ec15bd0-db01-49dc-8fa6-31964c4f6226,8783 5621 8877 0173,merchant_allocated,b64a2ee7-5fc4-434d-9b92-1fa730df2810,2026-09-09 05:29:06.233162+00,,,9c2a0db3-c7e6-4d04-8b65-6cb56ec6b9f7,2026-09-09 05:20:59.714662+00
0edb817f-faf1-4aa3-b780-5c2627749865,8667 7863 7616 0156,merchant_allocated,75eff299-f162-4427-8b08-04f404141ef9,2026-09-09 10:29:54.922115+00,,,9c2a0db3-c7e6-4d04-8b65-6cb56ec6b9f7,2026-09-09 10:16:46.810748+00
0eebe0e5-9f87-49d8-a55c-0ad11475a3ce,4555 8645 9367 0097,merchant_allocated,63c2aeec-7410-4c78-9a68-beb45b1c622c,2026-08-27 11:40:23.347781+00,,,9c2a0db3-c7e6-4d04-8b65-6cb56ec6b9f7,2026-08-27 11:34:13.556736+00
0f0ffd15-5a8e-48ea-ab7a-87ef926c84e5,2176 6567 3333 0258,unassigned,,,,,9c2a0db3-c7e6-4d04-8b65-6cb56ec6b9f7,2026-09-03 09:06:17.550685+00
0f1eda32-6161-4a7c-97ee-4ce8a5f4aae1,8783 5621 8877 0225,merchant_allocated,b64a2ee7-5fc4-434d-9b92-1fa730df2810,2026-09-09 05:29:06.233162+00,,,9c2a0db3-c7e6-4d04-8b65-6cb56ec6b9f7,2026-09-09 05:20:59.714662+00
0f201476-c757-4c4f-8dd2-49bf47edd05b,4555 8645 9367 0252,merchant_allocated,63c2aeec-7410-4c78-9a68-beb45b1c622c,2026-08-27 11:40:23.347781+00,,,9c2a0db3-c7e6-4d04-8b65-6cb56ec6b9f7,2026-08-27 11:34:13.556736+00
0f25edc1-a8e9-4803-8c3c-cd4b947f360e,4555 8645 9367 0477,merchant_allocated,63c2aeec-7410-4c78-9a68-beb45b1c622c,2026-08-27 11:40:23.347781+00,,,9c2a0db3-c7e6-4d04-8b65-6cb56ec6b9f7,2026-08-27 11:34:13.556736+00
0f3cb778-43f2-49a7-bff3-cb96f8fb7dad,8667 7863 7616 0331,merchant_allocated,75eff299-f162-4427-8b08-04f404141ef9,2026-09-09 10:29:54.922115+00,,,9c2a0db3-c7e6-4d04-8b65-6cb56ec6b9f7,2026-09-09 10:16:46.810748+00
0f41c916-4707-4991-88c4-8de938ceaa6c,4555 8645 9367 0353,merchant_allocated,63c2aeec-7410-4c78-9a68-beb45b1c622c,2026-08-27 11:40:23.347781+00,,,9c2a0db3-c7e6-4d04-8b65-6cb56ec6b9f7,2026-08-27 11:34:13.556736+00
0f75072e-f124-4750-8205-8c80b84a864b,8783 5621 8877 0313,merchant_allocated,b64a2ee7-5fc4-434d-9b92-1fa730df2810,2026-09-09 05:29:06.233162+00,,,9c2a0db3-c7e6-4d04-8b65-6cb56ec6b9f7,2026-09-09 05:20:59.714662+00
0f902917-847f-452c-98c3-bbb9e2e3f22f,2173 6567 3333 0345,merchant_allocated,c74f8bef-6fd7-40f2-a363-1daa167d0439,2026-09-03 09:31:57.289663+00,,,9c2a0db3-c7e6-4d04-8b65-6cb56ec6b9f7,2026-09-03 09:26:26.769933+00
0f93c169-3440-4714-8a9e-e4bc0d8d539c,8667 7863 7616 0493,merchant_allocated,75eff299-f162-4427-8b08-04f404141ef9,2026-09-09 10:29:54.922115+00,,,9c2a0db3-c7e6-4d04-8b65-6cb56ec6b9f7,2026-09-09 10:16:46.810748+00
0f9746b9-922a-47ff-aadc-da6c81140ea6,8783 5621 8877 0458,merchant_allocated,b64a2ee7-5fc4-434d-9b92-1fa730df2810,2026-09-09 05:29:06.233162+00,,,9c2a0db3-c7e6-4d04-8b65-6cb56ec6b9f7,2026-09-09 05:20:59.714662+00
0fa08433-859a-4aa6-983b-6ce3f9fb48d7,8667 7863 7616 0144,merchant_allocated,75eff299-f162-4427-8b08-04f404141ef9,2026-09-09 10:29:54.922115+00,,,9c2a0db3-c7e6-4d04-8b65-6cb56ec6b9f7,2026-09-09 10:16:46.810748+00
0fb6fd23-67d4-4b56-b391-fe437c7e497a,4821 4444 0000 4700,member_linked,merch_  7,2026-08-03 17:46:28.931088+00,mem-27df0ea3c95f20b238b999ea9c157c09,2026-08-03 17:56:50.815003+00,9c2a0db3-c7e6-4d04-8b65-6cb56ec6b9f7,2026-08-03 17:45:59.017505+00
0fc39259-bc88-432d-b54d-e9064937a340,7567 5342 8633 0063,merchant_allocated,4bf2fb6b-bdf3-49d3-ac1b-1e6e746c6643,2026-07-21 16:11:58.441179+00,,,9c2a0db3-c7e6-4d04-8b65-6cb56ec6b9f7,2026-07-21 16:10:31.33396+00
0fd6e16a-f695-4f31-ba58-399eb92fbe50,2173 6567 3333 0402,merchant_allocated,c74f8bef-6fd7-40f2-a363-1daa167d0439,2026-09-03 09:31:57.289663+00,,,9c2a0db3-c7e6-4d04-8b65-6cb56ec6b9f7,2026-09-03 09:26:26.769933+00
0fd768b7-3ed5-4a5f-bb38-ce428ec64650,4555 8645 9367 0464,merchant_allocated,63c2aeec-7410-4c78-9a68-beb45b1c622c,2026-08-27 11:40:23.347781+00,,,9c2a0db3-c7e6-4d04-8b65-6cb56ec6b9f7,2026-08-27 11:34:13.556736+00
0fdabbbc-0c86-46df-be25-969371f6dac1,8783 5621 8877 0244,merchant_allocated,b64a2ee7-5fc4-434d-9b92-1fa730df2810,2026-09-09 05:29:06.233162+00,,,9c2a0db3-c7e6-4d04-8b65-6cb56ec6b9f7,2026-09-09 05:20:59.714662+00
0fde912f-7aa8-46a8-96d6-1a3800a3b146,7567 5342 8633 0058,merchant_allocated,4bf2fb6b-bdf3-49d3-ac1b-1e6e746c6643,2026-07-21 16:11:58.441179+00,,,9c2a0db3-c7e6-4d04-8b65-6cb56ec6b9f7,2026-07-21 16:10:31.33396+00
0fe190ef-63db-4c6b-bee7-43964e8765a4,8667 7863 7616 0324,merchant_allocated,75eff299-f162-4427-8b08-04f404141ef9,2026-09-09 10:29:54.922115+00,,,9c2a0db3-c7e6-4d04-8b65-6cb56ec6b9f7,2026-09-09 10:16:46.810748+00
0fecba72-547d-4f33-8a72-c533f0faf117,4555 8645 9367 0165,merchant_allocated,63c2aeec-7410-4c78-9a68-beb45b1c622c,2026-08-27 11:40:23.347781+00,,,9c2a0db3-c7e6-4d04-8b65-6cb56ec6b9f7,2026-08-27 11:34:13.556736+00
0fed5be3-3a83-4d7b-9c56-1ca02302fc22,2173 6567 3333 0381,merchant_allocated,c74f8bef-6fd7-40f2-a363-1daa167d0439,2026-09-03 09:31:57.289663+00,,,9c2a0db3-c7e6-4d04-8b65-6cb56ec6b9f7,2026-09-03 09:26:26.769933+00
0ff26796-9b73-4385-8ba4-c50035ab729c,2173 6567 3333 0145,merchant_allocated,c74f8bef-6fd7-40f2-a363-1daa167d0439,2026-09-03 09:31:57.289663+00,,,9c2a0db3-c7e6-4d04-8b65-6cb56ec6b9f7,2026-09-03 09:26:26.769933+00
10043381-ba57-4173-83b5-fa14dd6ccca5,2173 6567 3333 0270,merchant_allocated,c74f8bef-6fd7-40f2-a363-1daa167d0439,2026-09-03 09:31:57.289663+00,,,9c2a0db3-c7e6-4d04-8b65-6cb56ec6b9f7,2026-09-03 09:26:26.769933+00
10053a4b-9c52-47f8-8938-e8f0f03737da,2176 6567 3333 0198,unassigned,,,,,9c2a0db3-c7e6-4d04-8b65-6cb56ec6b9f7,2026-09-03 09:06:17.550685+00
101631e8-0ee7-425a-ae9e-f60eac24e745,2173 6567 3333 0337,merchant_allocated,c74f8bef-6fd7-40f2-a363-1daa167d0439,2026-09-03 09:31:57.289663+00,,,9c2a0db3-c7e6-4d04-8b65-6cb56ec6b9f7,2026-09-03 09:26:26.769933+00
1028b02a-3e31-41d2-afaa-1fcb5c0a6136,4555 8645 9367 0258,merchant_allocated,63c2aeec-7410-4c78-9a68-beb45b1c622c,2026-08-27 11:40:23.347781+00,,,9c2a0db3-c7e6-4d04-8b65-6cb56ec6b9f7,2026-08-27 11:34:13.556736+00
102b0960-9726-4291-87c2-bbd3a37eb42d,4555 8645 9367 0036,merchant_allocated,63c2aeec-7410-4c78-9a68-beb45b1c622c,2026-08-27 11:40:23.347781+00,,,9c2a0db3-c7e6-4d04-8b65-6cb56ec6b9f7,2026-08-27 11:34:13.556736+00
104ed0a5-7595-4d02-9cd7-fa1282ccd8e9,8783 5621 8877 0303,member_linked,b64a2ee7-5fc4-434d-9b92-1fa730df2810,2026-09-09 05:29:06.233162+00,0010c976-8d21-4769-a2e4-12c4960adc01,2026-09-16 12:08:16.265245+00,9c2a0db3-c7e6-4d04-8b65-6cb56ec6b9f7,2026-09-09 05:20:59.714662+00
10b3cccc-477e-49a3-8161-5e18c3b4c5e2,2173 6567 3333 0095,merchant_allocated,c74f8bef-6fd7-40f2-a363-1daa167d0439,2026-09-03 09:31:57.289663+00,,,9c2a0db3-c7e6-4d04-8b65-6cb56ec6b9f7,2026-09-03 09:26:26.769933+00
10c2ae4a-4b00-4aa7-9cb1-a2ecb537d084,8783 5621 8877 0347,merchant_allocated,b64a2ee7-5fc4-434d-9b92-1fa730df2810,2026-09-09 05:29:06.233162+00,,,9c2a0db3-c7e6-4d04-8b65-6cb56ec6b9f7,2026-09-09 05:20:59.714662+00
10cd30d4-8f3c-4515-94ab-5ebc1f87aa58,4555 8645 9367 0470,merchant_allocated,63c2aeec-7410-4c78-9a68-beb45b1c622c,2026-08-27 11:40:23.347781+00,,,9c2a0db3-c7e6-4d04-8b65-6cb56ec6b9f7,2026-08-27 11:34:13.556736+00
10f10a24-9496-4201-ac03-472748beb3fe,8667 7863 7616 0459,merchant_allocated,75eff299-f162-4427-8b08-04f404141ef9,2026-09-09 10:29:54.922115+00,,,9c2a0db3-c7e6-4d04-8b65-6cb56ec6b9f7,2026-09-09 10:16:46.810748+00
10fce8ea-8c03-40cc-baae-5f901d807349,2176 6567 3333 0312,unassigned,,,,,9c2a0db3-c7e6-4d04-8b65-6cb56ec6b9f7,2026-09-03 09:06:17.550685+00
112c20ea-a8ba-4124-9983-ab046acc75b9,2176 6567 3333 0087,unassigned,,,,,9c2a0db3-c7e6-4d04-8b65-6cb56ec6b9f7,2026-09-03 09:06:17.550685+00
116780e8-8f29-4245-997f-a0ec07176e58,2173 6567 3333 0422,merchant_allocated,c74f8bef-6fd7-40f2-a363-1daa167d0439,2026-09-03 09:31:57.289663+00,,,9c2a0db3-c7e6-4d04-8b65-6cb56ec6b9f7,2026-09-03 09:26:26.769933+00
116bbf73-eb49-4073-bc4c-16dde46226f4,4555 8645 9367 0206,merchant_allocated,63c2aeec-7410-4c78-9a68-beb45b1c622c,2026-08-27 11:40:23.347781+00,,,9c2a0db3-c7e6-4d04-8b65-6cb56ec6b9f7,2026-08-27 11:34:13.556736+00
118421c9-f52e-4f8b-9190-9ed5eac7df9c,2176 6567 3333 0177,unassigned,,,,,9c2a0db3-c7e6-4d04-8b65-6cb56ec6b9f7,2026-09-03 09:06:17.550685+00
118af5bc-5c99-4d05-9297-6b329d3195a1,2173 6567 3333 0176,merchant_allocated,c74f8bef-6fd7-40f2-a363-1daa167d0439,2026-09-03 09:31:57.289663+00,,,9c2a0db3-c7e6-4d04-8b65-6cb56ec6b9f7,2026-09-03 09:26:26.769933+00
11b548d6-b17e-47eb-8ff0-a6764d5a3f29,2173 6567 3333 0048,merchant_allocated,c74f8bef-6fd7-40f2-a363-1daa167d0439,2026-09-03 09:31:57.289663+00,,,9c2a0db3-c7e6-4d04-8b65-6cb56ec6b9f7,2026-09-03 09:26:26.769933+00
11cd4f46-d393-42a0-9c91-341f896d30b2,2173 6567 3333 0178,merchant_allocated,c74f8bef-6fd7-40f2-a363-1daa167d0439,2026-09-03 09:31:57.289663+00,,,9c2a0db3-c7e6-4d04-8b65-6cb56ec6b9f7,2026-09-03 09:26:26.769933+00
11d0d86f-97c6-4a55-b5ba-2182ea812552,8783 5621 8877 0361,merchant_allocated,b64a2ee7-5fc4-434d-9b92-1fa730df2810,2026-09-09 05:29:06.233162+00,,,9c2a0db3-c7e6-4d04-8b65-6cb56ec6b9f7,2026-09-09 05:20:59.714662+00
11d6873c-6769-4fe4-aed5-8f8bcd6f7e91,8667 7863 7616 0026,merchant_allocated,75eff299-f162-4427-8b08-04f404141ef9,2026-09-09 10:29:54.922115+00,,,9c2a0db3-c7e6-4d04-8b65-6cb56ec6b9f7,2026-09-09 10:16:46.810748+00
11e64598-9484-480f-a8a9-05765e4211a8,4555 8645 9367 0119,merchant_allocated,63c2aeec-7410-4c78-9a68-beb45b1c622c,2026-08-27 11:40:23.347781+00,,,9c2a0db3-c7e6-4d04-8b65-6cb56ec6b9f7,2026-08-27 11:34:13.556736+00
11e9071b-9525-47ee-8f39-c8f1567b3b25,2176 6567 3333 0401,unassigned,,,,,9c2a0db3-c7e6-4d04-8b65-6cb56ec6b9f7,2026-09-03 09:06:17.550685+00
11f1652f-f91e-421c-8adb-5335bda47c82,2176 6567 3333 0013,unassigned,,,,,9c2a0db3-c7e6-4d04-8b65-6cb56ec6b9f7,2026-09-03 09:06:17.550685+00
11fa8fc2-a269-4345-82ed-069be476d0e2,2173 6567 3333 0164,merchant_allocated,c74f8bef-6fd7-40f2-a363-1daa167d0439,2026-09-03 09:31:57.289663+00,,,9c2a0db3-c7e6-4d04-8b65-6cb56ec6b9f7,2026-09-03 09:26:26.769933+00
1228b942-bcf3-47a7-8535-6cfcefd3af36,2173 6567 3333 0487,merchant_allocated,c74f8bef-6fd7-40f2-a363-1daa167d0439,2026-09-03 09:31:57.289663+00,,,9c2a0db3-c7e6-4d04-8b65-6cb56ec6b9f7,2026-09-03 09:26:26.769933+00
12619b65-cbd2-446e-9ec3-0fdd1a4decd1,8667 7863 7616 0188,merchant_allocated,75eff299-f162-4427-8b08-04f404141ef9,2026-09-09 10:29:54.922115+00,,,9c2a0db3-c7e6-4d04-8b65-6cb56ec6b9f7,2026-09-09 10:16:46.810748+00
126f3056-e86f-49b4-add7-65c93eb6e845,8783 5621 8877 0210,merchant_allocated,b64a2ee7-5fc4-434d-9b92-1fa730df2810,2026-09-09 05:29:06.233162+00,,,9c2a0db3-c7e6-4d04-8b65-6cb56ec6b9f7,2026-09-09 05:20:59.714662+00
1290dc3c-2990-42f1-8cd1-eb2627a4c966,2176 6567 3333 0181,unassigned,,,,,9c2a0db3-c7e6-4d04-8b65-6cb56ec6b9f7,2026-09-03 09:06:17.550685+00
12980155-e518-4eb4-bb8e-da5aa0fd0892,4555 8645 9367 0472,merchant_allocated,63c2aeec-7410-4c78-9a68-beb45b1c622c,2026-08-27 11:40:23.347781+00,,,9c2a0db3-c7e6-4d04-8b65-6cb56ec6b9f7,2026-08-27 11:34:13.556736+00
12a253ca-c8f9-4169-a9fe-2ef44fc3159a,7567 5342 8633 0096,merchant_allocated,4bf2fb6b-bdf3-49d3-ac1b-1e6e746c6643,2026-07-21 16:11:58.441179+00,,,9c2a0db3-c7e6-4d04-8b65-6cb56ec6b9f7,2026-07-21 16:10:31.33396+00
12ec1b3f-bee1-4b10-a15f-b2a56da73517,4555 8645 9367 0085,merchant_allocated,63c2aeec-7410-4c78-9a68-beb45b1c622c,2026-08-27 11:40:23.347781+00,,,9c2a0db3-c7e6-4d04-8b65-6cb56ec6b9f7,2026-08-27 11:34:13.556736+00
12efab48-c506-4e8c-a882-69543a345010,8667 7863 7616 0291,merchant_allocated,75eff299-f162-4427-8b08-04f404141ef9,2026-09-09 10:29:54.922115+00,,,9c2a0db3-c7e6-4d04-8b65-6cb56ec6b9f7,2026-09-09 10:16:46.810748+00
132b39a7-3bde-4f4c-aa5b-8e7162352db4,8689 6453 5689 0090,merchant_allocated,bc3951f9-ff8c-436b-8322-e5dd6592ca4b,2026-09-05 05:47:39.366708+00,,,9c2a0db3-c7e6-4d04-8b65-6cb56ec6b9f7,2026-09-05 05:42:03.795053+00
1341abf0-4314-434b-bd64-24782b6a793d,2176 6567 3333 0120,unassigned,,,,,9c2a0db3-c7e6-4d04-8b65-6cb56ec6b9f7,2026-09-03 09:06:17.550685+00
134c3911-afba-4d1d-88d4-814efabffb35,8783 5621 8877 0182,merchant_allocated,b64a2ee7-5fc4-434d-9b92-1fa730df2810,2026-09-09 05:29:06.233162+00,,,9c2a0db3-c7e6-4d04-8b65-6cb56ec6b9f7,2026-09-09 05:20:59.714662+00
135d99f2-ca65-4d3d-8e03-74db514bd31d,7567 5342 8633 0069,merchant_allocated,4bf2fb6b-bdf3-49d3-ac1b-1e6e746c6643,2026-07-21 16:11:58.441179+00,,,9c2a0db3-c7e6-4d04-8b65-6cb56ec6b9f7,2026-07-21 16:10:31.33396+00
1365e10d-dbf5-4e7c-bdeb-2f3af9778e8c,4821 6739 0000 0500,merchant_allocated,merch_  6,2026-07-28 06:48:05.660888+00,,,9c2a0db3-c7e6-4d04-8b65-6cb56ec6b9f7,2026-07-28 06:47:38.92065+00
137a7470-254f-403d-8ba7-110f8921058d,2176 6567 3333 0224,unassigned,,,,,9c2a0db3-c7e6-4d04-8b65-6cb56ec6b9f7,2026-09-03 09:06:17.550685+00
138b57f1-215b-4dfe-a0e5-743ab07ea5da,4555 8645 9367 0407,merchant_allocated,63c2aeec-7410-4c78-9a68-beb45b1c622c,2026-08-27 11:40:23.347781+00,,,9c2a0db3-c7e6-4d04-8b65-6cb56ec6b9f7,2026-08-27 11:34:13.556736+00
1392ba04-5868-41d3-9a44-017a7c9d7ff8,2176 6567 3333 0400,unassigned,,,,,9c2a0db3-c7e6-4d04-8b65-6cb56ec6b9f7,2026-09-03 09:06:17.550685+00
13a5ff21-1781-4c6c-b5df-19d34ca5ed0d,8667 7863 7616 0317,merchant_allocated,75eff299-f162-4427-8b08-04f404141ef9,2026-09-09 10:29:54.922115+00,,,9c2a0db3-c7e6-4d04-8b65-6cb56ec6b9f7,2026-09-09 10:16:46.810748+00
13a9f3b9-7cc9-4ca9-b6bc-a1e68004fab9,8667 7863 7616 0373,merchant_allocated,75eff299-f162-4427-8b08-04f404141ef9,2026-09-09 10:29:54.922115+00,,,9c2a0db3-c7e6-4d04-8b65-6cb56ec6b9f7,2026-09-09 10:16:46.810748+00
13cbf7d7-1a47-4af5-b5f8-890e3927f209,8783 5621 8877 0486,merchant_allocated,b64a2ee7-5fc4-434d-9b92-1fa730df2810,2026-09-09 05:29:06.233162+00,,,9c2a0db3-c7e6-4d04-8b65-6cb56ec6b9f7,2026-09-09 05:20:59.714662+00
13de28b9-fac8-46dc-b379-20586142f5d9,8667 7863 7616 0371,merchant_allocated,75eff299-f162-4427-8b08-04f404141ef9,2026-09-09 10:29:54.922115+00,,,9c2a0db3-c7e6-4d04-8b65-6cb56ec6b9f7,2026-09-09 10:16:46.810748+00
13fb40ea-e87c-45c3-9171-27441ec7ca28,2176 6567 3333 0118,unassigned,,,,,9c2a0db3-c7e6-4d04-8b65-6cb56ec6b9f7,2026-09-03 09:06:17.550685+00
13fd4fb5-0905-49bc-b9a1-eaeee0bda4da,4555 8645 9367 0240,merchant_allocated,63c2aeec-7410-4c78-9a68-beb45b1c622c,2026-08-27 11:40:23.347781+00,,,9c2a0db3-c7e6-4d04-8b65-6cb56ec6b9f7,2026-08-27 11:34:13.556736+00
1422bdbb-0bfe-4912-9dfe-58cabdf1c7b2,2173 6567 3333 0084,merchant_allocated,c74f8bef-6fd7-40f2-a363-1daa167d0439,2026-09-03 09:31:57.289663+00,,,9c2a0db3-c7e6-4d04-8b65-6cb56ec6b9f7,2026-09-03 09:26:26.769933+00
1437fb45-1a96-4d87-aac1-f3b7d75164ab,8667 7863 7616 0309,merchant_allocated,75eff299-f162-4427-8b08-04f404141ef9,2026-09-09 10:29:54.922115+00,,,9c2a0db3-c7e6-4d04-8b65-6cb56ec6b9f7,2026-09-09 10:16:46.810748+00
143a14aa-6f86-4b58-b69d-48dd65ce26d8,4555 8645 9367 0194,merchant_allocated,63c2aeec-7410-4c78-9a68-beb45b1c622c,2026-08-27 11:40:23.347781+00,,,9c2a0db3-c7e6-4d04-8b65-6cb56ec6b9f7,2026-08-27 11:34:13.556736+00
14463600-973e-4d7d-b415-1adbe1541d3b,4555 8645 9367 0022,merchant_allocated,63c2aeec-7410-4c78-9a68-beb45b1c622c,2026-08-27 11:40:23.347781+00,,,9c2a0db3-c7e6-4d04-8b65-6cb56ec6b9f7,2026-08-27 11:34:13.556736+00
145561f7-fb49-40e9-a7f1-fba46374c076,4555 8645 9367 0078,merchant_allocated,63c2aeec-7410-4c78-9a68-beb45b1c622c,2026-08-27 11:40:23.347781+00,,,9c2a0db3-c7e6-4d04-8b65-6cb56ec6b9f7,2026-08-27 11:34:13.556736+00
1459cce6-5839-4da4-8b4a-838b5bf59acb,2173 6567 3333 0049,merchant_allocated,c74f8bef-6fd7-40f2-a363-1daa167d0439,2026-09-03 09:31:57.289663+00,,,9c2a0db3-c7e6-4d04-8b65-6cb56ec6b9f7,2026-09-03 09:26:26.769933+00
149ca4dc-517b-491f-b770-8820ba73ec6d,8667 7863 7616 0060,merchant_allocated,75eff299-f162-4427-8b08-04f404141ef9,2026-09-09 10:29:54.922115+00,,,9c2a0db3-c7e6-4d04-8b65-6cb56ec6b9f7,2026-09-09 10:16:46.810748+00
14b90485-4cb1-4aa5-8b38-6d5fcc38cdb1,8689 6453 5689 0034,merchant_allocated,bc3951f9-ff8c-436b-8322-e5dd6592ca4b,2026-09-05 05:47:39.366708+00,,,9c2a0db3-c7e6-4d04-8b65-6cb56ec6b9f7,2026-09-05 05:42:03.795053+00
14c5d984-9d89-488b-83cc-b222cae52922,2173 6567 3333 0113,merchant_allocated,c74f8bef-6fd7-40f2-a363-1daa167d0439,2026-09-03 09:31:57.289663+00,,,9c2a0db3-c7e6-4d04-8b65-6cb56ec6b9f7,2026-09-03 09:26:26.769933+00
14d8e340-2550-444e-99f9-08ffcb39bf1c,4555 8645 9367 0093,merchant_allocated,63c2aeec-7410-4c78-9a68-beb45b1c622c,2026-08-27 11:40:23.347781+00,,,9c2a0db3-c7e6-4d04-8b65-6cb56ec6b9f7,2026-08-27 11:34:13.556736+00
14d92617-f229-4d38-91e2-d5531714c632,4555 8645 9367 0028,merchant_allocated,63c2aeec-7410-4c78-9a68-beb45b1c622c,2026-08-27 11:40:23.347781+00,,,9c2a0db3-c7e6-4d04-8b65-6cb56ec6b9f7,2026-08-27 11:34:13.556736+00
14f2efcb-d7a2-43ce-95df-138eac3c6fee,2173 6567 3333 0346,merchant_allocated,c74f8bef-6fd7-40f2-a363-1daa167d0439,2026-09-03 09:31:57.289663+00,,,9c2a0db3-c7e6-4d04-8b65-6cb56ec6b9f7,2026-09-03 09:26:26.769933+00
14f75b75-ea5c-42b2-bec3-2c6c697b4910,2173 6567 3333 0082,merchant_allocated,c74f8bef-6fd7-40f2-a363-1daa167d0439,2026-09-03 09:31:57.289663+00,,,9c2a0db3-c7e6-4d04-8b65-6cb56ec6b9f7,2026-09-03 09:26:26.769933+00
1516edf0-a58c-4627-b61c-9d4fb8f2a50c,4555 8645 9367 0297,merchant_allocated,63c2aeec-7410-4c78-9a68-beb45b1c622c,2026-08-27 11:40:23.347781+00,,,9c2a0db3-c7e6-4d04-8b65-6cb56ec6b9f7,2026-08-27 11:34:13.556736+00
1528da3a-775c-4ce2-bafb-857d700d755f,8689 6453 5689 0025,merchant_allocated,bc3951f9-ff8c-436b-8322-e5dd6592ca4b,2026-09-05 05:47:39.366708+00,,,9c2a0db3-c7e6-4d04-8b65-6cb56ec6b9f7,2026-09-05 05:42:03.795053+00
15297dd1-5979-434c-9ec9-0c8aa8b5385a,2173 6567 3333 0025,merchant_allocated,c74f8bef-6fd7-40f2-a363-1daa167d0439,2026-09-03 09:31:57.289663+00,,,9c2a0db3-c7e6-4d04-8b65-6cb56ec6b9f7,2026-09-03 09:26:26.769933+00
153deaf3-5861-4a3d-9213-413b915dff11,8689 6453 5689 0097,merchant_allocated,bc3951f9-ff8c-436b-8322-e5dd6592ca4b,2026-09-05 05:47:39.366708+00,,,9c2a0db3-c7e6-4d04-8b65-6cb56ec6b9f7,2026-09-05 05:42:03.795053+00
15581238-da23-4707-85e2-a73b15ebdf38,8667 7863 7616 0263,merchant_allocated,75eff299-f162-4427-8b08-04f404141ef9,2026-09-09 10:29:54.922115+00,,,9c2a0db3-c7e6-4d04-8b65-6cb56ec6b9f7,2026-09-09 10:16:46.810748+00
158330bd-528b-4fc2-a6a3-ba42e7de535e,2176 6567 3333 0033,unassigned,,,,,9c2a0db3-c7e6-4d04-8b65-6cb56ec6b9f7,2026-09-03 09:06:17.550685+00
159861ef-d2fd-4a65-b743-1b1d0744e6bf,8783 5621 8877 0092,merchant_allocated,b64a2ee7-5fc4-434d-9b92-1fa730df2810,2026-09-09 05:29:06.233162+00,,,9c2a0db3-c7e6-4d04-8b65-6cb56ec6b9f7,2026-09-09 05:20:59.714662+00
15a5ce89-f08d-446d-9315-020db2ff0bbe,2173 6567 3333 0038,merchant_allocated,c74f8bef-6fd7-40f2-a363-1daa167d0439,2026-09-03 09:31:57.289663+00,,,9c2a0db3-c7e6-4d04-8b65-6cb56ec6b9f7,2026-09-03 09:26:26.769933+00
15deeddb-c20a-4c55-995a-7ea4c144145e,4821 4444 0000 2400,member_linked,merch_  7,2026-08-03 17:46:28.931088+00,mem-a8ab70a6200ce8faaec876906805a3f7,2026-08-03 17:56:50.815003+00,9c2a0db3-c7e6-4d04-8b65-6cb56ec6b9f7,2026-08-03 17:45:59.017505+00
15e767f5-5647-4ba8-bc91-e2377909ee0e,2173 6567 3333 0468,merchant_allocated,c74f8bef-6fd7-40f2-a363-1daa167d0439,2026-09-03 09:31:57.289663+00,,,9c2a0db3-c7e6-4d04-8b65-6cb56ec6b9f7,2026-09-03 09:26:26.769933+00
16689023-269b-47f6-8275-5989124d9951,4555 8645 9367 0371,merchant_allocated,63c2aeec-7410-4c78-9a68-beb45b1c622c,2026-08-27 11:40:23.347781+00,,,9c2a0db3-c7e6-4d04-8b65-6cb56ec6b9f7,2026-08-27 11:34:13.556736+00
1673564e-a8a2-47eb-b184-2a1bdee0ccbd,8667 7863 7616 0054,merchant_allocated,75eff299-f162-4427-8b08-04f404141ef9,2026-09-09 10:29:54.922115+00,,,9c2a0db3-c7e6-4d04-8b65-6cb56ec6b9f7,2026-09-09 10:16:46.810748+00
167aacac-52df-4239-9d28-7a47dbe84642,4555 8645 9367 0052,merchant_allocated,63c2aeec-7410-4c78-9a68-beb45b1c622c,2026-08-27 11:40:23.347781+00,,,9c2a0db3-c7e6-4d04-8b65-6cb56ec6b9f7,2026-08-27 11:34:13.556736+00
168d62fe-d37b-4621-8b9e-3996ccb110fe,8783 5621 8877 0398,merchant_allocated,b64a2ee7-5fc4-434d-9b92-1fa730df2810,2026-09-09 05:29:06.233162+00,,,9c2a0db3-c7e6-4d04-8b65-6cb56ec6b9f7,2026-09-09 05:20:59.714662+00
16b60fc5-f26c-43fd-999c-dbca2c6f58d0,4555 8645 9367 0380,merchant_allocated,63c2aeec-7410-4c78-9a68-beb45b1c622c,2026-08-27 11:40:23.347781+00,,,9c2a0db3-c7e6-4d04-8b65-6cb56ec6b9f7,2026-08-27 11:34:13.556736+00
16bc453c-1c76-4262-8e5b-84fb161bb7f6,8689 6453 5689 0106,merchant_allocated,bc3951f9-ff8c-436b-8322-e5dd6592ca4b,2026-09-05 05:47:39.366708+00,,,9c2a0db3-c7e6-4d04-8b65-6cb56ec6b9f7,2026-09-05 05:42:03.795053+00
16c55dc3-b0b6-4f6b-a661-fc952f9e1e8c,4555 8645 9367 0490,merchant_allocated,63c2aeec-7410-4c78-9a68-beb45b1c622c,2026-08-27 11:40:23.347781+00,,,9c2a0db3-c7e6-4d04-8b65-6cb56ec6b9f7,2026-08-27 11:34:13.556736+00
16d1f7dd-de6f-4c15-a9bc-e6834323668b,4555 8645 9367 0422,merchant_allocated,63c2aeec-7410-4c78-9a68-beb45b1c622c,2026-08-27 11:40:23.347781+00,,,9c2a0db3-c7e6-4d04-8b65-6cb56ec6b9f7,2026-08-27 11:34:13.556736+00
17369008-7986-4266-a951-b36e9f27075c,2176 6567 3333 0090,unassigned,,,,,9c2a0db3-c7e6-4d04-8b65-6cb56ec6b9f7,2026-09-03 09:06:17.550685+00
17656cca-d02e-4284-895d-aef2c3ec3e58,4555 8645 9367 0463,merchant_allocated,63c2aeec-7410-4c78-9a68-beb45b1c622c,2026-08-27 11:40:23.347781+00,,,9c2a0db3-c7e6-4d04-8b65-6cb56ec6b9f7,2026-08-27 11:34:13.556736+00
1787fc49-47bc-4d1e-9d16-21811871e998,4899 6739 0000 0100,member_linked,merch_  6,2026-08-30 06:31:59.389848+00,e2738d24-6324-4754-92e6-1d7e44c0d19f,2026-08-30 06:35:13.650015+00,9c2a0db3-c7e6-4d04-8b65-6cb56ec6b9f7,2026-08-30 06:22:47.745739+00
17a3b1e6-4a6c-4f3e-9fe2-99f249a1203f,2173 6567 3333 0358,merchant_allocated,c74f8bef-6fd7-40f2-a363-1daa167d0439,2026-09-03 09:31:57.289663+00,,,9c2a0db3-c7e6-4d04-8b65-6cb56ec6b9f7,2026-09-03 09:26:26.769933+00
17b6a06b-40c9-4a64-97c5-c117cb55a46c,2176 6567 3333 0180,unassigned,,,,,9c2a0db3-c7e6-4d04-8b65-6cb56ec6b9f7,2026-09-03 09:06:17.550685+00
17c7a154-dfab-40f0-8f13-ca19e08c86e4,7567 5342 8633 0004,merchant_allocated,4bf2fb6b-bdf3-49d3-ac1b-1e6e746c6643,2026-07-21 16:11:58.441179+00,,,9c2a0db3-c7e6-4d04-8b65-6cb56ec6b9f7,2026-07-21 16:10:31.33396+00
17cfebdd-481f-43ea-a79b-7b6d0618947b,8783 5621 8877 0320,merchant_allocated,b64a2ee7-5fc4-434d-9b92-1fa730df2810,2026-09-09 05:29:06.233162+00,,,9c2a0db3-c7e6-4d04-8b65-6cb56ec6b9f7,2026-09-09 05:20:59.714662+00
17f79401-65a7-40b2-be8a-0f4230e29e3f,8783 5621 8877 0293,merchant_allocated,b64a2ee7-5fc4-434d-9b92-1fa730df2810,2026-09-09 05:29:06.233162+00,,,9c2a0db3-c7e6-4d04-8b65-6cb56ec6b9f7,2026-09-09 05:20:59.714662+00
1801184c-b44c-431e-a2dc-efd59c0c596b,2176 6567 3333 0242,unassigned,,,,,9c2a0db3-c7e6-4d04-8b65-6cb56ec6b9f7,2026-09-03 09:06:17.550685+00
1810cf71-6aeb-40eb-a56e-8262fd554fec,2176 6567 3333 0299,unassigned,,,,,9c2a0db3-c7e6-4d04-8b65-6cb56ec6b9f7,2026-09-03 09:06:17.550685+00
1819e575-7ca8-4995-86db-319aa358ca88,4555 8645 9367 0368,merchant_allocated,63c2aeec-7410-4c78-9a68-beb45b1c622c,2026-08-27 11:40:23.347781+00,,,9c2a0db3-c7e6-4d04-8b65-6cb56ec6b9f7,2026-08-27 11:34:13.556736+00
182caf72-8e7d-4623-a3eb-5741f4cf486b,7567 5342 8633 0090,merchant_allocated,4bf2fb6b-bdf3-49d3-ac1b-1e6e746c6643,2026-07-21 16:11:58.441179+00,,,9c2a0db3-c7e6-4d04-8b65-6cb56ec6b9f7,2026-07-21 16:10:31.33396+00
1831d101-64e9-4fa4-bfa1-facf7d00fb7d,2173 6567 3333 0037,merchant_allocated,c74f8bef-6fd7-40f2-a363-1daa167d0439,2026-09-03 09:31:57.289663+00,,,9c2a0db3-c7e6-4d04-8b65-6cb56ec6b9f7,2026-09-03 09:26:26.769933+00
184d9e1b-ed8b-4fd5-9672-3ad1e822210f,8783 5621 8877 0298,merchant_allocated,b64a2ee7-5fc4-434d-9b92-1fa730df2810,2026-09-09 05:29:06.233162+00,,,9c2a0db3-c7e6-4d04-8b65-6cb56ec6b9f7,2026-09-09 05:20:59.714662+00
186dd2a5-938f-4703-a482-d60f5269cda4,2173 6567 3333 0099,merchant_allocated,c74f8bef-6fd7-40f2-a363-1daa167d0439,2026-09-03 09:31:57.289663+00,,,9c2a0db3-c7e6-4d04-8b65-6cb56ec6b9f7,2026-09-03 09:26:26.769933+00
18965e38-4711-4000-8cc7-b87cc1fb227b,8667 7863 7616 0120,merchant_allocated,75eff299-f162-4427-8b08-04f404141ef9,2026-09-09 10:29:54.922115+00,,,9c2a0db3-c7e6-4d04-8b65-6cb56ec6b9f7,2026-09-09 10:16:46.810748+00
1897be16-59e8-497d-bf29-b6fc7ff3f061,2173 6567 3333 0329,merchant_allocated,c74f8bef-6fd7-40f2-a363-1daa167d0439,2026-09-03 09:31:57.289663+00,,,9c2a0db3-c7e6-4d04-8b65-6cb56ec6b9f7,2026-09-03 09:26:26.769933+00
18aee808-14b6-4d4d-a66c-23a983841bec,8783 5621 8877 0239,merchant_allocated,b64a2ee7-5fc4-434d-9b92-1fa730df2810,2026-09-09 05:29:06.233162+00,,,9c2a0db3-c7e6-4d04-8b65-6cb56ec6b9f7,2026-09-09 05:20:59.714662+00
18c41ecd-1866-4b5f-a316-8b0a05caaf64,8783 5621 8877 0099,merchant_allocated,b64a2ee7-5fc4-434d-9b92-1fa730df2810,2026-09-09 05:29:06.233162+00,,,9c2a0db3-c7e6-4d04-8b65-6cb56ec6b9f7,2026-09-09 05:20:59.714662+00
18c57235-1926-45c9-8570-a811016a8af2,2176 6567 3333 0005,unassigned,,,,,9c2a0db3-c7e6-4d04-8b65-6cb56ec6b9f7,2026-09-03 09:06:17.550685+00
18c71d66-2a69-4f14-9f82-73f2a26eb633,4555 8645 9367 0478,merchant_allocated,63c2aeec-7410-4c78-9a68-beb45b1c622c,2026-08-27 11:40:23.347781+00,,,9c2a0db3-c7e6-4d04-8b65-6cb56ec6b9f7,2026-08-27 11:34:13.556736+00
18edb697-c03b-46a2-b360-df86b4dd7933,4555 8645 9367 0010,member_linked,63c2aeec-7410-4c78-9a68-beb45b1c622c,2026-08-27 11:40:23.347781+00,eae71ce8-e368-4ee4-bf64-cc069c18eb16,2026-09-23 14:59:38.613669+00,9c2a0db3-c7e6-4d04-8b65-6cb56ec6b9f7,2026-08-27 11:34:13.556736+00
18f207d3-ac57-46da-9b63-cc88396d467e,8783 5621 8877 0452,merchant_allocated,b64a2ee7-5fc4-434d-9b92-1fa730df2810,2026-09-09 05:29:06.233162+00,,,9c2a0db3-c7e6-4d04-8b65-6cb56ec6b9f7,2026-09-09 05:20:59.714662+00
18f35121-8f69-404e-a7d9-7e878685cbcb,8667 7863 7616 0441,merchant_allocated,75eff299-f162-4427-8b08-04f404141ef9,2026-09-09 10:29:54.922115+00,,,9c2a0db3-c7e6-4d04-8b65-6cb56ec6b9f7,2026-09-09 10:16:46.810748+00
19082a2a-3a74-4f76-9f18-4d0f9052a138,8667 7863 7616 0333,merchant_allocated,75eff299-f162-4427-8b08-04f404141ef9,2026-09-09 10:29:54.922115+00,,,9c2a0db3-c7e6-4d04-8b65-6cb56ec6b9f7,2026-09-09 10:16:46.810748+00
194d71e1-1c7a-484e-8106-3b43f29e3b5a,4555 8645 9367 0123,merchant_allocated,63c2aeec-7410-4c78-9a68-beb45b1c622c,2026-08-27 11:40:23.347781+00,,,9c2a0db3-c7e6-4d04-8b65-6cb56ec6b9f7,2026-08-27 11:34:13.556736+00
19568643-ef91-4c58-830c-37303ca560fa,2176 6567 3333 0253,unassigned,,,,,9c2a0db3-c7e6-4d04-8b65-6cb56ec6b9f7,2026-09-03 09:06:17.550685+00
196797b7-38f2-49e1-9694-6c186f830d1f,8783 5621 8877 0434,merchant_allocated,b64a2ee7-5fc4-434d-9b92-1fa730df2810,2026-09-09 05:29:06.233162+00,,,9c2a0db3-c7e6-4d04-8b65-6cb56ec6b9f7,2026-09-09 05:20:59.714662+00
196ee41b-e32a-472d-9891-af745109ce74,4821 6739 0000 1500,member_linked,merch_  6,2026-07-28 06:48:05.660888+00,af7b92b1-b55f-4cc3-a9df-e14830e81601,2026-08-01 14:51:25.059659+00,9c2a0db3-c7e6-4d04-8b65-6cb56ec6b9f7,2026-07-28 06:47:38.92065+00
19baf93c-d287-4f8e-94eb-3df80f060ffc,8689 6453 5689 0074,merchant_allocated,bc3951f9-ff8c-436b-8322-e5dd6592ca4b,2026-09-05 05:47:39.366708+00,,,9c2a0db3-c7e6-4d04-8b65-6cb56ec6b9f7,2026-09-05 05:42:03.795053+00
19e80310-8efb-4b5d-9bf8-59d2cfebb0dd,2173 6567 3333 0043,merchant_allocated,c74f8bef-6fd7-40f2-a363-1daa167d0439,2026-09-03 09:31:57.289663+00,,,9c2a0db3-c7e6-4d04-8b65-6cb56ec6b9f7,2026-09-03 09:26:26.769933+00
19ec7223-f6f3-4590-8a2d-6326d5b4a7f2,8667 7863 7616 0045,merchant_allocated,75eff299-f162-4427-8b08-04f404141ef9,2026-09-09 10:29:54.922115+00,,,9c2a0db3-c7e6-4d04-8b65-6cb56ec6b9f7,2026-09-09 10:16:46.810748+00
19ef0eac-0704-4dc8-bc90-512844efe70e,4555 8645 9367 0049,merchant_allocated,63c2aeec-7410-4c78-9a68-beb45b1c622c,2026-08-27 11:40:23.347781+00,,,9c2a0db3-c7e6-4d04-8b65-6cb56ec6b9f7,2026-08-27 11:34:13.556736+00
19f0cc39-0efb-48df-a61f-9e1935392e45,4821 6739 0000 2400,merchant_allocated,merch_  6,2026-07-28 06:48:05.660888+00,,,9c2a0db3-c7e6-4d04-8b65-6cb56ec6b9f7,2026-07-28 06:47:38.92065+00
19f11176-a9b2-47e1-aa81-3d61ea97f4a3,8783 5621 8877 0240,merchant_allocated,b64a2ee7-5fc4-434d-9b92-1fa730df2810,2026-09-09 05:29:06.233162+00,,,9c2a0db3-c7e6-4d04-8b65-6cb56ec6b9f7,2026-09-09 05:20:59.714662+00
19f740eb-f953-4c96-8945-5343775bc2b7,2173 6567 3333 0157,merchant_allocated,c74f8bef-6fd7-40f2-a363-1daa167d0439,2026-09-03 09:31:57.289663+00,,,9c2a0db3-c7e6-4d04-8b65-6cb56ec6b9f7,2026-09-03 09:26:26.769933+00
19feb86a-5f4d-4833-b248-ab941344dbbd,8667 7863 7616 0356,merchant_allocated,75eff299-f162-4427-8b08-04f404141ef9,2026-09-09 10:29:54.922115+00,,,9c2a0db3-c7e6-4d04-8b65-6cb56ec6b9f7,2026-09-09 10:16:46.810748+00
1a1390c3-a005-4b80-80f0-dfacf0cf92a1,2176 6567 3333 0335,unassigned,,,,,9c2a0db3-c7e6-4d04-8b65-6cb56ec6b9f7,2026-09-03 09:06:17.550685+00
1a18568c-c112-4c51-94b6-d4624b86649a,2173 6567 3333 0388,merchant_allocated,c74f8bef-6fd7-40f2-a363-1daa167d0439,2026-09-03 09:31:57.289663+00,,,9c2a0db3-c7e6-4d04-8b65-6cb56ec6b9f7,2026-09-03 09:26:26.769933+00
1a6cb49a-4968-4732-afbc-3caf915f7d58,5656 7477 9399 0007,member_linked,9f5a3fe4-f21f-4fed-beaf-67dcb9c6cffc,2026-07-22 09:15:44.905092+00,32663170-f40c-4238-b81a-197c12b4d11b,2026-08-11 07:50:06.687768+00,9c2a0db3-c7e6-4d04-8b65-6cb56ec6b9f7,2026-07-22 09:14:18.287281+00
1afcad4b-9368-4beb-a232-fe1643013f12,8783 5621 8877 0399,merchant_allocated,b64a2ee7-5fc4-434d-9b92-1fa730df2810,2026-09-09 05:29:06.233162+00,,,9c2a0db3-c7e6-4d04-8b65-6cb56ec6b9f7,2026-09-09 05:20:59.714662+00
1afe8d9b-5610-4918-9d4c-394a40c97a68,2173 6567 3333 0424,merchant_allocated,c74f8bef-6fd7-40f2-a363-1daa167d0439,2026-09-03 09:31:57.289663+00,,,9c2a0db3-c7e6-4d04-8b65-6cb56ec6b9f7,2026-09-03 09:26:26.769933+00
1b2e30e6-bfd2-4cd4-b03b-1bd0eeb27bcf,2173 6567 3333 0341,merchant_allocated,c74f8bef-6fd7-40f2-a363-1daa167d0439,2026-09-03 09:31:57.289663+00,,,9c2a0db3-c7e6-4d04-8b65-6cb56ec6b9f7,2026-09-03 09:26:26.769933+00
1b737e35-14f1-4295-a03f-422ce69d0529,8667 7863 7616 0260,merchant_allocated,75eff299-f162-4427-8b08-04f404141ef9,2026-09-09 10:29:54.922115+00,,,9c2a0db3-c7e6-4d04-8b65-6cb56ec6b9f7,2026-09-09 10:16:46.810748+00
1b990c7f-913b-4839-a50a-01d385856a71,8783 5621 8877 0349,merchant_allocated,b64a2ee7-5fc4-434d-9b92-1fa730df2810,2026-09-09 05:29:06.233162+00,,,9c2a0db3-c7e6-4d04-8b65-6cb56ec6b9f7,2026-09-09 05:20:59.714662+00
1bc75226-d344-477d-bbe6-6ee1b1d4b38e,4555 8645 9367 0193,merchant_allocated,63c2aeec-7410-4c78-9a68-beb45b1c622c,2026-08-27 11:40:23.347781+00,,,9c2a0db3-c7e6-4d04-8b65-6cb56ec6b9f7,2026-08-27 11:34:13.556736+00
1bd001cb-f021-4360-9ccf-be1f852f4b1e,4555 8645 9367 0156,merchant_allocated,63c2aeec-7410-4c78-9a68-beb45b1c622c,2026-08-27 11:40:23.347781+00,,,9c2a0db3-c7e6-4d04-8b65-6cb56ec6b9f7,2026-08-27 11:34:13.556736+00
1bd2775b-aee5-4366-a61e-be7d43ea7059,2176 6567 3333 0217,unassigned,,,,,9c2a0db3-c7e6-4d04-8b65-6cb56ec6b9f7,2026-09-03 09:06:17.550685+00
1bec6476-6e85-47e6-ac9b-d0606cf0a039,2176 6567 3333 0269,unassigned,,,,,9c2a0db3-c7e6-4d04-8b65-6cb56ec6b9f7,2026-09-03 09:06:17.550685+00
1c00a37f-1152-4415-aac5-2df36a1b8bdd,2173 6567 3333 0107,merchant_allocated,c74f8bef-6fd7-40f2-a363-1daa167d0439,2026-09-03 09:31:57.289663+00,,,9c2a0db3-c7e6-4d04-8b65-6cb56ec6b9f7,2026-09-03 09:26:26.769933+00
1c0709e4-eb97-45e6-82a6-f891b2287b19,2176 6567 3333 0050,unassigned,,,,,9c2a0db3-c7e6-4d04-8b65-6cb56ec6b9f7,2026-09-03 09:06:17.550685+00
1c4693fe-9520-4b75-a669-d5423ac6e972,8667 7863 7616 0031,merchant_allocated,75eff299-f162-4427-8b08-04f404141ef9,2026-09-09 10:29:54.922115+00,,,9c2a0db3-c7e6-4d04-8b65-6cb56ec6b9f7,2026-09-09 10:16:46.810748+00
1c5b5466-9c8f-40cd-a6a1-d5d2bbd71be0,8667 7863 7616 0465,merchant_allocated,75eff299-f162-4427-8b08-04f404141ef9,2026-09-09 10:29:54.922115+00,,,9c2a0db3-c7e6-4d04-8b65-6cb56ec6b9f7,2026-09-09 10:16:46.810748+00
1c5be8b6-e786-4717-b050-435388f6bf64,4555 8645 9367 0467,merchant_allocated,63c2aeec-7410-4c78-9a68-beb45b1c622c,2026-08-27 11:40:23.347781+00,,,9c2a0db3-c7e6-4d04-8b65-6cb56ec6b9f7,2026-08-27 11:34:13.556736+00
1c6dad88-d17e-497f-a463-2898ba61fc2f,4555 8645 9367 0315,merchant_allocated,63c2aeec-7410-4c78-9a68-beb45b1c622c,2026-08-27 11:40:23.347781+00,,,9c2a0db3-c7e6-4d04-8b65-6cb56ec6b9f7,2026-08-27 11:34:13.556736+00
1c8b2074-0cfa-48e0-88d9-98a6e529bc81,2173 6567 3333 0294,merchant_allocated,c74f8bef-6fd7-40f2-a363-1daa167d0439,2026-09-03 09:31:57.289663+00,,,9c2a0db3-c7e6-4d04-8b65-6cb56ec6b9f7,2026-09-03 09:26:26.769933+00
1cbc573c-ca38-4a92-b925-e44ef0ef29f3,8783 5621 8877 0365,merchant_allocated,b64a2ee7-5fc4-434d-9b92-1fa730df2810,2026-09-09 05:29:06.233162+00,,,9c2a0db3-c7e6-4d04-8b65-6cb56ec6b9f7,2026-09-09 05:20:59.714662+00
1d272600-89f8-4f91-9040-b4b16d328c15,4555 8645 9367 0040,merchant_allocated,63c2aeec-7410-4c78-9a68-beb45b1c622c,2026-08-27 11:40:23.347781+00,,,9c2a0db3-c7e6-4d04-8b65-6cb56ec6b9f7,2026-08-27 11:34:13.556736+00
1d298946-4d72-450b-8e69-d28111e54332,4821 4444 0000 4400,member_linked,merch_  7,2026-08-03 17:46:28.931088+00,220dc66e-7304-41d7-b709-552095df8f53,2026-08-11 07:55:27.410366+00,9c2a0db3-c7e6-4d04-8b65-6cb56ec6b9f7,2026-08-03 17:45:59.017505+00
1d3f2601-93d9-4775-bb44-494f6396ccad,2173 6567 3333 0249,merchant_allocated,c74f8bef-6fd7-40f2-a363-1daa167d0439,2026-09-03 09:31:57.289663+00,,,9c2a0db3-c7e6-4d04-8b65-6cb56ec6b9f7,2026-09-03 09:26:26.769933+00
1d8e279b-c673-443b-b0a4-0d8f90a076bc,8783 5621 8877 0470,merchant_allocated,b64a2ee7-5fc4-434d-9b92-1fa730df2810,2026-09-09 05:29:06.233162+00,,,9c2a0db3-c7e6-4d04-8b65-6cb56ec6b9f7,2026-09-09 05:20:59.714662+00
1d9027f9-bb1b-46df-bf53-e5921872c286,8667 7863 7616 0434,merchant_allocated,75eff299-f162-4427-8b08-04f404141ef9,2026-09-09 10:29:54.922115+00,,,9c2a0db3-c7e6-4d04-8b65-6cb56ec6b9f7,2026-09-09 10:16:46.810748+00
1d9dcea6-cbf3-4937-adda-9a0776a90a39,8689 6453 5689 0103,merchant_allocated,bc3951f9-ff8c-436b-8322-e5dd6592ca4b,2026-09-05 05:47:39.366708+00,,,9c2a0db3-c7e6-4d04-8b65-6cb56ec6b9f7,2026-09-05 05:42:03.795053+00
1dc40a7c-3837-407a-bef6-de7efa01f9d9,2176 6567 3333 0473,unassigned,,,,,9c2a0db3-c7e6-4d04-8b65-6cb56ec6b9f7,2026-09-03 09:06:17.550685+00
1dcef54d-0aa0-47b2-afa2-1d2080247a14,4555 8645 9367 0304,merchant_allocated,63c2aeec-7410-4c78-9a68-beb45b1c622c,2026-08-27 11:40:23.347781+00,,,9c2a0db3-c7e6-4d04-8b65-6cb56ec6b9f7,2026-08-27 11:34:13.556736+00
1de10c3f-5398-46a9-a2d1-1a2a80653d0f,8783 5621 8877 0020,merchant_allocated,b64a2ee7-5fc4-434d-9b92-1fa730df2810,2026-09-09 05:29:06.233162+00,,,9c2a0db3-c7e6-4d04-8b65-6cb56ec6b9f7,2026-09-09 05:20:59.714662+00
1df24bee-5ce2-4e77-bec0-3867e7e7a3ed,8667 7863 7616 0204,merchant_allocated,75eff299-f162-4427-8b08-04f404141ef9,2026-09-09 10:29:54.922115+00,,,9c2a0db3-c7e6-4d04-8b65-6cb56ec6b9f7,2026-09-09 10:16:46.810748+00
1e00eaf1-beb1-416d-9086-33ab11856a8d,8783 5621 8877 0065,merchant_allocated,b64a2ee7-5fc4-434d-9b92-1fa730df2810,2026-09-09 05:29:06.233162+00,,,9c2a0db3-c7e6-4d04-8b65-6cb56ec6b9f7,2026-09-09 05:20:59.714662+00
1e0b6eb0-3639-4545-9b25-d206be079ccb,8783 5621 8877 0045,merchant_allocated,b64a2ee7-5fc4-434d-9b92-1fa730df2810,2026-09-09 05:29:06.233162+00,,,9c2a0db3-c7e6-4d04-8b65-6cb56ec6b9f7,2026-09-09 05:20:59.714662+00
1e300e71-022b-48d2-a0b0-5b575df58b34,8783 5621 8877 0013,merchant_allocated,b64a2ee7-5fc4-434d-9b92-1fa730df2810,2026-09-09 05:29:06.233162+00,,,9c2a0db3-c7e6-4d04-8b65-6cb56ec6b9f7,2026-09-09 05:20:59.714662+00
1e4b6b3f-0d81-4103-9072-2a679841e33e,2173 6567 3333 0299,merchant_allocated,c74f8bef-6fd7-40f2-a363-1daa167d0439,2026-09-03 09:31:57.289663+00,,,9c2a0db3-c7e6-4d04-8b65-6cb56ec6b9f7,2026-09-03 09:26:26.769933+00
1e5ea448-bcda-44c6-82e7-0cc55b9d816e,8667 7863 7616 0166,merchant_allocated,75eff299-f162-4427-8b08-04f404141ef9,2026-09-09 10:29:54.922115+00,,,9c2a0db3-c7e6-4d04-8b65-6cb56ec6b9f7,2026-09-09 10:16:46.810748+00
1eb6db68-c646-4782-9aeb-cb03177efde2,8783 5621 8877 0220,merchant_allocated,b64a2ee7-5fc4-434d-9b92-1fa730df2810,2026-09-09 05:29:06.233162+00,,,9c2a0db3-c7e6-4d04-8b65-6cb56ec6b9f7,2026-09-09 05:20:59.714662+00
1f3631a7-a722-428b-ac47-c9b6b6fbf84f,2173 6567 3333 0340,merchant_allocated,c74f8bef-6fd7-40f2-a363-1daa167d0439,2026-09-03 09:31:57.289663+00,,,9c2a0db3-c7e6-4d04-8b65-6cb56ec6b9f7,2026-09-03 09:26:26.769933+00
1f3de295-2d07-41ff-8378-12a133497064,7567 5342 8633 0008,merchant_allocated,4bf2fb6b-bdf3-49d3-ac1b-1e6e746c6643,2026-07-21 16:11:58.441179+00,,,9c2a0db3-c7e6-4d04-8b65-6cb56ec6b9f7,2026-07-21 16:10:31.33396+00
1f5b636e-6ba0-4056-9ada-b82b62ea1edf,8783 5621 8877 0433,merchant_allocated,b64a2ee7-5fc4-434d-9b92-1fa730df2810,2026-09-09 05:29:06.233162+00,,,9c2a0db3-c7e6-4d04-8b65-6cb56ec6b9f7,2026-09-09 05:20:59.714662+00
1f61c8ef-4f62-4dea-9545-f019df8b35a2,2176 6567 3333 0016,unassigned,,,,,9c2a0db3-c7e6-4d04-8b65-6cb56ec6b9f7,2026-09-03 09:06:17.550685+00
1fc3a79b-6cab-4484-af11-350c5daf204d,4555 8645 9367 0356,merchant_allocated,63c2aeec-7410-4c78-9a68-beb45b1c622c,2026-08-27 11:40:23.347781+00,,,9c2a0db3-c7e6-4d04-8b65-6cb56ec6b9f7,2026-08-27 11:34:13.556736+00
1fcb6b22-dddd-4def-98a7-377fbfd7916d,2173 6567 3333 0133,merchant_allocated,c74f8bef-6fd7-40f2-a363-1daa167d0439,2026-09-03 09:31:57.289663+00,,,9c2a0db3-c7e6-4d04-8b65-6cb56ec6b9f7,2026-09-03 09:26:26.769933+00
2014a43a-f4fd-4323-8a31-448c34ee54ed,4555 8645 9367 0237,merchant_allocated,63c2aeec-7410-4c78-9a68-beb45b1c622c,2026-08-27 11:40:23.347781+00,,,9c2a0db3-c7e6-4d04-8b65-6cb56ec6b9f7,2026-08-27 11:34:13.556736+00
20476e1e-08d9-4c98-812a-9a37e249c4d5,8783 5621 8877 0335,merchant_allocated,b64a2ee7-5fc4-434d-9b92-1fa730df2810,2026-09-09 05:29:06.233162+00,,,9c2a0db3-c7e6-4d04-8b65-6cb56ec6b9f7,2026-09-09 05:20:59.714662+00
204dd298-6534-4dbc-9ba2-0eab8ae6a094,2176 6567 3333 0059,unassigned,,,,,9c2a0db3-c7e6-4d04-8b65-6cb56ec6b9f7,2026-09-03 09:06:17.550685+00
2053dd2d-16e1-4de4-adbf-f5ca0e95ed24,7567 5342 8633 0006,merchant_allocated,4bf2fb6b-bdf3-49d3-ac1b-1e6e746c6643,2026-07-21 16:11:58.441179+00,,,9c2a0db3-c7e6-4d04-8b65-6cb56ec6b9f7,2026-07-21 16:10:31.33396+00
20559a64-05ce-49ca-906a-749ea0c596f3,8667 7863 7616 0200,merchant_allocated,75eff299-f162-4427-8b08-04f404141ef9,2026-09-09 10:29:54.922115+00,,,9c2a0db3-c7e6-4d04-8b65-6cb56ec6b9f7,2026-09-09 10:16:46.810748+00
20658f51-5f7c-4389-9090-52428141e745,4555 8645 9367 0055,merchant_allocated,63c2aeec-7410-4c78-9a68-beb45b1c622c,2026-08-27 11:40:23.347781+00,,,9c2a0db3-c7e6-4d04-8b65-6cb56ec6b9f7,2026-08-27 11:34:13.556736+00
2078165d-e7d1-466b-9265-5a844dadc1ff,4555 8645 9367 0057,merchant_allocated,63c2aeec-7410-4c78-9a68-beb45b1c622c,2026-08-27 11:40:23.347781+00,,,9c2a0db3-c7e6-4d04-8b65-6cb56ec6b9f7,2026-08-27 11:34:13.556736+00
208ff2f3-bd2f-4a23-9c7d-256159955fc6,6635 8773 8388 0003,unassigned,,,,,9c2a0db3-c7e6-4d04-8b65-6cb56ec6b9f7,2026-08-19 07:38:00.609926+00
20ab7bf5-c929-430d-8308-f5368d317b7d,2173 6567 3333 0198,merchant_allocated,c74f8bef-6fd7-40f2-a363-1daa167d0439,2026-09-03 09:31:57.289663+00,,,9c2a0db3-c7e6-4d04-8b65-6cb56ec6b9f7,2026-09-03 09:26:26.769933+00
20ba30fa-83f8-4155-81ca-142087582abb,4555 8645 9367 0482,merchant_allocated,63c2aeec-7410-4c78-9a68-beb45b1c622c,2026-08-27 11:40:23.347781+00,,,9c2a0db3-c7e6-4d04-8b65-6cb56ec6b9f7,2026-08-27 11:34:13.556736+00
20c71ef7-31d8-489b-831f-5207cdf2c7cb,2176 6567 3333 0151,unassigned,,,,,9c2a0db3-c7e6-4d04-8b65-6cb56ec6b9f7,2026-09-03 09:06:17.550685+00
20d643f5-7ff5-4e19-ae14-a8ca9f1cbf6c,8689 6453 5689 0041,merchant_allocated,bc3951f9-ff8c-436b-8322-e5dd6592ca4b,2026-09-05 05:47:39.366708+00,,,9c2a0db3-c7e6-4d04-8b65-6cb56ec6b9f7,2026-09-05 05:42:03.795053+00
20d65f94-2dfe-41ab-a053-677f41c194c8,2176 6567 3333 0081,unassigned,,,,,9c2a0db3-c7e6-4d04-8b65-6cb56ec6b9f7,2026-09-03 09:06:17.550685+00
2110220d-f0b2-4573-b2b0-c74e62f22aef,7567 5342 8633 0027,merchant_allocated,4bf2fb6b-bdf3-49d3-ac1b-1e6e746c6643,2026-07-21 16:11:58.441179+00,,,9c2a0db3-c7e6-4d04-8b65-6cb56ec6b9f7,2026-07-21 16:10:31.33396+00
2112936d-20b9-440c-8a5e-f4aa9ba96671,2173 6567 3333 0134,merchant_allocated,c74f8bef-6fd7-40f2-a363-1daa167d0439,2026-09-03 09:31:57.289663+00,,,9c2a0db3-c7e6-4d04-8b65-6cb56ec6b9f7,2026-09-03 09:26:26.769933+00
212061a7-f97a-4d52-bcd0-e1a3e4fa6d15,2176 6567 3333 0333,unassigned,,,,,9c2a0db3-c7e6-4d04-8b65-6cb56ec6b9f7,2026-09-03 09:06:17.550685+00
213ac14d-f965-4816-bc36-6e0c6b79685e,8689 6453 5689 0048,merchant_allocated,bc3951f9-ff8c-436b-8322-e5dd6592ca4b,2026-09-05 05:47:39.366708+00,,,9c2a0db3-c7e6-4d04-8b65-6cb56ec6b9f7,2026-09-05 05:42:03.795053+00
215e36fe-e88f-4163-abae-1a2a375b9962,8783 5621 8877 0049,merchant_allocated,b64a2ee7-5fc4-434d-9b92-1fa730df2810,2026-09-09 05:29:06.233162+00,,,9c2a0db3-c7e6-4d04-8b65-6cb56ec6b9f7,2026-09-09 05:20:59.714662+00
21618a28-e102-414e-bd4a-24aa752e441e,4555 8645 9367 0122,merchant_allocated,63c2aeec-7410-4c78-9a68-beb45b1c622c,2026-08-27 11:40:23.347781+00,,,9c2a0db3-c7e6-4d04-8b65-6cb56ec6b9f7,2026-08-27 11:34:13.556736+00
2184160b-360a-4dac-a979-6bf65c453b11,4555 8645 9367 0075,merchant_allocated,63c2aeec-7410-4c78-9a68-beb45b1c622c,2026-08-27 11:40:23.347781+00,,,9c2a0db3-c7e6-4d04-8b65-6cb56ec6b9f7,2026-08-27 11:34:13.556736+00
21946bc9-6ee0-4c26-a2e6-ccdd69d32b23,8667 7863 7616 0483,merchant_allocated,75eff299-f162-4427-8b08-04f404141ef9,2026-09-09 10:29:54.922115+00,,,9c2a0db3-c7e6-4d04-8b65-6cb56ec6b9f7,2026-09-09 10:16:46.810748+00
21969eeb-417e-4a02-8bf0-0f93646bf657,2176 6567 3333 0465,unassigned,,,,,9c2a0db3-c7e6-4d04-8b65-6cb56ec6b9f7,2026-09-03 09:06:17.550685+00
219f2b52-7dcc-4879-b6f2-69df11d1ebe6,8667 7863 7616 0355,merchant_allocated,75eff299-f162-4427-8b08-04f404141ef9,2026-09-09 10:29:54.922115+00,,,9c2a0db3-c7e6-4d04-8b65-6cb56ec6b9f7,2026-09-09 10:16:46.810748+00
21aa9642-55c9-40ae-b6db-f95dbfd31a8e,8667 7863 7616 0042,merchant_allocated,75eff299-f162-4427-8b08-04f404141ef9,2026-09-09 10:29:54.922115+00,,,9c2a0db3-c7e6-4d04-8b65-6cb56ec6b9f7,2026-09-09 10:16:46.810748+00
21cc20f0-e948-4f35-b8d2-2b5d51c18aff,8783 5621 8877 0001,member_linked,b64a2ee7-5fc4-434d-9b92-1fa730df2810,2026-09-09 05:29:06.233162+00,e613d0f0-31a6-4cb2-91cf-56a6b0e58dac,2026-09-18 06:50:56.445298+00,9c2a0db3-c7e6-4d04-8b65-6cb56ec6b9f7,2026-09-09 05:20:59.714662+00
21d0a150-3b48-4975-8395-6229ec07a377,4821 6739 0000 0100,member_linked,9f5a3fe4-f21f-4fed-beaf-67dcb9c6cffc,2026-07-20 08:46:08.386759+00,9722e2ba-17b8-4020-9470-9542a01c390c,2026-07-20 09:39:02.95646+00,9c2a0db3-c7e6-4d04-8b65-6cb56ec6b9f7,2026-07-19 14:46:15.67114+00
21e8e21f-2f57-4a0e-a732-913c2bc9ab37,8667 7863 7616 0337,merchant_allocated,75eff299-f162-4427-8b08-04f404141ef9,2026-09-09 10:29:54.922115+00,,,9c2a0db3-c7e6-4d04-8b65-6cb56ec6b9f7,2026-09-09 10:16:46.810748+00
21eced54-b8ac-415d-a651-974b43aec30e,8667 7863 7616 0239,merchant_allocated,75eff299-f162-4427-8b08-04f404141ef9,2026-09-09 10:29:54.922115+00,,,9c2a0db3-c7e6-4d04-8b65-6cb56ec6b9f7,2026-09-09 10:16:46.810748+00
22234378-e8c6-4e62-b537-d0daffa5a2fd,2173 6567 3333 0262,merchant_allocated,c74f8bef-6fd7-40f2-a363-1daa167d0439,2026-09-03 09:31:57.289663+00,,,9c2a0db3-c7e6-4d04-8b65-6cb56ec6b9f7,2026-09-03 09:26:26.769933+00
2224ac9f-0666-4cb0-8c5b-d23f841b24fa,2176 6567 3333 0122,unassigned,,,,,9c2a0db3-c7e6-4d04-8b65-6cb56ec6b9f7,2026-09-03 09:06:17.550685+00
2238790f-e499-426c-91e0-fb5faba95451,7567 5342 8633 0023,merchant_allocated,4bf2fb6b-bdf3-49d3-ac1b-1e6e746c6643,2026-07-21 16:11:58.441179+00,,,9c2a0db3-c7e6-4d04-8b65-6cb56ec6b9f7,2026-07-21 16:10:31.33396+00
225ae9b0-fbdd-4aa0-aa84-ad8c60e55012,8783 5621 8877 0112,merchant_allocated,b64a2ee7-5fc4-434d-9b92-1fa730df2810,2026-09-09 05:29:06.233162+00,,,9c2a0db3-c7e6-4d04-8b65-6cb56ec6b9f7,2026-09-09 05:20:59.714662+00
2272ba89-6e12-491e-a732-97a81e78f24a,2176 6567 3333 0259,unassigned,,,,,9c2a0db3-c7e6-4d04-8b65-6cb56ec6b9f7,2026-09-03 09:06:17.550685+00
22c13bde-8857-49f3-a5aa-040c7da87a4e,8667 7863 7616 0259,merchant_allocated,75eff299-f162-4427-8b08-04f404141ef9,2026-09-09 10:29:54.922115+00,,,9c2a0db3-c7e6-4d04-8b65-6cb56ec6b9f7,2026-09-09 10:16:46.810748+00
22c53f62-fda6-4f6c-9b48-797ce16c7242,2173 6567 3333 0140,merchant_allocated,c74f8bef-6fd7-40f2-a363-1daa167d0439,2026-09-03 09:31:57.289663+00,,,9c2a0db3-c7e6-4d04-8b65-6cb56ec6b9f7,2026-09-03 09:26:26.769933+00
22fb2e43-28a9-4ff6-95ea-9543995dbdc2,2173 6567 3333 0272,merchant_allocated,c74f8bef-6fd7-40f2-a363-1daa167d0439,2026-09-03 09:31:57.289663+00,,,9c2a0db3-c7e6-4d04-8b65-6cb56ec6b9f7,2026-09-03 09:26:26.769933+00
2327c4ba-9987-4a35-afd7-745f286faf45,2176 6567 3333 0300,unassigned,,,,,9c2a0db3-c7e6-4d04-8b65-6cb56ec6b9f7,2026-09-03 09:06:17.550685+00
2357cd34-b087-41ef-948a-c4cd575a6d1e,4555 8645 9367 0325,merchant_allocated,63c2aeec-7410-4c78-9a68-beb45b1c622c,2026-08-27 11:40:23.347781+00,,,9c2a0db3-c7e6-4d04-8b65-6cb56ec6b9f7,2026-08-27 11:34:13.556736+00
23643145-1d45-4061-8161-06a9fb6e1429,4555 8645 9367 0499,merchant_allocated,63c2aeec-7410-4c78-9a68-beb45b1c622c,2026-08-27 11:40:23.347781+00,,,9c2a0db3-c7e6-4d04-8b65-6cb56ec6b9f7,2026-08-27 11:34:13.556736+00
236c2a83-3f3f-4227-8156-60dcb156a234,4555 8645 9367 0043,merchant_allocated,63c2aeec-7410-4c78-9a68-beb45b1c622c,2026-08-27 11:40:23.347781+00,,,9c2a0db3-c7e6-4d04-8b65-6cb56ec6b9f7,2026-08-27 11:34:13.556736+00
2398c67a-36d6-4d00-8b7c-fccf08ddd1c2,4555 8645 9367 0205,merchant_allocated,63c2aeec-7410-4c78-9a68-beb45b1c622c,2026-08-27 11:40:23.347781+00,,,9c2a0db3-c7e6-4d04-8b65-6cb56ec6b9f7,2026-08-27 11:34:13.556736+00
239bc026-be47-49ed-b296-5fa7e34145af,4555 8645 9367 0135,merchant_allocated,63c2aeec-7410-4c78-9a68-beb45b1c622c,2026-08-27 11:40:23.347781+00,,,9c2a0db3-c7e6-4d04-8b65-6cb56ec6b9f7,2026-08-27 11:34:13.556736+00
23a33142-4e21-42e1-8e7a-35ce3b64f12d,8667 7863 7616 0255,merchant_allocated,75eff299-f162-4427-8b08-04f404141ef9,2026-09-09 10:29:54.922115+00,,,9c2a0db3-c7e6-4d04-8b65-6cb56ec6b9f7,2026-09-09 10:16:46.810748+00
23bd74e6-11ef-4a02-9f6c-0abfadb3501e,8783 5621 8877 0044,merchant_allocated,b64a2ee7-5fc4-434d-9b92-1fa730df2810,2026-09-09 05:29:06.233162+00,,,9c2a0db3-c7e6-4d04-8b65-6cb56ec6b9f7,2026-09-09 05:20:59.714662+00
23c50518-ef85-4acf-81ef-c2414ed26bea,8783 5621 8877 0318,merchant_allocated,b64a2ee7-5fc4-434d-9b92-1fa730df2810,2026-09-09 05:29:06.233162+00,,,9c2a0db3-c7e6-4d04-8b65-6cb56ec6b9f7,2026-09-09 05:20:59.714662+00
23ce80ad-aa0f-4b0c-98c1-3a0d275c4887,8667 7863 7616 0261,merchant_allocated,75eff299-f162-4427-8b08-04f404141ef9,2026-09-09 10:29:54.922115+00,,,9c2a0db3-c7e6-4d04-8b65-6cb56ec6b9f7,2026-09-09 10:16:46.810748+00
23d61a5e-72ab-4a81-8cc2-76a26920d8ee,8667 7863 7616 0420,merchant_allocated,75eff299-f162-4427-8b08-04f404141ef9,2026-09-09 10:29:54.922115+00,,,9c2a0db3-c7e6-4d04-8b65-6cb56ec6b9f7,2026-09-09 10:16:46.810748+00
23ed2792-fc3d-4d2a-ae57-d8382bdfa140,4555 8645 9367 0045,merchant_allocated,63c2aeec-7410-4c78-9a68-beb45b1c622c,2026-08-27 11:40:23.347781+00,,,9c2a0db3-c7e6-4d04-8b65-6cb56ec6b9f7,2026-08-27 11:34:13.556736+00
23f1ed8e-3d12-4093-80d3-40bde489e8c4,8667 7863 7616 0427,merchant_allocated,75eff299-f162-4427-8b08-04f404141ef9,2026-09-09 10:29:54.922115+00,,,9c2a0db3-c7e6-4d04-8b65-6cb56ec6b9f7,2026-09-09 10:16:46.810748+00
241a2bd2-e174-434b-b336-6e8aa1ac85a6,8667 7863 7616 0327,merchant_allocated,75eff299-f162-4427-8b08-04f404141ef9,2026-09-09 10:29:54.922115+00,,,9c2a0db3-c7e6-4d04-8b65-6cb56ec6b9f7,2026-09-09 10:16:46.810748+00
242f34eb-a75d-42cc-8d95-646b052fbec7,8667 7863 7616 0422,merchant_allocated,75eff299-f162-4427-8b08-04f404141ef9,2026-09-09 10:29:54.922115+00,,,9c2a0db3-c7e6-4d04-8b65-6cb56ec6b9f7,2026-09-09 10:16:46.810748+00
24495316-61ef-42e5-99c0-0babefb486e1,2173 6567 3333 0189,merchant_allocated,c74f8bef-6fd7-40f2-a363-1daa167d0439,2026-09-03 09:31:57.289663+00,,,9c2a0db3-c7e6-4d04-8b65-6cb56ec6b9f7,2026-09-03 09:26:26.769933+00
245250b6-a4c0-41de-99b6-d5a0879fcd93,4555 8645 9367 0483,merchant_allocated,63c2aeec-7410-4c78-9a68-beb45b1c622c,2026-08-27 11:40:23.347781+00,,,9c2a0db3-c7e6-4d04-8b65-6cb56ec6b9f7,2026-08-27 11:34:13.556736+00
248362f3-b2e5-4def-b44c-8024fce69053,8783 5621 8877 0234,merchant_allocated,b64a2ee7-5fc4-434d-9b92-1fa730df2810,2026-09-09 05:29:06.233162+00,,,9c2a0db3-c7e6-4d04-8b65-6cb56ec6b9f7,2026-09-09 05:20:59.714662+00
248cf0d9-2c22-459f-94a0-c7a318b0393d,8783 5621 8877 0381,merchant_allocated,b64a2ee7-5fc4-434d-9b92-1fa730df2810,2026-09-09 05:29:06.233162+00,,,9c2a0db3-c7e6-4d04-8b65-6cb56ec6b9f7,2026-09-09 05:20:59.714662+00
24a5ebe4-31f9-404a-8e1e-1c35cd9efc07,4555 8645 9367 0140,merchant_allocated,63c2aeec-7410-4c78-9a68-beb45b1c622c,2026-08-27 11:40:23.347781+00,,,9c2a0db3-c7e6-4d04-8b65-6cb56ec6b9f7,2026-08-27 11:34:13.556736+00
24a9e916-9518-48d5-b567-278e00a7a320,4555 8645 9367 0383,merchant_allocated,63c2aeec-7410-4c78-9a68-beb45b1c622c,2026-08-27 11:40:23.347781+00,,,9c2a0db3-c7e6-4d04-8b65-6cb56ec6b9f7,2026-08-27 11:34:13.556736+00
24bd91c1-17ec-4c88-889e-ea6bbdd83a2d,4555 8645 9367 0038,merchant_allocated,63c2aeec-7410-4c78-9a68-beb45b1c622c,2026-08-27 11:40:23.347781+00,,,9c2a0db3-c7e6-4d04-8b65-6cb56ec6b9f7,2026-08-27 11:34:13.556736+00
24c16b54-baab-4f5a-a8bf-b875906d13a0,4555 8645 9367 0296,merchant_allocated,63c2aeec-7410-4c78-9a68-beb45b1c622c,2026-08-27 11:40:23.347781+00,,,9c2a0db3-c7e6-4d04-8b65-6cb56ec6b9f7,2026-08-27 11:34:13.556736+00
24d28c07-5a0c-4410-9802-e68b78074431,4555 8645 9367 0173,merchant_allocated,63c2aeec-7410-4c78-9a68-beb45b1c622c,2026-08-27 11:40:23.347781+00,,,9c2a0db3-c7e6-4d04-8b65-6cb56ec6b9f7,2026-08-27 11:34:13.556736+00
24eba175-579d-48a1-9756-6ebef8fd3462,8783 5621 8877 0165,merchant_allocated,b64a2ee7-5fc4-434d-9b92-1fa730df2810,2026-09-09 05:29:06.233162+00,,,9c2a0db3-c7e6-4d04-8b65-6cb56ec6b9f7,2026-09-09 05:20:59.714662+00
24f14ed2-5d6e-48d2-82f1-b6758f6c592e,4555 8645 9367 0200,merchant_allocated,63c2aeec-7410-4c78-9a68-beb45b1c622c,2026-08-27 11:40:23.347781+00,,,9c2a0db3-c7e6-4d04-8b65-6cb56ec6b9f7,2026-08-27 11:34:13.556736+00
24f24c4a-26b0-4b18-b170-9e0acf9c3a5a,2176 6567 3333 0068,unassigned,,,,,9c2a0db3-c7e6-4d04-8b65-6cb56ec6b9f7,2026-09-03 09:06:17.550685+00
24f2d623-deaf-4262-9387-8c1760cad16b,2176 6567 3333 0346,unassigned,,,,,9c2a0db3-c7e6-4d04-8b65-6cb56ec6b9f7,2026-09-03 09:06:17.550685+00
24f5bca9-f164-4025-b16d-89db9938f899,2173 6567 3333 0477,merchant_allocated,c74f8bef-6fd7-40f2-a363-1daa167d0439,2026-09-03 09:31:57.289663+00,,,9c2a0db3-c7e6-4d04-8b65-6cb56ec6b9f7,2026-09-03 09:26:26.769933+00
251a89cc-36d9-4fed-b144-6387316dab35,8667 7863 7616 0134,merchant_allocated,75eff299-f162-4427-8b08-04f404141ef9,2026-09-09 10:29:54.922115+00,,,9c2a0db3-c7e6-4d04-8b65-6cb56ec6b9f7,2026-09-09 10:16:46.810748+00
251d8c1b-77b2-48e2-b083-f2588eede76e,4555 8645 9367 0355,merchant_allocated,63c2aeec-7410-4c78-9a68-beb45b1c622c,2026-08-27 11:40:23.347781+00,,,9c2a0db3-c7e6-4d04-8b65-6cb56ec6b9f7,2026-08-27 11:34:13.556736+00
25210896-2ab2-493f-9284-fc5e297256c2,4555 8645 9367 0081,merchant_allocated,63c2aeec-7410-4c78-9a68-beb45b1c622c,2026-08-27 11:40:23.347781+00,,,9c2a0db3-c7e6-4d04-8b65-6cb56ec6b9f7,2026-08-27 11:34:13.556736+00
2529abd1-8fcd-4ab0-96e5-22f8563d2bb4,8667 7863 7616 0099,merchant_allocated,75eff299-f162-4427-8b08-04f404141ef9,2026-09-09 10:29:54.922115+00,,,9c2a0db3-c7e6-4d04-8b65-6cb56ec6b9f7,2026-09-09 10:16:46.810748+00
25311305-be0f-4b40-a7ae-2a166b814b3a,2176 6567 3333 0320,unassigned,,,,,9c2a0db3-c7e6-4d04-8b65-6cb56ec6b9f7,2026-09-03 09:06:17.550685+00
2545b379-1aa2-4a8f-a48c-5466eec50ba6,4555 8645 9367 0099,merchant_allocated,63c2aeec-7410-4c78-9a68-beb45b1c622c,2026-08-27 11:40:23.347781+00,,,9c2a0db3-c7e6-4d04-8b65-6cb56ec6b9f7,2026-08-27 11:34:13.556736+00
25879000-7a61-42ca-95c8-9fefbffcf074,8783 5621 8877 0415,merchant_allocated,b64a2ee7-5fc4-434d-9b92-1fa730df2810,2026-09-09 05:29:06.233162+00,,,9c2a0db3-c7e6-4d04-8b65-6cb56ec6b9f7,2026-09-09 05:20:59.714662+00
25bbebcc-cc2a-4b77-89e5-ad2a3470f509,2176 6567 3333 0188,unassigned,,,,,9c2a0db3-c7e6-4d04-8b65-6cb56ec6b9f7,2026-09-03 09:06:17.550685+00
25bccd3d-36ec-4ce7-9943-243a6827ad2a,2173 6567 3333 0488,merchant_allocated,c74f8bef-6fd7-40f2-a363-1daa167d0439,2026-09-03 09:31:57.289663+00,,,9c2a0db3-c7e6-4d04-8b65-6cb56ec6b9f7,2026-09-03 09:26:26.769933+00
25bce755-a9ab-4157-ba50-49c344d59b71,4555 8645 9367 0481,merchant_allocated,63c2aeec-7410-4c78-9a68-beb45b1c622c,2026-08-27 11:40:23.347781+00,,,9c2a0db3-c7e6-4d04-8b65-6cb56ec6b9f7,2026-08-27 11:34:13.556736+00
25e6981f-c131-430c-96f7-5f2df358a732,8783 5621 8877 0121,merchant_allocated,b64a2ee7-5fc4-434d-9b92-1fa730df2810,2026-09-09 05:29:06.233162+00,,,9c2a0db3-c7e6-4d04-8b65-6cb56ec6b9f7,2026-09-09 05:20:59.714662+00
25f6c5d0-1824-409f-a418-7df565599fbe,7567 5342 8633 0045,merchant_allocated,4bf2fb6b-bdf3-49d3-ac1b-1e6e746c6643,2026-07-21 16:11:58.441179+00,,,9c2a0db3-c7e6-4d04-8b65-6cb56ec6b9f7,2026-07-21 16:10:31.33396+00
261f0dff-86ad-4658-b84b-7e2b3317e30f,4555 8645 9367 0228,merchant_allocated,63c2aeec-7410-4c78-9a68-beb45b1c622c,2026-08-27 11:40:23.347781+00,,,9c2a0db3-c7e6-4d04-8b65-6cb56ec6b9f7,2026-08-27 11:34:13.556736+00
262fd99a-4da2-43dd-88fc-0209bea95929,2173 6567 3333 0442,merchant_allocated,c74f8bef-6fd7-40f2-a363-1daa167d0439,2026-09-03 09:31:57.289663+00,,,9c2a0db3-c7e6-4d04-8b65-6cb56ec6b9f7,2026-09-03 09:26:26.769933+00
263b9df8-8786-49f1-a570-571456d81290,8667 7863 7616 0234,merchant_allocated,75eff299-f162-4427-8b08-04f404141ef9,2026-09-09 10:29:54.922115+00,,,9c2a0db3-c7e6-4d04-8b65-6cb56ec6b9f7,2026-09-09 10:16:46.810748+00
263f781e-c51c-4157-ae3a-f194ab3f7fcc,4555 8645 9367 0314,merchant_allocated,63c2aeec-7410-4c78-9a68-beb45b1c622c,2026-08-27 11:40:23.347781+00,,,9c2a0db3-c7e6-4d04-8b65-6cb56ec6b9f7,2026-08-27 11:34:13.556736+00
26526849-e20b-4f87-a46f-57f0872bcbac,8667 7863 7616 0288,merchant_allocated,75eff299-f162-4427-8b08-04f404141ef9,2026-09-09 10:29:54.922115+00,,,9c2a0db3-c7e6-4d04-8b65-6cb56ec6b9f7,2026-09-09 10:16:46.810748+00
26581dcf-8776-41d0-ab6c-2724bd909fbc,4555 8645 9367 0440,merchant_allocated,63c2aeec-7410-4c78-9a68-beb45b1c622c,2026-08-27 11:40:23.347781+00,,,9c2a0db3-c7e6-4d04-8b65-6cb56ec6b9f7,2026-08-27 11:34:13.556736+00
266e0689-b1dd-4f74-9e69-59d07854c9ba,2176 6567 3333 0316,unassigned,,,,,9c2a0db3-c7e6-4d04-8b65-6cb56ec6b9f7,2026-09-03 09:06:17.550685+00
267aa3ca-c78b-482a-b706-a6681117825a,2173 6567 3333 0030,merchant_allocated,c74f8bef-6fd7-40f2-a363-1daa167d0439,2026-09-03 09:31:57.289663+00,,,9c2a0db3-c7e6-4d04-8b65-6cb56ec6b9f7,2026-09-03 09:26:26.769933+00
26a37ce2-c96f-4e24-a4ac-516ff4c47ef7,2173 6567 3333 0362,merchant_allocated,c74f8bef-6fd7-40f2-a363-1daa167d0439,2026-09-03 09:31:57.289663+00,,,9c2a0db3-c7e6-4d04-8b65-6cb56ec6b9f7,2026-09-03 09:26:26.769933+00
26dfdf9c-17ba-4310-924d-4470f78f924d,2173 6567 3333 0153,merchant_allocated,c74f8bef-6fd7-40f2-a363-1daa167d0439,2026-09-03 09:31:57.289663+00,,,9c2a0db3-c7e6-4d04-8b65-6cb56ec6b9f7,2026-09-03 09:26:26.769933+00
26e75717-3652-40f6-8f3f-6ec5e094e4c0,2176 6567 3333 0023,unassigned,,,,,9c2a0db3-c7e6-4d04-8b65-6cb56ec6b9f7,2026-09-03 09:06:17.550685+00
272784e1-80f1-4272-9356-ab6de6ba6ba4,8667 7863 7616 0394,merchant_allocated,75eff299-f162-4427-8b08-04f404141ef9,2026-09-09 10:29:54.922115+00,,,9c2a0db3-c7e6-4d04-8b65-6cb56ec6b9f7,2026-09-09 10:16:46.810748+00
272ad803-96ab-4805-961f-9f7df33ec4d7,8783 5621 8877 0465,merchant_allocated,b64a2ee7-5fc4-434d-9b92-1fa730df2810,2026-09-09 05:29:06.233162+00,,,9c2a0db3-c7e6-4d04-8b65-6cb56ec6b9f7,2026-09-09 05:20:59.714662+00
272d0c7c-9cb2-4bd7-9dbb-ce5d24d56d42,4821 4444 0000 1300,merchant_allocated,merch_  7,2026-08-03 17:46:28.931088+00,,,9c2a0db3-c7e6-4d04-8b65-6cb56ec6b9f7,2026-08-03 17:45:59.017505+00
272ef7d8-8905-4e8b-a087-8b26befca99a,2173 6567 3333 0318,merchant_allocated,c74f8bef-6fd7-40f2-a363-1daa167d0439,2026-09-03 09:31:57.289663+00,,,9c2a0db3-c7e6-4d04-8b65-6cb56ec6b9f7,2026-09-03 09:26:26.769933+00
273f039b-32a3-4b83-a178-e906c3e7001c,8667 7863 7616 0043,merchant_allocated,75eff299-f162-4427-8b08-04f404141ef9,2026-09-09 10:29:54.922115+00,,,9c2a0db3-c7e6-4d04-8b65-6cb56ec6b9f7,2026-09-09 10:16:46.810748+00
275ae67d-1021-40d7-9cbe-1076290498cc,7567 5342 8633 0002,merchant_allocated,4bf2fb6b-bdf3-49d3-ac1b-1e6e746c6643,2026-07-21 16:11:58.441179+00,,,9c2a0db3-c7e6-4d04-8b65-6cb56ec6b9f7,2026-07-21 16:10:31.33396+00
27823de0-60df-4741-8856-e1144eb29639,7567 5342 8633 0066,merchant_allocated,4bf2fb6b-bdf3-49d3-ac1b-1e6e746c6643,2026-07-21 16:11:58.441179+00,,,9c2a0db3-c7e6-4d04-8b65-6cb56ec6b9f7,2026-07-21 16:10:31.33396+00
2797bdec-a9d3-465a-9497-1a65c65d3ee5,2176 6567 3333 0496,unassigned,,,,,9c2a0db3-c7e6-4d04-8b65-6cb56ec6b9f7,2026-09-03 09:06:17.550685+00
279bd195-aafb-4686-9c06-ccb2c51d6672,8783 5621 8877 0253,merchant_allocated,b64a2ee7-5fc4-434d-9b92-1fa730df2810,2026-09-09 05:29:06.233162+00,,,9c2a0db3-c7e6-4d04-8b65-6cb56ec6b9f7,2026-09-09 05:20:59.714662+00
27e5c785-3a10-4577-af4b-bd4460930af7,8783 5621 8877 0378,merchant_allocated,b64a2ee7-5fc4-434d-9b92-1fa730df2810,2026-09-09 05:29:06.233162+00,,,9c2a0db3-c7e6-4d04-8b65-6cb56ec6b9f7,2026-09-09 05:20:59.714662+00
2800f9e2-ac9b-4f2d-b72c-c57b6addcdd7,8667 7863 7616 0123,merchant_allocated,75eff299-f162-4427-8b08-04f404141ef9,2026-09-09 10:29:54.922115+00,,,9c2a0db3-c7e6-4d04-8b65-6cb56ec6b9f7,2026-09-09 10:16:46.810748+00
2804da4f-0e2c-4640-9914-4b52bd7fe99e,8667 7863 7616 0342,merchant_allocated,75eff299-f162-4427-8b08-04f404141ef9,2026-09-09 10:29:54.922115+00,,,9c2a0db3-c7e6-4d04-8b65-6cb56ec6b9f7,2026-09-09 10:16:46.810748+00
282d9ab6-7d46-4cc2-9833-2f725e0e0e56,8783 5621 8877 0009,merchant_allocated,b64a2ee7-5fc4-434d-9b92-1fa730df2810,2026-09-09 05:29:06.233162+00,,,9c2a0db3-c7e6-4d04-8b65-6cb56ec6b9f7,2026-09-09 05:20:59.714662+00
282f951d-0df1-4ddf-b179-156f45ca7286,8783 5621 8877 0215,merchant_allocated,b64a2ee7-5fc4-434d-9b92-1fa730df2810,2026-09-09 05:29:06.233162+00,,,9c2a0db3-c7e6-4d04-8b65-6cb56ec6b9f7,2026-09-09 05:20:59.714662+00
28520507-2144-44ef-a668-0628ae03ad5c,2176 6567 3333 0010,unassigned,,,,,9c2a0db3-c7e6-4d04-8b65-6cb56ec6b9f7,2026-09-03 09:06:17.550685+00
28679330-a1fd-4b5d-a032-3543bc059e17,2173 6567 3333 0394,merchant_allocated,c74f8bef-6fd7-40f2-a363-1daa167d0439,2026-09-03 09:31:57.289663+00,,,9c2a0db3-c7e6-4d04-8b65-6cb56ec6b9f7,2026-09-03 09:26:26.769933+00
286b45c9-5bfb-4a1c-a2c7-d7da48abda78,2173 6567 3333 0364,merchant_allocated,c74f8bef-6fd7-40f2-a363-1daa167d0439,2026-09-03 09:31:57.289663+00,,,9c2a0db3-c7e6-4d04-8b65-6cb56ec6b9f7,2026-09-03 09:26:26.769933+00
286f34d1-8bf3-48d0-9326-c7ab23fb8492,2176 6567 3333 0484,unassigned,,,,,9c2a0db3-c7e6-4d04-8b65-6cb56ec6b9f7,2026-09-03 09:06:17.550685+00
28b827bc-fb04-4528-accd-89241aece83f,8667 7863 7616 0500,merchant_allocated,75eff299-f162-4427-8b08-04f404141ef9,2026-09-09 10:29:54.922115+00,,,9c2a0db3-c7e6-4d04-8b65-6cb56ec6b9f7,2026-09-09 10:16:46.810748+00
29265838-7ce1-48a1-b39d-43133f686dc7,2176 6567 3333 0461,unassigned,,,,,9c2a0db3-c7e6-4d04-8b65-6cb56ec6b9f7,2026-09-03 09:06:17.550685+00
292ab8e4-c614-4ae3-97f3-1054433fda39,2176 6567 3333 0200,unassigned,,,,,9c2a0db3-c7e6-4d04-8b65-6cb56ec6b9f7,2026-09-03 09:06:17.550685+00
292d43ed-d7f4-4084-ba6e-eb819e4cbd53,8783 5621 8877 0136,merchant_allocated,b64a2ee7-5fc4-434d-9b92-1fa730df2810,2026-09-09 05:29:06.233162+00,,,9c2a0db3-c7e6-4d04-8b65-6cb56ec6b9f7,2026-09-09 05:20:59.714662+00
293d1c4c-96a0-4ad4-8c4b-a69f8251e1ac,2173 6567 3333 0306,merchant_allocated,c74f8bef-6fd7-40f2-a363-1daa167d0439,2026-09-03 09:31:57.289663+00,,,9c2a0db3-c7e6-4d04-8b65-6cb56ec6b9f7,2026-09-03 09:26:26.769933+00
2940e0fd-9054-4c68-8de1-343715b0f92a,4821 4444 0000 0400,merchant_allocated,merch_  7,2026-08-03 17:46:28.931088+00,,,9c2a0db3-c7e6-4d04-8b65-6cb56ec6b9f7,2026-08-03 17:45:59.017505+00
295559b2-7e65-4204-bb36-22679d9a4e76,8783 5621 8877 0072,merchant_allocated,b64a2ee7-5fc4-434d-9b92-1fa730df2810,2026-09-09 05:29:06.233162+00,,,9c2a0db3-c7e6-4d04-8b65-6cb56ec6b9f7,2026-09-09 05:20:59.714662+00
298059d2-3179-4161-b7ff-19fbd9892509,8783 5621 8877 0414,merchant_allocated,b64a2ee7-5fc4-434d-9b92-1fa730df2810,2026-09-09 05:29:06.233162+00,,,9c2a0db3-c7e6-4d04-8b65-6cb56ec6b9f7,2026-09-09 05:20:59.714662+00
298e84bc-be71-49d8-a9f6-60a1e5c066ca,2173 6567 3333 0116,merchant_allocated,c74f8bef-6fd7-40f2-a363-1daa167d0439,2026-09-03 09:31:57.289663+00,,,9c2a0db3-c7e6-4d04-8b65-6cb56ec6b9f7,2026-09-03 09:26:26.769933+00
299134ff-bac6-47e2-acb2-2d5108d8937f,2176 6567 3333 0220,unassigned,,,,,9c2a0db3-c7e6-4d04-8b65-6cb56ec6b9f7,2026-09-03 09:06:17.550685+00
29b0d1e5-e56f-464e-aede-51b303280fce,7567 5342 8633 0061,merchant_allocated,4bf2fb6b-bdf3-49d3-ac1b-1e6e746c6643,2026-07-21 16:11:58.441179+00,,,9c2a0db3-c7e6-4d04-8b65-6cb56ec6b9f7,2026-07-21 16:10:31.33396+00
29ba94bd-115f-48e1-a2c1-55cb3f2b8388,2176 6567 3333 0433,unassigned,,,,,9c2a0db3-c7e6-4d04-8b65-6cb56ec6b9f7,2026-09-03 09:06:17.550685+00
29bb1e75-6388-4b09-89c3-d37fd5ff55ae,2176 6567 3333 0358,unassigned,,,,,9c2a0db3-c7e6-4d04-8b65-6cb56ec6b9f7,2026-09-03 09:06:17.550685+00
29bdd870-ec1c-4aab-ba3b-b14c83722032,2176 6567 3333 0121,unassigned,,,,,9c2a0db3-c7e6-4d04-8b65-6cb56ec6b9f7,2026-09-03 09:06:17.550685+00
29c616b5-1d10-4586-bd9b-778ecd7712c7,2176 6567 3333 0351,unassigned,,,,,9c2a0db3-c7e6-4d04-8b65-6cb56ec6b9f7,2026-09-03 09:06:17.550685+00
29e0d34a-dd6b-46ab-a770-ce60cbe88ddf,8667 7863 7616 0366,merchant_allocated,75eff299-f162-4427-8b08-04f404141ef9,2026-09-09 10:29:54.922115+00,,,9c2a0db3-c7e6-4d04-8b65-6cb56ec6b9f7,2026-09-09 10:16:46.810748+00
29e10deb-23fb-49f3-8848-3da64001718f,8667 7863 7616 0406,merchant_allocated,75eff299-f162-4427-8b08-04f404141ef9,2026-09-09 10:29:54.922115+00,,,9c2a0db3-c7e6-4d04-8b65-6cb56ec6b9f7,2026-09-09 10:16:46.810748+00
2a295e5e-c2f7-4469-aae1-05887f9a9c87,4555 8645 9367 0269,merchant_allocated,63c2aeec-7410-4c78-9a68-beb45b1c622c,2026-08-27 11:40:23.347781+00,,,9c2a0db3-c7e6-4d04-8b65-6cb56ec6b9f7,2026-08-27 11:34:13.556736+00
2a3f9b53-6546-4bab-97fb-68379ed05194,4555 8645 9367 0004,member_linked,63c2aeec-7410-4c78-9a68-beb45b1c622c,2026-08-27 11:40:23.347781+00,461eaeb4-9b09-4e15-af82-c7a66b7ce57d,2026-09-23 14:03:09.21555+00,9c2a0db3-c7e6-4d04-8b65-6cb56ec6b9f7,2026-08-27 11:34:13.556736+00
2a4f5a9d-29ca-4e89-a9c2-6e1af84f5acf,2176 6567 3333 0096,unassigned,,,,,9c2a0db3-c7e6-4d04-8b65-6cb56ec6b9f7,2026-09-03 09:06:17.550685+00
2a66b1b2-0471-4eff-a3ea-a5244ae53ee0,2176 6567 3333 0134,unassigned,,,,,9c2a0db3-c7e6-4d04-8b65-6cb56ec6b9f7,2026-09-03 09:06:17.550685+00
2a6f1d1c-4d55-40d6-9420-693209303e7e,8667 7863 7616 0048,merchant_allocated,75eff299-f162-4427-8b08-04f404141ef9,2026-09-09 10:29:54.922115+00,,,9c2a0db3-c7e6-4d04-8b65-6cb56ec6b9f7,2026-09-09 10:16:46.810748+00
2a708c99-e3d0-4c20-a64f-04071e7976aa,8783 5621 8877 0326,merchant_allocated,b64a2ee7-5fc4-434d-9b92-1fa730df2810,2026-09-09 05:29:06.233162+00,,,9c2a0db3-c7e6-4d04-8b65-6cb56ec6b9f7,2026-09-09 05:20:59.714662+00
2ac1db06-885a-49db-8ef6-d6491b353245,8783 5621 8877 0172,merchant_allocated,b64a2ee7-5fc4-434d-9b92-1fa730df2810,2026-09-09 05:29:06.233162+00,,,9c2a0db3-c7e6-4d04-8b65-6cb56ec6b9f7,2026-09-09 05:20:59.714662+00
2ad2db37-a6c3-4f9f-b285-3a82505c1f52,4555 8645 9367 0327,merchant_allocated,63c2aeec-7410-4c78-9a68-beb45b1c622c,2026-08-27 11:40:23.347781+00,,,9c2a0db3-c7e6-4d04-8b65-6cb56ec6b9f7,2026-08-27 11:34:13.556736+00
2adad879-a4e7-4dad-85dd-89c8db48a07d,7567 5342 8633 0041,merchant_allocated,4bf2fb6b-bdf3-49d3-ac1b-1e6e746c6643,2026-07-21 16:11:58.441179+00,,,9c2a0db3-c7e6-4d04-8b65-6cb56ec6b9f7,2026-07-21 16:10:31.33396+00
2add5fbe-a5c9-4dba-8d33-c3f15ecb3f13,8783 5621 8877 0249,merchant_allocated,b64a2ee7-5fc4-434d-9b92-1fa730df2810,2026-09-09 05:29:06.233162+00,,,9c2a0db3-c7e6-4d04-8b65-6cb56ec6b9f7,2026-09-09 05:20:59.714662+00
2b3067f8-5812-4b14-aad0-d0bf68ca8929,2173 6567 3333 0302,merchant_allocated,c74f8bef-6fd7-40f2-a363-1daa167d0439,2026-09-03 09:31:57.289663+00,,,9c2a0db3-c7e6-4d04-8b65-6cb56ec6b9f7,2026-09-03 09:26:26.769933+00
2b355155-7def-4811-a953-1ba490257280,8783 5621 8877 0449,merchant_allocated,b64a2ee7-5fc4-434d-9b92-1fa730df2810,2026-09-09 05:29:06.233162+00,,,9c2a0db3-c7e6-4d04-8b65-6cb56ec6b9f7,2026-09-09 05:20:59.714662+00
2b359f90-521d-47f9-9925-4c422e4a1a72,4555 8645 9367 0073,merchant_allocated,63c2aeec-7410-4c78-9a68-beb45b1c622c,2026-08-27 11:40:23.347781+00,,,9c2a0db3-c7e6-4d04-8b65-6cb56ec6b9f7,2026-08-27 11:34:13.556736+00
2b6b3d0c-f873-488c-9673-e149df765b53,8667 7863 7616 0319,merchant_allocated,75eff299-f162-4427-8b08-04f404141ef9,2026-09-09 10:29:54.922115+00,,,9c2a0db3-c7e6-4d04-8b65-6cb56ec6b9f7,2026-09-09 10:16:46.810748+00
2b90b94d-1644-4c3c-96e6-03464b911200,8667 7863 7616 0102,merchant_allocated,75eff299-f162-4427-8b08-04f404141ef9,2026-09-09 10:29:54.922115+00,,,9c2a0db3-c7e6-4d04-8b65-6cb56ec6b9f7,2026-09-09 10:16:46.810748+00
2bcbda86-0481-4970-a1a6-664c0d500fb6,8783 5621 8877 0444,merchant_allocated,b64a2ee7-5fc4-434d-9b92-1fa730df2810,2026-09-09 05:29:06.233162+00,,,9c2a0db3-c7e6-4d04-8b65-6cb56ec6b9f7,2026-09-09 05:20:59.714662+00
2bf1d8af-b75d-49cd-b45c-178c9cabddee,2173 6567 3333 0446,merchant_allocated,c74f8bef-6fd7-40f2-a363-1daa167d0439,2026-09-03 09:31:57.289663+00,,,9c2a0db3-c7e6-4d04-8b65-6cb56ec6b9f7,2026-09-03 09:26:26.769933+00
2bf80b73-c4c6-4cc8-a4fc-144a1d56217b,2176 6567 3333 0097,unassigned,,,,,9c2a0db3-c7e6-4d04-8b65-6cb56ec6b9f7,2026-09-03 09:06:17.550685+00
2c1b62a3-d568-458a-80dc-3b0f132e28ea,8667 7863 7616 0328,merchant_allocated,75eff299-f162-4427-8b08-04f404141ef9,2026-09-09 10:29:54.922115+00,,,9c2a0db3-c7e6-4d04-8b65-6cb56ec6b9f7,2026-09-09 10:16:46.810748+00
2c540d6f-5d8a-4256-9f73-d9d47116f0f2,8783 5621 8877 0034,merchant_allocated,b64a2ee7-5fc4-434d-9b92-1fa730df2810,2026-09-09 05:29:06.233162+00,,,9c2a0db3-c7e6-4d04-8b65-6cb56ec6b9f7,2026-09-09 05:20:59.714662+00
2c690be0-1d4a-4b75-a590-b04863d731a5,8667 7863 7616 0030,merchant_allocated,75eff299-f162-4427-8b08-04f404141ef9,2026-09-09 10:29:54.922115+00,,,9c2a0db3-c7e6-4d04-8b65-6cb56ec6b9f7,2026-09-09 10:16:46.810748+00
2c6e3672-c9d4-4b7e-8c9b-14f678d89a99,4555 8645 9367 0065,merchant_allocated,63c2aeec-7410-4c78-9a68-beb45b1c622c,2026-08-27 11:40:23.347781+00,,,9c2a0db3-c7e6-4d04-8b65-6cb56ec6b9f7,2026-08-27 11:34:13.556736+00
2c8d7498-5949-41d7-baf6-4d9ae6d672f0,2176 6567 3333 0361,unassigned,,,,,9c2a0db3-c7e6-4d04-8b65-6cb56ec6b9f7,2026-09-03 09:06:17.550685+00
2cca186d-82f4-4e65-b689-52d68b0d58a5,2173 6567 3333 0060,merchant_allocated,c74f8bef-6fd7-40f2-a363-1daa167d0439,2026-09-03 09:31:57.289663+00,,,9c2a0db3-c7e6-4d04-8b65-6cb56ec6b9f7,2026-09-03 09:26:26.769933+00
2ccfdc19-f2d8-49c8-910a-f96367d53def,4555 8645 9367 0146,merchant_allocated,63c2aeec-7410-4c78-9a68-beb45b1c622c,2026-08-27 11:40:23.347781+00,,,9c2a0db3-c7e6-4d04-8b65-6cb56ec6b9f7,2026-08-27 11:34:13.556736+00
2cebec10-0acb-442b-9d23-66c2833cd159,8689 6453 5689 0051,merchant_allocated,bc3951f9-ff8c-436b-8322-e5dd6592ca4b,2026-09-05 05:47:39.366708+00,,,9c2a0db3-c7e6-4d04-8b65-6cb56ec6b9f7,2026-09-05 05:42:03.795053+00
2cf5709c-5496-4709-a7fd-350aea8e8e3c,8667 7863 7616 0316,merchant_allocated,75eff299-f162-4427-8b08-04f404141ef9,2026-09-09 10:29:54.922115+00,,,9c2a0db3-c7e6-4d04-8b65-6cb56ec6b9f7,2026-09-09 10:16:46.810748+00
2d21a0fb-d28c-4341-a8ab-d13380b3104e,2176 6567 3333 0407,unassigned,,,,,9c2a0db3-c7e6-4d04-8b65-6cb56ec6b9f7,2026-09-03 09:06:17.550685+00
2d480594-d599-42d8-bd7f-c8c6bf6a2226,4555 8645 9367 0354,merchant_allocated,63c2aeec-7410-4c78-9a68-beb45b1c622c,2026-08-27 11:40:23.347781+00,,,9c2a0db3-c7e6-4d04-8b65-6cb56ec6b9f7,2026-08-27 11:34:13.556736+00
2d584e30-d909-457a-be84-dec6ed861838,4555 8645 9367 0121,merchant_allocated,63c2aeec-7410-4c78-9a68-beb45b1c622c,2026-08-27 11:40:23.347781+00,,,9c2a0db3-c7e6-4d04-8b65-6cb56ec6b9f7,2026-08-27 11:34:13.556736+00
2d5a5cab-22d5-4bf9-9191-822520fbe8de,8667 7863 7616 0005,member_linked,75eff299-f162-4427-8b08-04f404141ef9,2026-09-09 10:29:54.922115+00,30d516ea-5f2c-4aee-b6f7-3365b963c288,2026-09-25 09:35:55.745425+00,9c2a0db3-c7e6-4d04-8b65-6cb56ec6b9f7,2026-09-09 10:16:46.810748+00
2d76f415-cdfc-494c-9fa0-bf92e4b221a8,2176 6567 3333 0416,unassigned,,,,,9c2a0db3-c7e6-4d04-8b65-6cb56ec6b9f7,2026-09-03 09:06:17.550685+00
2d7a8738-acd3-4ee9-8b66-86eb79c26fed,2176 6567 3333 0171,unassigned,,,,,9c2a0db3-c7e6-4d04-8b65-6cb56ec6b9f7,2026-09-03 09:06:17.550685+00
2d80e7b7-d297-4e98-8d47-970fb4161369,2176 6567 3333 0395,unassigned,,,,,9c2a0db3-c7e6-4d04-8b65-6cb56ec6b9f7,2026-09-03 09:06:17.550685+00
2d85fb35-b601-4bdd-a637-f99928ba1f40,2173 6567 3333 0397,merchant_allocated,c74f8bef-6fd7-40f2-a363-1daa167d0439,2026-09-03 09:31:57.289663+00,,,9c2a0db3-c7e6-4d04-8b65-6cb56ec6b9f7,2026-09-03 09:26:26.769933+00
2d8e6949-6c3b-48d2-88c3-c6061072811e,2176 6567 3333 0444,unassigned,,,,,9c2a0db3-c7e6-4d04-8b65-6cb56ec6b9f7,2026-09-03 09:06:17.550685+00
2d9ea639-6daf-4047-b01b-cb09e4f71aa5,4555 8645 9367 0191,merchant_allocated,63c2aeec-7410-4c78-9a68-beb45b1c622c,2026-08-27 11:40:23.347781+00,,,9c2a0db3-c7e6-4d04-8b65-6cb56ec6b9f7,2026-08-27 11:34:13.556736+00
2dc2b8c1-68e2-4b62-bacb-f8115be0b82b,8783 5621 8877 0328,merchant_allocated,b64a2ee7-5fc4-434d-9b92-1fa730df2810,2026-09-09 05:29:06.233162+00,,,9c2a0db3-c7e6-4d04-8b65-6cb56ec6b9f7,2026-09-09 05:20:59.714662+00
2de02235-b448-46b7-88e1-f854796e7485,2173 6567 3333 0417,merchant_allocated,c74f8bef-6fd7-40f2-a363-1daa167d0439,2026-09-03 09:31:57.289663+00,,,9c2a0db3-c7e6-4d04-8b65-6cb56ec6b9f7,2026-09-03 09:26:26.769933+00
2de52977-34d5-4d32-8522-ffeb9fe09423,2173 6567 3333 0460,merchant_allocated,c74f8bef-6fd7-40f2-a363-1daa167d0439,2026-09-03 09:31:57.289663+00,,,9c2a0db3-c7e6-4d04-8b65-6cb56ec6b9f7,2026-09-03 09:26:26.769933+00
2df1012d-96d4-4352-be7f-15f7d7b9091c,4555 8645 9367 0192,merchant_allocated,63c2aeec-7410-4c78-9a68-beb45b1c622c,2026-08-27 11:40:23.347781+00,,,9c2a0db3-c7e6-4d04-8b65-6cb56ec6b9f7,2026-08-27 11:34:13.556736+00
2df2bc36-f382-43a6-9e0b-74cfabe6cfee,8689 6453 5689 0110,member_linked,bc3951f9-ff8c-436b-8322-e5dd6592ca4b,2026-09-05 05:47:39.366708+00,a7c1fae6-6866-4219-bf40-ecc06f71eed8,2026-09-05 06:27:30.662146+00,9c2a0db3-c7e6-4d04-8b65-6cb56ec6b9f7,2026-09-05 05:42:03.795053+00
2e14441f-b8d3-45a0-bf39-4e38fd27ae1d,8667 7863 7616 0067,merchant_allocated,75eff299-f162-4427-8b08-04f404141ef9,2026-09-09 10:29:54.922115+00,,,9c2a0db3-c7e6-4d04-8b65-6cb56ec6b9f7,2026-09-09 10:16:46.810748+00
2e1a641f-3ba8-4d4b-aee9-3233333033eb,8783 5621 8877 0437,merchant_allocated,b64a2ee7-5fc4-434d-9b92-1fa730df2810,2026-09-09 05:29:06.233162+00,,,9c2a0db3-c7e6-4d04-8b65-6cb56ec6b9f7,2026-09-09 05:20:59.714662+00
2e21a0a2-8999-409f-babe-11c438e1879c,8667 7863 7616 0051,merchant_allocated,75eff299-f162-4427-8b08-04f404141ef9,2026-09-09 10:29:54.922115+00,,,9c2a0db3-c7e6-4d04-8b65-6cb56ec6b9f7,2026-09-09 10:16:46.810748+00
2e327997-94ff-4220-9678-3bfd4085c7f4,8783 5621 8877 0180,merchant_allocated,b64a2ee7-5fc4-434d-9b92-1fa730df2810,2026-09-09 05:29:06.233162+00,,,9c2a0db3-c7e6-4d04-8b65-6cb56ec6b9f7,2026-09-09 05:20:59.714662+00
2e3a3b64-fd16-4185-8568-688be6be8701,8783 5621 8877 0071,merchant_allocated,b64a2ee7-5fc4-434d-9b92-1fa730df2810,2026-09-09 05:29:06.233162+00,,,9c2a0db3-c7e6-4d04-8b65-6cb56ec6b9f7,2026-09-09 05:20:59.714662+00
2e3d06cf-9646-43f2-998a-a01b78046268,2176 6567 3333 0492,unassigned,,,,,9c2a0db3-c7e6-4d04-8b65-6cb56ec6b9f7,2026-09-03 09:06:17.550685+00
2e5f4544-591a-4444-8c88-164e47dbe537,8667 7863 7616 0416,merchant_allocated,75eff299-f162-4427-8b08-04f404141ef9,2026-09-09 10:29:54.922115+00,,,9c2a0db3-c7e6-4d04-8b65-6cb56ec6b9f7,2026-09-09 10:16:46.810748+00
2e6b17b6-0a34-42ca-bb38-670f56d6eeff,4555 8645 9367 0186,merchant_allocated,63c2aeec-7410-4c78-9a68-beb45b1c622c,2026-08-27 11:40:23.347781+00,,,9c2a0db3-c7e6-4d04-8b65-6cb56ec6b9f7,2026-08-27 11:34:13.556736+00
2e79ccbc-90bc-4e86-b8db-169caf311765,2176 6567 3333 0470,unassigned,,,,,9c2a0db3-c7e6-4d04-8b65-6cb56ec6b9f7,2026-09-03 09:06:17.550685+00
2e8746c7-cf40-4038-b519-fe6f9039f41c,2173 6567 3333 0264,merchant_allocated,c74f8bef-6fd7-40f2-a363-1daa167d0439,2026-09-03 09:31:57.289663+00,,,9c2a0db3-c7e6-4d04-8b65-6cb56ec6b9f7,2026-09-03 09:26:26.769933+00
2e9182c6-2bb0-4465-b508-d0b87bdf6f14,2176 6567 3333 0141,unassigned,,,,,9c2a0db3-c7e6-4d04-8b65-6cb56ec6b9f7,2026-09-03 09:06:17.550685+00
2e9c17ae-1f19-48dc-ad7c-714f748bcdea,8667 7863 7616 0340,merchant_allocated,75eff299-f162-4427-8b08-04f404141ef9,2026-09-09 10:29:54.922115+00,,,9c2a0db3-c7e6-4d04-8b65-6cb56ec6b9f7,2026-09-09 10:16:46.810748+00
2ea000ff-fec2-40ee-bd01-4078c740960f,2176 6567 3333 0174,unassigned,,,,,9c2a0db3-c7e6-4d04-8b65-6cb56ec6b9f7,2026-09-03 09:06:17.550685+00
2eb40060-dbfc-415a-a5d6-f85366d41fef,8667 7863 7616 0107,merchant_allocated,75eff299-f162-4427-8b08-04f404141ef9,2026-09-09 10:29:54.922115+00,,,9c2a0db3-c7e6-4d04-8b65-6cb56ec6b9f7,2026-09-09 10:16:46.810748+00
2edcc591-ac51-4b6d-bb09-4145d9c0d56c,2173 6567 3333 0248,merchant_allocated,c74f8bef-6fd7-40f2-a363-1daa167d0439,2026-09-03 09:31:57.289663+00,,,9c2a0db3-c7e6-4d04-8b65-6cb56ec6b9f7,2026-09-03 09:26:26.769933+00
2edd3681-b483-49b2-81b8-b82e7d12d03f,8783 5621 8877 0271,merchant_allocated,b64a2ee7-5fc4-434d-9b92-1fa730df2810,2026-09-09 05:29:06.233162+00,,,9c2a0db3-c7e6-4d04-8b65-6cb56ec6b9f7,2026-09-09 05:20:59.714662+00
2ef4dd54-f626-490d-b27a-08f8db306fbc,4555 8645 9367 0217,merchant_allocated,63c2aeec-7410-4c78-9a68-beb45b1c622c,2026-08-27 11:40:23.347781+00,,,9c2a0db3-c7e6-4d04-8b65-6cb56ec6b9f7,2026-08-27 11:34:13.556736+00
2f006311-09cd-4a0e-90cd-fdb3ba97e74b,4555 8645 9367 0465,merchant_allocated,63c2aeec-7410-4c78-9a68-beb45b1c622c,2026-08-27 11:40:23.347781+00,,,9c2a0db3-c7e6-4d04-8b65-6cb56ec6b9f7,2026-08-27 11:34:13.556736+00
2f02f45e-a2eb-4063-b228-8d13dab440ed,8667 7863 7616 0440,merchant_allocated,75eff299-f162-4427-8b08-04f404141ef9,2026-09-09 10:29:54.922115+00,,,9c2a0db3-c7e6-4d04-8b65-6cb56ec6b9f7,2026-09-09 10:16:46.810748+00
2f1de600-9fb3-4972-b53b-568c51df4bee,2173 6567 3333 0232,merchant_allocated,c74f8bef-6fd7-40f2-a363-1daa167d0439,2026-09-03 09:31:57.289663+00,,,9c2a0db3-c7e6-4d04-8b65-6cb56ec6b9f7,2026-09-03 09:26:26.769933+00
2f300ed6-2389-47d5-bfdc-c6f93ee5151a,8783 5621 8877 0471,merchant_allocated,b64a2ee7-5fc4-434d-9b92-1fa730df2810,2026-09-09 05:29:06.233162+00,,,9c2a0db3-c7e6-4d04-8b65-6cb56ec6b9f7,2026-09-09 05:20:59.714662+00
2f5f49b2-f1e2-4597-a740-57f4d54f5535,2176 6567 3333 0321,unassigned,,,,,9c2a0db3-c7e6-4d04-8b65-6cb56ec6b9f7,2026-09-03 09:06:17.550685+00
2f807a6c-6b16-4575-aa6d-ecd6dbdb88ed,8783 5621 8877 0120,merchant_allocated,b64a2ee7-5fc4-434d-9b92-1fa730df2810,2026-09-09 05:29:06.233162+00,,,9c2a0db3-c7e6-4d04-8b65-6cb56ec6b9f7,2026-09-09 05:20:59.714662+00
2f85b3ea-796d-4373-8fd8-887deaa0ea4b,2173 6567 3333 0128,merchant_allocated,c74f8bef-6fd7-40f2-a363-1daa167d0439,2026-09-03 09:31:57.289663+00,,,9c2a0db3-c7e6-4d04-8b65-6cb56ec6b9f7,2026-09-03 09:26:26.769933+00
2f96bac5-d903-40d3-b4b4-0f70419699dd,8783 5621 8877 0007,merchant_allocated,b64a2ee7-5fc4-434d-9b92-1fa730df2810,2026-09-09 05:29:06.233162+00,,,9c2a0db3-c7e6-4d04-8b65-6cb56ec6b9f7,2026-09-09 05:20:59.714662+00
2fcbfef3-0b9a-48a8-8996-936de74f3e3f,2176 6567 3333 0266,unassigned,,,,,9c2a0db3-c7e6-4d04-8b65-6cb56ec6b9f7,2026-09-03 09:06:17.550685+00
2fd79c80-4868-4e34-915e-71e7b7832b56,4555 8645 9367 0120,merchant_allocated,63c2aeec-7410-4c78-9a68-beb45b1c622c,2026-08-27 11:40:23.347781+00,,,9c2a0db3-c7e6-4d04-8b65-6cb56ec6b9f7,2026-08-27 11:34:13.556736+00
2fe485b9-693c-4aab-8fd9-392fc99ad7f3,4555 8645 9367 0107,merchant_allocated,63c2aeec-7410-4c78-9a68-beb45b1c622c,2026-08-27 11:40:23.347781+00,,,9c2a0db3-c7e6-4d04-8b65-6cb56ec6b9f7,2026-08-27 11:34:13.556736+00
302618eb-00dd-4ccb-aba6-68d085d6108b,2176 6567 3333 0246,unassigned,,,,,9c2a0db3-c7e6-4d04-8b65-6cb56ec6b9f7,2026-09-03 09:06:17.550685+00
3031fecf-b272-47cd-a0d3-c59bc629ebbd,2176 6567 3333 0457,unassigned,,,,,9c2a0db3-c7e6-4d04-8b65-6cb56ec6b9f7,2026-09-03 09:06:17.550685+00
305dee38-9eef-4fc2-b6c4-5f10a2739711,4555 8645 9367 0013,merchant_allocated,63c2aeec-7410-4c78-9a68-beb45b1c622c,2026-08-27 11:40:23.347781+00,,,9c2a0db3-c7e6-4d04-8b65-6cb56ec6b9f7,2026-08-27 11:34:13.556736+00
306dccf0-b9de-4fcc-b870-5e644514bc16,8667 7863 7616 0180,merchant_allocated,75eff299-f162-4427-8b08-04f404141ef9,2026-09-09 10:29:54.922115+00,,,9c2a0db3-c7e6-4d04-8b65-6cb56ec6b9f7,2026-09-09 10:16:46.810748+00
3074a893-b937-4bf3-ba5d-a6ba566ae65d,2176 6567 3333 0276,unassigned,,,,,9c2a0db3-c7e6-4d04-8b65-6cb56ec6b9f7,2026-09-03 09:06:17.550685+00
3080295f-61d9-4c0b-9626-460149be8129,8783 5621 8877 0211,merchant_allocated,b64a2ee7-5fc4-434d-9b92-1fa730df2810,2026-09-09 05:29:06.233162+00,,,9c2a0db3-c7e6-4d04-8b65-6cb56ec6b9f7,2026-09-09 05:20:59.714662+00
30969298-0f1b-41c8-b05d-38afe191f017,8783 5621 8877 0345,merchant_allocated,b64a2ee7-5fc4-434d-9b92-1fa730df2810,2026-09-09 05:29:06.233162+00,,,9c2a0db3-c7e6-4d04-8b65-6cb56ec6b9f7,2026-09-09 05:20:59.714662+00
309d560c-58c0-475d-842f-009452b09036,8667 7863 7616 0433,merchant_allocated,75eff299-f162-4427-8b08-04f404141ef9,2026-09-09 10:29:54.922115+00,,,9c2a0db3-c7e6-4d04-8b65-6cb56ec6b9f7,2026-09-09 10:16:46.810748+00
30dcaf7c-4169-4f86-b44d-49af7b8e7c8d,2176 6567 3333 0257,unassigned,,,,,9c2a0db3-c7e6-4d04-8b65-6cb56ec6b9f7,2026-09-03 09:06:17.550685+00
30fdc2ae-53b8-4321-a8b2-36096b54811e,4555 8645 9367 0494,merchant_allocated,63c2aeec-7410-4c78-9a68-beb45b1c622c,2026-08-27 11:40:23.347781+00,,,9c2a0db3-c7e6-4d04-8b65-6cb56ec6b9f7,2026-08-27 11:34:13.556736+00
3109cc7b-708a-45cd-a2a8-169b097e30c9,2173 6567 3333 0472,merchant_allocated,c74f8bef-6fd7-40f2-a363-1daa167d0439,2026-09-03 09:31:57.289663+00,,,9c2a0db3-c7e6-4d04-8b65-6cb56ec6b9f7,2026-09-03 09:26:26.769933+00
3130feef-059f-4ee9-baa1-692da2a1c587,4821 6739 0000 4400,merchant_allocated,merch_  6,2026-07-28 06:48:05.660888+00,,,9c2a0db3-c7e6-4d04-8b65-6cb56ec6b9f7,2026-07-28 06:47:38.92065+00
3131430d-f028-4101-b68c-d55f48448f45,4555 8645 9367 0446,merchant_allocated,63c2aeec-7410-4c78-9a68-beb45b1c622c,2026-08-27 11:40:23.347781+00,,,9c2a0db3-c7e6-4d04-8b65-6cb56ec6b9f7,2026-08-27 11:34:13.556736+00
315849fb-ba3c-41ac-852a-19dab4162467,2176 6567 3333 0348,unassigned,,,,,9c2a0db3-c7e6-4d04-8b65-6cb56ec6b9f7,2026-09-03 09:06:17.550685+00
31871630-4aa2-4425-8b2e-2af47ddada81,2173 6567 3333 0045,merchant_allocated,c74f8bef-6fd7-40f2-a363-1daa167d0439,2026-09-03 09:31:57.289663+00,,,9c2a0db3-c7e6-4d04-8b65-6cb56ec6b9f7,2026-09-03 09:26:26.769933+00
318adad8-4fbe-4db1-bd06-48c9469db78f,4555 8645 9367 0006,member_linked,63c2aeec-7410-4c78-9a68-beb45b1c622c,2026-08-27 11:40:23.347781+00,c9d8778b-8772-4888-96b5-e5b5f45fe7da,2026-09-23 14:10:15.026865+00,9c2a0db3-c7e6-4d04-8b65-6cb56ec6b9f7,2026-08-27 11:34:13.556736+00
31aa0c08-856f-4677-b197-325de09ec895,8667 7863 7616 0334,merchant_allocated,75eff299-f162-4427-8b08-04f404141ef9,2026-09-09 10:29:54.922115+00,,,9c2a0db3-c7e6-4d04-8b65-6cb56ec6b9f7,2026-09-09 10:16:46.810748+00
31ad3acd-b5a7-4d3f-9496-f1dac30da9c6,8689 6453 5689 0043,merchant_allocated,bc3951f9-ff8c-436b-8322-e5dd6592ca4b,2026-09-05 05:47:39.366708+00,,,9c2a0db3-c7e6-4d04-8b65-6cb56ec6b9f7,2026-09-05 05:42:03.795053+00
31b28b63-fd2e-4702-bdaa-ea38c53a3d92,8783 5621 8877 0487,merchant_allocated,b64a2ee7-5fc4-434d-9b92-1fa730df2810,2026-09-09 05:29:06.233162+00,,,9c2a0db3-c7e6-4d04-8b65-6cb56ec6b9f7,2026-09-09 05:20:59.714662+00
31ddfc9f-0cf1-4050-8322-397d6dbfb5cb,8667 7863 7616 0095,merchant_allocated,75eff299-f162-4427-8b08-04f404141ef9,2026-09-09 10:29:54.922115+00,,,9c2a0db3-c7e6-4d04-8b65-6cb56ec6b9f7,2026-09-09 10:16:46.810748+00
31e9c3ac-1460-42e0-8140-90c0091fcfea,2176 6567 3333 0037,unassigned,,,,,9c2a0db3-c7e6-4d04-8b65-6cb56ec6b9f7,2026-09-03 09:06:17.550685+00
3227be7a-23ae-4bf4-a462-9102dd9c9115,4555 8645 9367 0225,merchant_allocated,63c2aeec-7410-4c78-9a68-beb45b1c622c,2026-08-27 11:40:23.347781+00,,,9c2a0db3-c7e6-4d04-8b65-6cb56ec6b9f7,2026-08-27 11:34:13.556736+00
322e3cef-8070-4505-9a18-ad5e728eb1c4,4821 4444 0000 4100,merchant_allocated,merch_  7,2026-08-03 17:46:28.931088+00,,,9c2a0db3-c7e6-4d04-8b65-6cb56ec6b9f7,2026-08-03 17:45:59.017505+00
323ff803-76e4-4d98-a426-d6c13ebd3c34,2173 6567 3333 0175,merchant_allocated,c74f8bef-6fd7-40f2-a363-1daa167d0439,2026-09-03 09:31:57.289663+00,,,9c2a0db3-c7e6-4d04-8b65-6cb56ec6b9f7,2026-09-03 09:26:26.769933+00
32914671-d414-44b5-b37d-8cb1436af6aa,2173 6567 3333 0486,merchant_allocated,c74f8bef-6fd7-40f2-a363-1daa167d0439,2026-09-03 09:31:57.289663+00,,,9c2a0db3-c7e6-4d04-8b65-6cb56ec6b9f7,2026-09-03 09:26:26.769933+00
3296fdee-8a3e-4cb2-b678-bfb3faa5901c,2173 6567 3333 0269,merchant_allocated,c74f8bef-6fd7-40f2-a363-1daa167d0439,2026-09-03 09:31:57.289663+00,,,9c2a0db3-c7e6-4d04-8b65-6cb56ec6b9f7,2026-09-03 09:26:26.769933+00
32c42ae8-30fc-468a-8658-21741fe1a300,2176 6567 3333 0213,unassigned,,,,,9c2a0db3-c7e6-4d04-8b65-6cb56ec6b9f7,2026-09-03 09:06:17.550685+00
32c71656-685e-430b-bfd0-1fac6b22535a,2173 6567 3333 0348,merchant_allocated,c74f8bef-6fd7-40f2-a363-1daa167d0439,2026-09-03 09:31:57.289663+00,,,9c2a0db3-c7e6-4d04-8b65-6cb56ec6b9f7,2026-09-03 09:26:26.769933+00
32d79c4b-f22c-4d58-8c4e-c3f1dbd0cec5,8783 5621 8877 0493,merchant_allocated,b64a2ee7-5fc4-434d-9b92-1fa730df2810,2026-09-09 05:29:06.233162+00,,,9c2a0db3-c7e6-4d04-8b65-6cb56ec6b9f7,2026-09-09 05:20:59.714662+00
32df84fe-2c4b-4155-ac99-6b5ae31b0a51,4555 8645 9367 0268,merchant_allocated,63c2aeec-7410-4c78-9a68-beb45b1c622c,2026-08-27 11:40:23.347781+00,,,9c2a0db3-c7e6-4d04-8b65-6cb56ec6b9f7,2026-08-27 11:34:13.556736+00
32f5ce13-a095-41de-8dea-1dd6ca2f7107,2173 6567 3333 0213,merchant_allocated,c74f8bef-6fd7-40f2-a363-1daa167d0439,2026-09-03 09:31:57.289663+00,,,9c2a0db3-c7e6-4d04-8b65-6cb56ec6b9f7,2026-09-03 09:26:26.769933+00
330a6091-3266-4f57-ac0b-d1951da411b0,8783 5621 8877 0073,merchant_allocated,b64a2ee7-5fc4-434d-9b92-1fa730df2810,2026-09-09 05:29:06.233162+00,,,9c2a0db3-c7e6-4d04-8b65-6cb56ec6b9f7,2026-09-09 05:20:59.714662+00
33258742-31bb-47b6-8aa7-2cf973b3d29e,8667 7863 7616 0174,merchant_allocated,75eff299-f162-4427-8b08-04f404141ef9,2026-09-09 10:29:54.922115+00,,,9c2a0db3-c7e6-4d04-8b65-6cb56ec6b9f7,2026-09-09 10:16:46.810748+00
3346c740-e972-4868-8cd9-296fbcf83d6b,2176 6567 3333 0309,unassigned,,,,,9c2a0db3-c7e6-4d04-8b65-6cb56ec6b9f7,2026-09-03 09:06:17.550685+00
3350f2b7-3fc6-47c9-9420-270e4f51e2a4,8667 7863 7616 0453,merchant_allocated,75eff299-f162-4427-8b08-04f404141ef9,2026-09-09 10:29:54.922115+00,,,9c2a0db3-c7e6-4d04-8b65-6cb56ec6b9f7,2026-09-09 10:16:46.810748+00
3365c190-6cee-4860-b4b2-a104e7fd5be2,2173 6567 3333 0218,merchant_allocated,c74f8bef-6fd7-40f2-a363-1daa167d0439,2026-09-03 09:31:57.289663+00,,,9c2a0db3-c7e6-4d04-8b65-6cb56ec6b9f7,2026-09-03 09:26:26.769933+00
337b5aa3-a590-4a6f-aaf7-4beb93fade01,2176 6567 3333 0455,unassigned,,,,,9c2a0db3-c7e6-4d04-8b65-6cb56ec6b9f7,2026-09-03 09:06:17.550685+00
33b18e81-4c5b-4c5a-a09a-983cd854bb2d,8783 5621 8877 0232,merchant_allocated,b64a2ee7-5fc4-434d-9b92-1fa730df2810,2026-09-09 05:29:06.233162+00,,,9c2a0db3-c7e6-4d04-8b65-6cb56ec6b9f7,2026-09-09 05:20:59.714662+00
33b25ca4-32fe-4de5-90a5-0cb145dc63d9,8783 5621 8877 0408,merchant_allocated,b64a2ee7-5fc4-434d-9b92-1fa730df2810,2026-09-09 05:29:06.233162+00,,,9c2a0db3-c7e6-4d04-8b65-6cb56ec6b9f7,2026-09-09 05:20:59.714662+00
33c7ae27-7360-4091-91cb-98d28c0463c5,8783 5621 8877 0008,merchant_allocated,b64a2ee7-5fc4-434d-9b92-1fa730df2810,2026-09-09 05:29:06.233162+00,,,9c2a0db3-c7e6-4d04-8b65-6cb56ec6b9f7,2026-09-09 05:20:59.714662+00
33dbe26a-7234-443f-be5b-b08f047963ef,8667 7863 7616 0428,merchant_allocated,75eff299-f162-4427-8b08-04f404141ef9,2026-09-09 10:29:54.922115+00,,,9c2a0db3-c7e6-4d04-8b65-6cb56ec6b9f7,2026-09-09 10:16:46.810748+00
33e0098e-904b-4033-b59a-d97eb61ba521,4555 8645 9367 0102,merchant_allocated,63c2aeec-7410-4c78-9a68-beb45b1c622c,2026-08-27 11:40:23.347781+00,,,9c2a0db3-c7e6-4d04-8b65-6cb56ec6b9f7,2026-08-27 11:34:13.556736+00
33ec26f3-c27d-464a-92e9-e4021e8d097b,2176 6567 3333 0160,unassigned,,,,,9c2a0db3-c7e6-4d04-8b65-6cb56ec6b9f7,2026-09-03 09:06:17.550685+00
343b5b78-c1b0-441e-ac2a-3850312faffc,8783 5621 8877 0041,merchant_allocated,b64a2ee7-5fc4-434d-9b92-1fa730df2810,2026-09-09 05:29:06.233162+00,,,9c2a0db3-c7e6-4d04-8b65-6cb56ec6b9f7,2026-09-09 05:20:59.714662+00
343e4cf7-e32c-4611-bc99-964af1340dd1,8667 7863 7616 0231,merchant_allocated,75eff299-f162-4427-8b08-04f404141ef9,2026-09-09 10:29:54.922115+00,,,9c2a0db3-c7e6-4d04-8b65-6cb56ec6b9f7,2026-09-09 10:16:46.810748+00
3442fd97-1b04-41f1-a75f-a0fc8ce31c7e,2173 6567 3333 0234,merchant_allocated,c74f8bef-6fd7-40f2-a363-1daa167d0439,2026-09-03 09:31:57.289663+00,,,9c2a0db3-c7e6-4d04-8b65-6cb56ec6b9f7,2026-09-03 09:26:26.769933+00
3465331c-5ef9-4bdc-880f-c3872cd84558,2176 6567 3333 0030,unassigned,,,,,9c2a0db3-c7e6-4d04-8b65-6cb56ec6b9f7,2026-09-03 09:06:17.550685+00
3479d173-db00-4ca5-ab30-dc99c61c79e3,8783 5621 8877 0386,merchant_allocated,b64a2ee7-5fc4-434d-9b92-1fa730df2810,2026-09-09 05:29:06.233162+00,,,9c2a0db3-c7e6-4d04-8b65-6cb56ec6b9f7,2026-09-09 05:20:59.714662+00
34c59bf8-4488-410e-87ae-f4fdd8af0181,8783 5621 8877 0459,merchant_allocated,b64a2ee7-5fc4-434d-9b92-1fa730df2810,2026-09-09 05:29:06.233162+00,,,9c2a0db3-c7e6-4d04-8b65-6cb56ec6b9f7,2026-09-09 05:20:59.714662+00
34e8edc4-d242-4b04-81c4-e7e78bb8ee17,2176 6567 3333 0100,unassigned,,,,,9c2a0db3-c7e6-4d04-8b65-6cb56ec6b9f7,2026-09-03 09:06:17.550685+00
34fb9c83-623a-4014-80b6-0737f4cc4c96,8783 5621 8877 0259,merchant_allocated,b64a2ee7-5fc4-434d-9b92-1fa730df2810,2026-09-09 05:29:06.233162+00,,,9c2a0db3-c7e6-4d04-8b65-6cb56ec6b9f7,2026-09-09 05:20:59.714662+00
3515715b-2085-4130-b306-f1bf49fb4f54,2176 6567 3333 0102,unassigned,,,,,9c2a0db3-c7e6-4d04-8b65-6cb56ec6b9f7,2026-09-03 09:06:17.550685+00
3527ace4-1a4d-4543-b73c-f98acc558cc9,8783 5621 8877 0421,merchant_allocated,b64a2ee7-5fc4-434d-9b92-1fa730df2810,2026-09-09 05:29:06.233162+00,,,9c2a0db3-c7e6-4d04-8b65-6cb56ec6b9f7,2026-09-09 05:20:59.714662+00
3533d51b-c9cc-4fe7-b2d1-c0f4b569e1b9,8783 5621 8877 0462,merchant_allocated,b64a2ee7-5fc4-434d-9b92-1fa730df2810,2026-09-09 05:29:06.233162+00,,,9c2a0db3-c7e6-4d04-8b65-6cb56ec6b9f7,2026-09-09 05:20:59.714662+00
353d0e4c-5eab-4044-8a7f-6da2c3abc123,2176 6567 3333 0243,unassigned,,,,,9c2a0db3-c7e6-4d04-8b65-6cb56ec6b9f7,2026-09-03 09:06:17.550685+00
35529c38-1021-4fac-881a-d62fb04a1565,8667 7863 7616 0135,merchant_allocated,75eff299-f162-4427-8b08-04f404141ef9,2026-09-09 10:29:54.922115+00,,,9c2a0db3-c7e6-4d04-8b65-6cb56ec6b9f7,2026-09-09 10:16:46.810748+00
35a9765b-0791-47bd-83a2-28cee4a991cd,8783 5621 8877 0403,merchant_allocated,b64a2ee7-5fc4-434d-9b92-1fa730df2810,2026-09-09 05:29:06.233162+00,,,9c2a0db3-c7e6-4d04-8b65-6cb56ec6b9f7,2026-09-09 05:20:59.714662+00
35afa90c-543e-4a20-998c-4fb28bcec8cd,4555 8645 9367 0271,merchant_allocated,63c2aeec-7410-4c78-9a68-beb45b1c622c,2026-08-27 11:40:23.347781+00,,,9c2a0db3-c7e6-4d04-8b65-6cb56ec6b9f7,2026-08-27 11:34:13.556736+00
35c9bb6d-e91f-43c5-876c-ef2a4abdf06b,4555 8645 9367 0334,merchant_allocated,63c2aeec-7410-4c78-9a68-beb45b1c622c,2026-08-27 11:40:23.347781+00,,,9c2a0db3-c7e6-4d04-8b65-6cb56ec6b9f7,2026-08-27 11:34:13.556736+00
35d175ef-2973-4021-afa1-d12de6ad8840,8667 7863 7616 0177,merchant_allocated,75eff299-f162-4427-8b08-04f404141ef9,2026-09-09 10:29:54.922115+00,,,9c2a0db3-c7e6-4d04-8b65-6cb56ec6b9f7,2026-09-09 10:16:46.810748+00
35eae47c-68b7-4bb9-b0f3-e2de619c20e1,2176 6567 3333 0093,unassigned,,,,,9c2a0db3-c7e6-4d04-8b65-6cb56ec6b9f7,2026-09-03 09:06:17.550685+00
3602e5a9-a410-4495-a0ca-75d3bde254f3,2176 6567 3333 0002,unassigned,,,,,9c2a0db3-c7e6-4d04-8b65-6cb56ec6b9f7,2026-09-03 09:06:17.550685+00
3611161e-9e87-4c99-b257-eb16538380f9,2173 6567 3333 0246,merchant_allocated,c74f8bef-6fd7-40f2-a363-1daa167d0439,2026-09-03 09:31:57.289663+00,,,9c2a0db3-c7e6-4d04-8b65-6cb56ec6b9f7,2026-09-03 09:26:26.769933+00
361efbe7-570a-46c2-a9fe-60f0eb731dbc,4555 8645 9367 0438,merchant_allocated,63c2aeec-7410-4c78-9a68-beb45b1c622c,2026-08-27 11:40:23.347781+00,,,9c2a0db3-c7e6-4d04-8b65-6cb56ec6b9f7,2026-08-27 11:34:13.556736+00
36273406-538a-4943-854f-6c7db8bcffcb,8689 6453 5689 0107,merchant_allocated,bc3951f9-ff8c-436b-8322-e5dd6592ca4b,2026-09-05 05:47:39.366708+00,,,9c2a0db3-c7e6-4d04-8b65-6cb56ec6b9f7,2026-09-05 05:42:03.795053+00
36808f3c-19bc-4a7b-a3bc-d78ad15a27e0,2176 6567 3333 0260,unassigned,,,,,9c2a0db3-c7e6-4d04-8b65-6cb56ec6b9f7,2026-09-03 09:06:17.550685+00
36830888-4970-4f21-b278-823dafa975e8,4555 8645 9367 0138,merchant_allocated,63c2aeec-7410-4c78-9a68-beb45b1c622c,2026-08-27 11:40:23.347781+00,,,9c2a0db3-c7e6-4d04-8b65-6cb56ec6b9f7,2026-08-27 11:34:13.556736+00
368cafca-45a9-477e-86b1-7a72bceefa3c,7567 5342 8633 0074,merchant_allocated,4bf2fb6b-bdf3-49d3-ac1b-1e6e746c6643,2026-07-21 16:11:58.441179+00,,,9c2a0db3-c7e6-4d04-8b65-6cb56ec6b9f7,2026-07-21 16:10:31.33396+00
36a0e84e-1402-4c48-b2a4-20e1be837315,2176 6567 3333 0024,unassigned,,,,,9c2a0db3-c7e6-4d04-8b65-6cb56ec6b9f7,2026-09-03 09:06:17.550685+00
36ac9c65-d822-4d28-bf81-20eec9f0c9b3,8689 6453 5689 0036,merchant_allocated,bc3951f9-ff8c-436b-8322-e5dd6592ca4b,2026-09-05 05:47:39.366708+00,,,9c2a0db3-c7e6-4d04-8b65-6cb56ec6b9f7,2026-09-05 05:42:03.795053+00
36ae7eb2-6e60-4d34-9ce3-e6a1e9d014c8,2176 6567 3333 0156,unassigned,,,,,9c2a0db3-c7e6-4d04-8b65-6cb56ec6b9f7,2026-09-03 09:06:17.550685+00
36cd673c-befa-4d28-a086-9eb51447da98,4555 8645 9367 0199,merchant_allocated,63c2aeec-7410-4c78-9a68-beb45b1c622c,2026-08-27 11:40:23.347781+00,,,9c2a0db3-c7e6-4d04-8b65-6cb56ec6b9f7,2026-08-27 11:34:13.556736+00
36df22f2-6090-4ad8-84b7-158ba9285aab,2176 6567 3333 0447,unassigned,,,,,9c2a0db3-c7e6-4d04-8b65-6cb56ec6b9f7,2026-09-03 09:06:17.550685+00
36e73acf-3211-4a7c-9150-f3cdfaa0d765,2173 6567 3333 0204,merchant_allocated,c74f8bef-6fd7-40f2-a363-1daa167d0439,2026-09-03 09:31:57.289663+00,,,9c2a0db3-c7e6-4d04-8b65-6cb56ec6b9f7,2026-09-03 09:26:26.769933+00
36f54e77-04cf-4245-b517-f6039bf30846,4555 8645 9367 0352,merchant_allocated,63c2aeec-7410-4c78-9a68-beb45b1c622c,2026-08-27 11:40:23.347781+00,,,9c2a0db3-c7e6-4d04-8b65-6cb56ec6b9f7,2026-08-27 11:34:13.556736+00
370ceff8-c096-4fed-96b9-bd5cbd27d05b,2173 6567 3333 0247,merchant_allocated,c74f8bef-6fd7-40f2-a363-1daa167d0439,2026-09-03 09:31:57.289663+00,,,9c2a0db3-c7e6-4d04-8b65-6cb56ec6b9f7,2026-09-03 09:26:26.769933+00
37152ee6-894d-4d55-9dc3-7b5172d8e273,8783 5621 8877 0274,merchant_allocated,b64a2ee7-5fc4-434d-9b92-1fa730df2810,2026-09-09 05:29:06.233162+00,,,9c2a0db3-c7e6-4d04-8b65-6cb56ec6b9f7,2026-09-09 05:20:59.714662+00
3731f681-5b2c-49e2-828e-c93ae04dfda1,2173 6567 3333 0279,merchant_allocated,c74f8bef-6fd7-40f2-a363-1daa167d0439,2026-09-03 09:31:57.289663+00,,,9c2a0db3-c7e6-4d04-8b65-6cb56ec6b9f7,2026-09-03 09:26:26.769933+00
3736a299-f447-4fbb-9f63-a8745c62101b,2173 6567 3333 0426,merchant_allocated,c74f8bef-6fd7-40f2-a363-1daa167d0439,2026-09-03 09:31:57.289663+00,,,9c2a0db3-c7e6-4d04-8b65-6cb56ec6b9f7,2026-09-03 09:26:26.769933+00
3745b80b-1bfe-40a9-b474-ec5451eb257f,8667 7863 7616 0271,merchant_allocated,75eff299-f162-4427-8b08-04f404141ef9,2026-09-09 10:29:54.922115+00,,,9c2a0db3-c7e6-4d04-8b65-6cb56ec6b9f7,2026-09-09 10:16:46.810748+00
37952097-4992-4ecd-a5ce-e954442896d4,4555 8645 9367 0201,merchant_allocated,63c2aeec-7410-4c78-9a68-beb45b1c622c,2026-08-27 11:40:23.347781+00,,,9c2a0db3-c7e6-4d04-8b65-6cb56ec6b9f7,2026-08-27 11:34:13.556736+00
37aa3d43-34d6-40df-be0f-b31101db22bf,8783 5621 8877 0396,merchant_allocated,b64a2ee7-5fc4-434d-9b92-1fa730df2810,2026-09-09 05:29:06.233162+00,,,9c2a0db3-c7e6-4d04-8b65-6cb56ec6b9f7,2026-09-09 05:20:59.714662+00
37b0a936-3209-4ed0-b9e4-651505d13e3e,8783 5621 8877 0105,merchant_allocated,b64a2ee7-5fc4-434d-9b92-1fa730df2810,2026-09-09 05:29:06.233162+00,,,9c2a0db3-c7e6-4d04-8b65-6cb56ec6b9f7,2026-09-09 05:20:59.714662+00
37c7ca5a-0484-44cc-9ca2-cfefd3318489,8689 6453 5689 0005,member_linked,bc3951f9-ff8c-436b-8322-e5dd6592ca4b,2026-09-05 05:47:39.366708+00,734abd4e-cdbc-4eea-ac93-50d0e37b3c97,2026-09-28 13:27:34.960672+00,9c2a0db3-c7e6-4d04-8b65-6cb56ec6b9f7,2026-09-05 05:42:03.795053+00
37f19a56-5425-477d-aafe-2f6cb5f6ac96,4555 8645 9367 0151,merchant_allocated,63c2aeec-7410-4c78-9a68-beb45b1c622c,2026-08-27 11:40:23.347781+00,,,9c2a0db3-c7e6-4d04-8b65-6cb56ec6b9f7,2026-08-27 11:34:13.556736+00
37f44deb-a916-418f-9f86-82e103ed65ff,8667 7863 7616 0203,merchant_allocated,75eff299-f162-4427-8b08-04f404141ef9,2026-09-09 10:29:54.922115+00,,,9c2a0db3-c7e6-4d04-8b65-6cb56ec6b9f7,2026-09-09 10:16:46.810748+00
38029cfd-be10-4232-8d64-0b30725b4baf,4821 4444 0000 2600,merchant_allocated,merch_  7,2026-08-03 17:46:28.931088+00,,,9c2a0db3-c7e6-4d04-8b65-6cb56ec6b9f7,2026-08-03 17:45:59.017505+00
3816d19e-bb3d-447b-a3a7-f64549e0fd11,8783 5621 8877 0438,merchant_allocated,b64a2ee7-5fc4-434d-9b92-1fa730df2810,2026-09-09 05:29:06.233162+00,,,9c2a0db3-c7e6-4d04-8b65-6cb56ec6b9f7,2026-09-09 05:20:59.714662+00
384965d0-6295-4e4f-bda1-bba39fb994e8,8667 7863 7616 0248,merchant_allocated,75eff299-f162-4427-8b08-04f404141ef9,2026-09-09 10:29:54.922115+00,,,9c2a0db3-c7e6-4d04-8b65-6cb56ec6b9f7,2026-09-09 10:16:46.810748+00
384a4e7f-90b0-4986-94ef-d151f612e240,2173 6567 3333 0366,merchant_allocated,c74f8bef-6fd7-40f2-a363-1daa167d0439,2026-09-03 09:31:57.289663+00,,,9c2a0db3-c7e6-4d04-8b65-6cb56ec6b9f7,2026-09-03 09:26:26.769933+00
385b5687-1cd8-41b0-95f7-4d6864e0a679,2176 6567 3333 0436,unassigned,,,,,9c2a0db3-c7e6-4d04-8b65-6cb56ec6b9f7,2026-09-03 09:06:17.550685+00
38716bdd-1a03-4f3a-b02f-bdbad79d3b8d,7567 5342 8633 0009,merchant_allocated,4bf2fb6b-bdf3-49d3-ac1b-1e6e746c6643,2026-07-21 16:11:58.441179+00,,,9c2a0db3-c7e6-4d04-8b65-6cb56ec6b9f7,2026-07-21 16:10:31.33396+00
388bad1f-1095-4122-b673-5a9a732dde99,2176 6567 3333 0071,unassigned,,,,,9c2a0db3-c7e6-4d04-8b65-6cb56ec6b9f7,2026-09-03 09:06:17.550685+00
38aa3e43-3a97-4fb6-b0ba-c24dafa9f108,2176 6567 3333 0468,unassigned,,,,,9c2a0db3-c7e6-4d04-8b65-6cb56ec6b9f7,2026-09-03 09:06:17.550685+00
38eed5e0-d178-4fe7-8412-ccd86397b2c9,4821 4444 0000 3000,merchant_allocated,merch_  7,2026-08-03 17:46:28.931088+00,,,9c2a0db3-c7e6-4d04-8b65-6cb56ec6b9f7,2026-08-03 17:45:59.017505+00
38f76ace-e755-4291-9508-ded01ed6b5b3,8783 5621 8877 0382,merchant_allocated,b64a2ee7-5fc4-434d-9b92-1fa730df2810,2026-09-09 05:29:06.233162+00,,,9c2a0db3-c7e6-4d04-8b65-6cb56ec6b9f7,2026-09-09 05:20:59.714662+00
39170eff-a221-41b3-9c4e-123dad899c84,8783 5621 8877 0174,merchant_allocated,b64a2ee7-5fc4-434d-9b92-1fa730df2810,2026-09-09 05:29:06.233162+00,,,9c2a0db3-c7e6-4d04-8b65-6cb56ec6b9f7,2026-09-09 05:20:59.714662+00
393b9f5a-94a3-4340-a473-086e5e44d2b0,7567 5342 8633 0068,merchant_allocated,4bf2fb6b-bdf3-49d3-ac1b-1e6e746c6643,2026-07-21 16:11:58.441179+00,,,9c2a0db3-c7e6-4d04-8b65-6cb56ec6b9f7,2026-07-21 16:10:31.33396+00
395664f5-64da-4155-ae89-1cfa488f1e32,8783 5621 8877 0054,merchant_allocated,b64a2ee7-5fc4-434d-9b92-1fa730df2810,2026-09-09 05:29:06.233162+00,,,9c2a0db3-c7e6-4d04-8b65-6cb56ec6b9f7,2026-09-09 05:20:59.714662+00
3960034b-d2ab-4c2e-a242-4c55c3c36d78,8667 7863 7616 0034,merchant_allocated,75eff299-f162-4427-8b08-04f404141ef9,2026-09-09 10:29:54.922115+00,,,9c2a0db3-c7e6-4d04-8b65-6cb56ec6b9f7,2026-09-09 10:16:46.810748+00
396db4ed-fd7f-405d-887e-54519f009667,2173 6567 3333 0152,merchant_allocated,c74f8bef-6fd7-40f2-a363-1daa167d0439,2026-09-03 09:31:57.289663+00,,,9c2a0db3-c7e6-4d04-8b65-6cb56ec6b9f7,2026-09-03 09:26:26.769933+00
39804635-3e86-4ff5-a3ab-d41b3da6f5e0,2173 6567 3333 0286,merchant_allocated,c74f8bef-6fd7-40f2-a363-1daa167d0439,2026-09-03 09:31:57.289663+00,,,9c2a0db3-c7e6-4d04-8b65-6cb56ec6b9f7,2026-09-03 09:26:26.769933+00
3990c7f0-cccb-40b8-99d2-9a436a1a9978,8783 5621 8877 0238,merchant_allocated,b64a2ee7-5fc4-434d-9b92-1fa730df2810,2026-09-09 05:29:06.233162+00,,,9c2a0db3-c7e6-4d04-8b65-6cb56ec6b9f7,2026-09-09 05:20:59.714662+00
39ba1a34-a245-47bc-9a2d-0fb85568637c,4555 8645 9367 0298,merchant_allocated,63c2aeec-7410-4c78-9a68-beb45b1c622c,2026-08-27 11:40:23.347781+00,,,9c2a0db3-c7e6-4d04-8b65-6cb56ec6b9f7,2026-08-27 11:34:13.556736+00
39bbf321-e075-41a2-81c7-0c3c8d4884eb,2173 6567 3333 0305,merchant_allocated,c74f8bef-6fd7-40f2-a363-1daa167d0439,2026-09-03 09:31:57.289663+00,,,9c2a0db3-c7e6-4d04-8b65-6cb56ec6b9f7,2026-09-03 09:26:26.769933+00
39c0e8f0-51f8-46bf-a6c6-fa6f0e6c048e,2176 6567 3333 0080,unassigned,,,,,9c2a0db3-c7e6-4d04-8b65-6cb56ec6b9f7,2026-09-03 09:06:17.550685+00
39c4467c-16c6-4982-9436-6ad56321377a,2173 6567 3333 0014,member_linked,c74f8bef-6fd7-40f2-a363-1daa167d0439,2026-09-03 09:31:57.289663+00,4fcff670-0e28-485e-b9ab-a58649290d40,2026-09-28 16:14:36.527305+00,9c2a0db3-c7e6-4d04-8b65-6cb56ec6b9f7,2026-09-03 09:26:26.769933+00
39d33737-8adb-4653-9e3e-bfcc787317be,4555 8645 9367 0412,merchant_allocated,63c2aeec-7410-4c78-9a68-beb45b1c622c,2026-08-27 11:40:23.347781+00,,,9c2a0db3-c7e6-4d04-8b65-6cb56ec6b9f7,2026-08-27 11:34:13.556736+00
39db4199-2078-4cb6-988a-a67f191d904b,4555 8645 9367 0185,merchant_allocated,63c2aeec-7410-4c78-9a68-beb45b1c622c,2026-08-27 11:40:23.347781+00,,,9c2a0db3-c7e6-4d04-8b65-6cb56ec6b9f7,2026-08-27 11:34:13.556736+00
39fff8d0-9ff4-44f9-85d3-9215b203f2e5,4555 8645 9367 0309,merchant_allocated,63c2aeec-7410-4c78-9a68-beb45b1c622c,2026-08-27 11:40:23.347781+00,,,9c2a0db3-c7e6-4d04-8b65-6cb56ec6b9f7,2026-08-27 11:34:13.556736+00
3a01815a-4d5c-43f8-8611-fc02e8071fdd,7567 5342 8633 0018,merchant_allocated,4bf2fb6b-bdf3-49d3-ac1b-1e6e746c6643,2026-07-21 16:11:58.441179+00,,,9c2a0db3-c7e6-4d04-8b65-6cb56ec6b9f7,2026-07-21 16:10:31.33396+00
3a12d1b1-70b1-4466-9739-5b18b2c1754e,2176 6567 3333 0021,unassigned,,,,,9c2a0db3-c7e6-4d04-8b65-6cb56ec6b9f7,2026-09-03 09:06:17.550685+00
3a24f94f-5eea-4a63-a12c-ba0598dfb80b,2173 6567 3333 0399,merchant_allocated,c74f8bef-6fd7-40f2-a363-1daa167d0439,2026-09-03 09:31:57.289663+00,,,9c2a0db3-c7e6-4d04-8b65-6cb56ec6b9f7,2026-09-03 09:26:26.769933+00
3a2a2382-8e03-45fe-990a-892f254cb5df,2173 6567 3333 0074,merchant_allocated,c74f8bef-6fd7-40f2-a363-1daa167d0439,2026-09-03 09:31:57.289663+00,,,9c2a0db3-c7e6-4d04-8b65-6cb56ec6b9f7,2026-09-03 09:26:26.769933+00
3a3305ff-8f7e-4934-a495-d9479f1b8e3d,8667 7863 7616 0116,merchant_allocated,75eff299-f162-4427-8b08-04f404141ef9,2026-09-09 10:29:54.922115+00,,,9c2a0db3-c7e6-4d04-8b65-6cb56ec6b9f7,2026-09-09 10:16:46.810748+00
3a3e164a-d045-493f-9517-91dddd7d083f,2176 6567 3333 0234,unassigned,,,,,9c2a0db3-c7e6-4d04-8b65-6cb56ec6b9f7,2026-09-03 09:06:17.550685+00
3a4df251-7b3f-456c-b0be-82e5a0e29c15,2173 6567 3333 0466,merchant_allocated,c74f8bef-6fd7-40f2-a363-1daa167d0439,2026-09-03 09:31:57.289663+00,,,9c2a0db3-c7e6-4d04-8b65-6cb56ec6b9f7,2026-09-03 09:26:26.769933+00
3a56b623-3f15-430c-9343-d5c5985adee9,7567 5342 8633 0070,merchant_allocated,4bf2fb6b-bdf3-49d3-ac1b-1e6e746c6643,2026-07-21 16:11:58.441179+00,,,9c2a0db3-c7e6-4d04-8b65-6cb56ec6b9f7,2026-07-21 16:10:31.33396+00
3a579e49-8dd3-4ab8-a850-f6e1f018a01c,8667 7863 7616 0249,merchant_allocated,75eff299-f162-4427-8b08-04f404141ef9,2026-09-09 10:29:54.922115+00,,,9c2a0db3-c7e6-4d04-8b65-6cb56ec6b9f7,2026-09-09 10:16:46.810748+00
3a7862c0-bed6-45be-8fb1-906ad880e856,4555 8645 9367 0195,merchant_allocated,63c2aeec-7410-4c78-9a68-beb45b1c622c,2026-08-27 11:40:23.347781+00,,,9c2a0db3-c7e6-4d04-8b65-6cb56ec6b9f7,2026-08-27 11:34:13.556736+00
3ac87cda-58cf-4a6a-a510-4515eebd4724,2176 6567 3333 0422,unassigned,,,,,9c2a0db3-c7e6-4d04-8b65-6cb56ec6b9f7,2026-09-03 09:06:17.550685+00
3adc9150-bc2f-4a1c-900a-16601808e722,7567 5342 8633 0079,merchant_allocated,4bf2fb6b-bdf3-49d3-ac1b-1e6e746c6643,2026-07-21 16:11:58.441179+00,,,9c2a0db3-c7e6-4d04-8b65-6cb56ec6b9f7,2026-07-21 16:10:31.33396+00
3af1d81f-30ba-46b9-9e49-067e3fa0e6a8,8667 7863 7616 0314,merchant_allocated,75eff299-f162-4427-8b08-04f404141ef9,2026-09-09 10:29:54.922115+00,,,9c2a0db3-c7e6-4d04-8b65-6cb56ec6b9f7,2026-09-09 10:16:46.810748+00
3b00edb7-b87a-4481-bbf0-2ccfa6251d49,2176 6567 3333 0399,unassigned,,,,,9c2a0db3-c7e6-4d04-8b65-6cb56ec6b9f7,2026-09-03 09:06:17.550685+00
3b37a5e7-cad6-4ab8-9cd1-9835caa93522,8667 7863 7616 0004,member_linked,75eff299-f162-4427-8b08-04f404141ef9,2026-09-09 10:29:54.922115+00,a9d82860-546d-466a-bb59-fbeece94ed7a,2026-09-26 12:15:22.783383+00,9c2a0db3-c7e6-4d04-8b65-6cb56ec6b9f7,2026-09-09 10:16:46.810748+00
3b415f93-03c4-406a-aff6-0efeb4efc5a0,8783 5621 8877 0306,member_linked,b64a2ee7-5fc4-434d-9b92-1fa730df2810,2026-09-09 05:29:06.233162+00,4a874991-4043-4331-a167-f719edb90d12,2026-09-26 11:28:27.544323+00,9c2a0db3-c7e6-4d04-8b65-6cb56ec6b9f7,2026-09-09 05:20:59.714662+00
3b83db66-8753-4ad8-8bc4-87bc286d0612,4555 8645 9367 0210,merchant_allocated,63c2aeec-7410-4c78-9a68-beb45b1c622c,2026-08-27 11:40:23.347781+00,,,9c2a0db3-c7e6-4d04-8b65-6cb56ec6b9f7,2026-08-27 11:34:13.556736+00
3bb10986-52bd-49ee-855b-2b8a9072ca05,8783 5621 8877 0499,merchant_allocated,b64a2ee7-5fc4-434d-9b92-1fa730df2810,2026-09-09 05:29:06.233162+00,,,9c2a0db3-c7e6-4d04-8b65-6cb56ec6b9f7,2026-09-09 05:20:59.714662+00
3bc6bcce-5aea-43be-b43d-5eed6f1b97f8,4555 8645 9367 0050,merchant_allocated,63c2aeec-7410-4c78-9a68-beb45b1c622c,2026-08-27 11:40:23.347781+00,,,9c2a0db3-c7e6-4d04-8b65-6cb56ec6b9f7,2026-08-27 11:34:13.556736+00
3bd8989a-f409-4b6c-a180-f60f1ba14d07,2173 6567 3333 0338,merchant_allocated,c74f8bef-6fd7-40f2-a363-1daa167d0439,2026-09-03 09:31:57.289663+00,,,9c2a0db3-c7e6-4d04-8b65-6cb56ec6b9f7,2026-09-03 09:26:26.769933+00
3c0a3a0b-b6a9-4ec0-9a6f-a31ffa91207d,2173 6567 3333 0387,merchant_allocated,c74f8bef-6fd7-40f2-a363-1daa167d0439,2026-09-03 09:31:57.289663+00,,,9c2a0db3-c7e6-4d04-8b65-6cb56ec6b9f7,2026-09-03 09:26:26.769933+00
3c444790-0f15-44fb-b809-82041ccec837,4821 4444 0000 0500,merchant_allocated,merch_  7,2026-08-03 17:46:28.931088+00,,,9c2a0db3-c7e6-4d04-8b65-6cb56ec6b9f7,2026-08-03 17:45:59.017505+00
3c573460-73e7-4631-94cc-4b5d060a0162,4555 8645 9367 0339,merchant_allocated,63c2aeec-7410-4c78-9a68-beb45b1c622c,2026-08-27 11:40:23.347781+00,,,9c2a0db3-c7e6-4d04-8b65-6cb56ec6b9f7,2026-08-27 11:34:13.556736+00
3c9c0772-d917-4983-806b-4cdcf56b3c14,8783 5621 8877 0483,merchant_allocated,b64a2ee7-5fc4-434d-9b92-1fa730df2810,2026-09-09 05:29:06.233162+00,,,9c2a0db3-c7e6-4d04-8b65-6cb56ec6b9f7,2026-09-09 05:20:59.714662+00
3ca6d686-51a3-44b0-9d2b-3303d919f792,8783 5621 8877 0331,merchant_allocated,b64a2ee7-5fc4-434d-9b92-1fa730df2810,2026-09-09 05:29:06.233162+00,,,9c2a0db3-c7e6-4d04-8b65-6cb56ec6b9f7,2026-09-09 05:20:59.714662+00
3cbc8677-c956-49f7-ab24-cc4c8c3395dd,2173 6567 3333 0471,merchant_allocated,c74f8bef-6fd7-40f2-a363-1daa167d0439,2026-09-03 09:31:57.289663+00,,,9c2a0db3-c7e6-4d04-8b65-6cb56ec6b9f7,2026-09-03 09:26:26.769933+00
3d3251e5-a0c0-4928-8826-00c81096cdcd,5656 7477 9399 0008,merchant_allocated,9f5a3fe4-f21f-4fed-beaf-67dcb9c6cffc,2026-07-22 09:15:44.905092+00,,,9c2a0db3-c7e6-4d04-8b65-6cb56ec6b9f7,2026-07-22 09:14:18.287281+00
3d46125d-bbf6-4566-8c22-444d2229ecf9,4555 8645 9367 0253,merchant_allocated,63c2aeec-7410-4c78-9a68-beb45b1c622c,2026-08-27 11:40:23.347781+00,,,9c2a0db3-c7e6-4d04-8b65-6cb56ec6b9f7,2026-08-27 11:34:13.556736+00
3d54065d-cac5-4c5b-909d-997dd0799cde,2173 6567 3333 0106,merchant_allocated,c74f8bef-6fd7-40f2-a363-1daa167d0439,2026-09-03 09:31:57.289663+00,,,9c2a0db3-c7e6-4d04-8b65-6cb56ec6b9f7,2026-09-03 09:26:26.769933+00
3d5e3a15-9cb9-4e0a-accd-e52861b59821,2176 6567 3333 0053,unassigned,,,,,9c2a0db3-c7e6-4d04-8b65-6cb56ec6b9f7,2026-09-03 09:06:17.550685+00
3d72d93b-1d5d-4ca8-bb8a-fcb833ea189b,2176 6567 3333 0074,unassigned,,,,,9c2a0db3-c7e6-4d04-8b65-6cb56ec6b9f7,2026-09-03 09:06:17.550685+00
3d9eb7fc-1b76-4450-93fb-ab10258d3d46,4555 8645 9367 0429,merchant_allocated,63c2aeec-7410-4c78-9a68-beb45b1c622c,2026-08-27 11:40:23.347781+00,,,9c2a0db3-c7e6-4d04-8b65-6cb56ec6b9f7,2026-08-27 11:34:13.556736+00
3dabcf3a-7740-43a9-9dfa-02a3abed3b49,8667 7863 7616 0088,merchant_allocated,75eff299-f162-4427-8b08-04f404141ef9,2026-09-09 10:29:54.922115+00,,,9c2a0db3-c7e6-4d04-8b65-6cb56ec6b9f7,2026-09-09 10:16:46.810748+00
3dafb5a7-caf6-491f-b188-a98b228833ac,8783 5621 8877 0348,merchant_allocated,b64a2ee7-5fc4-434d-9b92-1fa730df2810,2026-09-09 05:29:06.233162+00,,,9c2a0db3-c7e6-4d04-8b65-6cb56ec6b9f7,2026-09-09 05:20:59.714662+00
3dec13e7-1ad8-4183-aff3-1d330943732f,4555 8645 9367 0039,merchant_allocated,63c2aeec-7410-4c78-9a68-beb45b1c622c,2026-08-27 11:40:23.347781+00,,,9c2a0db3-c7e6-4d04-8b65-6cb56ec6b9f7,2026-08-27 11:34:13.556736+00
3df95a84-1bff-462f-8675-e1514ccd7a8e,4555 8645 9367 0332,merchant_allocated,63c2aeec-7410-4c78-9a68-beb45b1c622c,2026-08-27 11:40:23.347781+00,,,9c2a0db3-c7e6-4d04-8b65-6cb56ec6b9f7,2026-08-27 11:34:13.556736+00
3e38d8a9-43cf-41d8-974b-08b1e904b1de,8667 7863 7616 0266,merchant_allocated,75eff299-f162-4427-8b08-04f404141ef9,2026-09-09 10:29:54.922115+00,,,9c2a0db3-c7e6-4d04-8b65-6cb56ec6b9f7,2026-09-09 10:16:46.810748+00
3e77c470-8d5a-4150-bde1-72ae89ae87cf,4555 8645 9367 0203,merchant_allocated,63c2aeec-7410-4c78-9a68-beb45b1c622c,2026-08-27 11:40:23.347781+00,,,9c2a0db3-c7e6-4d04-8b65-6cb56ec6b9f7,2026-08-27 11:34:13.556736+00
3e95b639-24eb-4b2c-b420-adbd4000e9a0,8783 5621 8877 0295,merchant_allocated,b64a2ee7-5fc4-434d-9b92-1fa730df2810,2026-09-09 05:29:06.233162+00,,,9c2a0db3-c7e6-4d04-8b65-6cb56ec6b9f7,2026-09-09 05:20:59.714662+00
3e97cda7-9b48-43b1-b751-b3f5fefd18af,8667 7863 7616 0402,merchant_allocated,75eff299-f162-4427-8b08-04f404141ef9,2026-09-09 10:29:54.922115+00,,,9c2a0db3-c7e6-4d04-8b65-6cb56ec6b9f7,2026-09-09 10:16:46.810748+00
3f09fa77-548d-432c-84ce-0948af334720,2176 6567 3333 0307,unassigned,,,,,9c2a0db3-c7e6-4d04-8b65-6cb56ec6b9f7,2026-09-03 09:06:17.550685+00
3f0a9246-aeef-4e96-ae68-9bac84bcace9,8783 5621 8877 0436,merchant_allocated,b64a2ee7-5fc4-434d-9b92-1fa730df2810,2026-09-09 05:29:06.233162+00,,,9c2a0db3-c7e6-4d04-8b65-6cb56ec6b9f7,2026-09-09 05:20:59.714662+00
3f2bed7f-6332-44c1-a678-7bedede562b4,2176 6567 3333 0119,unassigned,,,,,9c2a0db3-c7e6-4d04-8b65-6cb56ec6b9f7,2026-09-03 09:06:17.550685+00
3f30349e-8fb3-45ac-8d91-82ee9e585d8b,8667 7863 7616 0160,merchant_allocated,75eff299-f162-4427-8b08-04f404141ef9,2026-09-09 10:29:54.922115+00,,,9c2a0db3-c7e6-4d04-8b65-6cb56ec6b9f7,2026-09-09 10:16:46.810748+00
3f45a820-9b0f-4d46-b186-78eb63352e1d,8667 7863 7616 0321,merchant_allocated,75eff299-f162-4427-8b08-04f404141ef9,2026-09-09 10:29:54.922115+00,,,9c2a0db3-c7e6-4d04-8b65-6cb56ec6b9f7,2026-09-09 10:16:46.810748+00
3f6e853a-8f8e-4daf-bbdc-846e3c10ea35,4555 8645 9367 0476,merchant_allocated,63c2aeec-7410-4c78-9a68-beb45b1c622c,2026-08-27 11:40:23.347781+00,,,9c2a0db3-c7e6-4d04-8b65-6cb56ec6b9f7,2026-08-27 11:34:13.556736+00
3f7e057d-fd3f-449d-a08a-021b97754b7b,4555 8645 9367 0092,merchant_allocated,63c2aeec-7410-4c78-9a68-beb45b1c622c,2026-08-27 11:40:23.347781+00,,,9c2a0db3-c7e6-4d04-8b65-6cb56ec6b9f7,2026-08-27 11:34:13.556736+00
3f87445f-00da-4107-b84f-e7d8b00b70c0,2173 6567 3333 0101,merchant_allocated,c74f8bef-6fd7-40f2-a363-1daa167d0439,2026-09-03 09:31:57.289663+00,,,9c2a0db3-c7e6-4d04-8b65-6cb56ec6b9f7,2026-09-03 09:26:26.769933+00
3f8e0ef6-c9dc-4c77-a66e-ba8144fb8027,2173 6567 3333 0112,merchant_allocated,c74f8bef-6fd7-40f2-a363-1daa167d0439,2026-09-03 09:31:57.289663+00,,,9c2a0db3-c7e6-4d04-8b65-6cb56ec6b9f7,2026-09-03 09:26:26.769933+00
3fb53743-1c26-4c94-8558-bf67f1ec9d02,4555 8645 9367 0256,merchant_allocated,63c2aeec-7410-4c78-9a68-beb45b1c622c,2026-08-27 11:40:23.347781+00,,,9c2a0db3-c7e6-4d04-8b65-6cb56ec6b9f7,2026-08-27 11:34:13.556736+00
3fbd2b16-102c-4139-8535-b325ece31f99,8667 7863 7616 0412,merchant_allocated,75eff299-f162-4427-8b08-04f404141ef9,2026-09-09 10:29:54.922115+00,,,9c2a0db3-c7e6-4d04-8b65-6cb56ec6b9f7,2026-09-09 10:16:46.810748+00
3fc900be-b900-4356-8a09-2ff3ff924edc,4821 6739 0000 3500,merchant_allocated,merch_  6,2026-07-28 06:48:05.660888+00,,,9c2a0db3-c7e6-4d04-8b65-6cb56ec6b9f7,2026-07-28 06:47:38.92065+00
3fd16eca-c813-4e17-afd4-134fe8c8a299,8783 5621 8877 0312,merchant_allocated,b64a2ee7-5fc4-434d-9b92-1fa730df2810,2026-09-09 05:29:06.233162+00,,,9c2a0db3-c7e6-4d04-8b65-6cb56ec6b9f7,2026-09-09 05:20:59.714662+00
3fda6c64-2b97-4093-8d82-e06eaa902d63,4555 8645 9367 0287,merchant_allocated,63c2aeec-7410-4c78-9a68-beb45b1c622c,2026-08-27 11:40:23.347781+00,,,9c2a0db3-c7e6-4d04-8b65-6cb56ec6b9f7,2026-08-27 11:34:13.556736+00
3ff66677-8467-4a1a-b467-0226ce9dcf5b,8667 7863 7616 0391,merchant_allocated,75eff299-f162-4427-8b08-04f404141ef9,2026-09-09 10:29:54.922115+00,,,9c2a0db3-c7e6-4d04-8b65-6cb56ec6b9f7,2026-09-09 10:16:46.810748+00
3ff80ef3-042e-44f1-bb8f-94a724fda374,7567 5342 8633 0035,merchant_allocated,4bf2fb6b-bdf3-49d3-ac1b-1e6e746c6643,2026-07-21 16:11:58.441179+00,,,9c2a0db3-c7e6-4d04-8b65-6cb56ec6b9f7,2026-07-21 16:10:31.33396+00
3ffa34d9-e373-47a6-9e45-285d14bd63b3,4821 6739 0000 4700,merchant_allocated,merch_  6,2026-07-28 06:48:05.660888+00,,,9c2a0db3-c7e6-4d04-8b65-6cb56ec6b9f7,2026-07-28 06:47:38.92065+00
401d5f5f-e907-4500-91e3-e3ccf9420495,8783 5621 8877 0179,merchant_allocated,b64a2ee7-5fc4-434d-9b92-1fa730df2810,2026-09-09 05:29:06.233162+00,,,9c2a0db3-c7e6-4d04-8b65-6cb56ec6b9f7,2026-09-09 05:20:59.714662+00
402df027-cb51-4ef7-ae4a-5bd741b9d481,8667 7863 7616 0352,merchant_allocated,75eff299-f162-4427-8b08-04f404141ef9,2026-09-09 10:29:54.922115+00,,,9c2a0db3-c7e6-4d04-8b65-6cb56ec6b9f7,2026-09-09 10:16:46.810748+00
40408bab-4cdd-4d69-87c0-c3a21b9582c6,8667 7863 7616 0184,merchant_allocated,75eff299-f162-4427-8b08-04f404141ef9,2026-09-09 10:29:54.922115+00,,,9c2a0db3-c7e6-4d04-8b65-6cb56ec6b9f7,2026-09-09 10:16:46.810748+00
4042b750-5ebd-4a66-9cd2-af9ca4fb1aa8,8783 5621 8877 0141,merchant_allocated,b64a2ee7-5fc4-434d-9b92-1fa730df2810,2026-09-09 05:29:06.233162+00,,,9c2a0db3-c7e6-4d04-8b65-6cb56ec6b9f7,2026-09-09 05:20:59.714662+00
40665e97-d749-40d9-804f-de53fc3ba96b,4555 8645 9367 0456,merchant_allocated,63c2aeec-7410-4c78-9a68-beb45b1c622c,2026-08-27 11:40:23.347781+00,,,9c2a0db3-c7e6-4d04-8b65-6cb56ec6b9f7,2026-08-27 11:34:13.556736+00
4070bd47-44f2-4639-b199-30416870847a,2176 6567 3333 0092,unassigned,,,,,9c2a0db3-c7e6-4d04-8b65-6cb56ec6b9f7,2026-09-03 09:06:17.550685+00
4084a53b-54c8-4fc4-b082-6431219181d8,8689 6453 5689 0092,merchant_allocated,bc3951f9-ff8c-436b-8322-e5dd6592ca4b,2026-09-05 05:47:39.366708+00,,,9c2a0db3-c7e6-4d04-8b65-6cb56ec6b9f7,2026-09-05 05:42:03.795053+00
40ad7f5e-2370-46ee-a409-9d3ee188898d,4555 8645 9367 0283,merchant_allocated,63c2aeec-7410-4c78-9a68-beb45b1c622c,2026-08-27 11:40:23.347781+00,,,9c2a0db3-c7e6-4d04-8b65-6cb56ec6b9f7,2026-08-27 11:34:13.556736+00
40f1a4cc-3f00-49ee-b4b2-15320439204b,2176 6567 3333 0215,unassigned,,,,,9c2a0db3-c7e6-4d04-8b65-6cb56ec6b9f7,2026-09-03 09:06:17.550685+00
40fa9d30-15cb-4bc1-b160-4d26655adf5f,4555 8645 9367 0063,merchant_allocated,63c2aeec-7410-4c78-9a68-beb45b1c622c,2026-08-27 11:40:23.347781+00,,,9c2a0db3-c7e6-4d04-8b65-6cb56ec6b9f7,2026-08-27 11:34:13.556736+00
4117184c-fdad-4f8d-a971-912e502a8dc5,8783 5621 8877 0255,merchant_allocated,b64a2ee7-5fc4-434d-9b92-1fa730df2810,2026-09-09 05:29:06.233162+00,,,9c2a0db3-c7e6-4d04-8b65-6cb56ec6b9f7,2026-09-09 05:20:59.714662+00
4125e4bb-5bf5-42c3-866b-5f9f8c4420ce,8689 6453 5689 0012,merchant_allocated,bc3951f9-ff8c-436b-8322-e5dd6592ca4b,2026-09-05 05:47:39.366708+00,,,9c2a0db3-c7e6-4d04-8b65-6cb56ec6b9f7,2026-09-05 05:42:03.795053+00
414894c5-ca93-4738-a7ce-38b813fe0f19,2176 6567 3333 0262,unassigned,,,,,9c2a0db3-c7e6-4d04-8b65-6cb56ec6b9f7,2026-09-03 09:06:17.550685+00
41509b04-a00d-4ea1-9697-d86e61e027da,8783 5621 8877 0130,merchant_allocated,b64a2ee7-5fc4-434d-9b92-1fa730df2810,2026-09-09 05:29:06.233162+00,,,9c2a0db3-c7e6-4d04-8b65-6cb56ec6b9f7,2026-09-09 05:20:59.714662+00
416adca3-6ebd-42da-bc1a-cedccb640620,2176 6567 3333 0230,unassigned,,,,,9c2a0db3-c7e6-4d04-8b65-6cb56ec6b9f7,2026-09-03 09:06:17.550685+00
41861d5e-0e1c-46f3-bff0-5334fb43a37d,8667 7863 7616 0490,merchant_allocated,75eff299-f162-4427-8b08-04f404141ef9,2026-09-09 10:29:54.922115+00,,,9c2a0db3-c7e6-4d04-8b65-6cb56ec6b9f7,2026-09-09 10:16:46.810748+00
41a07dea-98fd-4434-b3a5-a1903e150b5c,7567 5342 8633 0050,merchant_allocated,4bf2fb6b-bdf3-49d3-ac1b-1e6e746c6643,2026-07-21 16:11:58.441179+00,,,9c2a0db3-c7e6-4d04-8b65-6cb56ec6b9f7,2026-07-21 16:10:31.33396+00
41b47c13-fb95-4301-820e-284dc28a2a4b,8667 7863 7616 0457,merchant_allocated,75eff299-f162-4427-8b08-04f404141ef9,2026-09-09 10:29:54.922115+00,,,9c2a0db3-c7e6-4d04-8b65-6cb56ec6b9f7,2026-09-09 10:16:46.810748+00
4238570b-2e95-405f-94de-3ddcdadb77db,8783 5621 8877 0067,merchant_allocated,b64a2ee7-5fc4-434d-9b92-1fa730df2810,2026-09-09 05:29:06.233162+00,,,9c2a0db3-c7e6-4d04-8b65-6cb56ec6b9f7,2026-09-09 05:20:59.714662+00
42478057-4bf6-4b6a-a916-26b9d593c758,8783 5621 8877 0273,merchant_allocated,b64a2ee7-5fc4-434d-9b92-1fa730df2810,2026-09-09 05:29:06.233162+00,,,9c2a0db3-c7e6-4d04-8b65-6cb56ec6b9f7,2026-09-09 05:20:59.714662+00
424eb40a-a7ae-4064-9e50-c40532f19993,7567 5342 8633 0089,merchant_allocated,4bf2fb6b-bdf3-49d3-ac1b-1e6e746c6643,2026-07-21 16:11:58.441179+00,,,9c2a0db3-c7e6-4d04-8b65-6cb56ec6b9f7,2026-07-21 16:10:31.33396+00
42526369-2715-48a8-a14a-eb1b7b0e3e5f,2173 6567 3333 0144,merchant_allocated,c74f8bef-6fd7-40f2-a363-1daa167d0439,2026-09-03 09:31:57.289663+00,,,9c2a0db3-c7e6-4d04-8b65-6cb56ec6b9f7,2026-09-03 09:26:26.769933+00
425ebb3a-efa6-443d-81d3-ab7093ab998b,8689 6453 5689 0019,merchant_allocated,bc3951f9-ff8c-436b-8322-e5dd6592ca4b,2026-09-05 05:47:39.366708+00,,,9c2a0db3-c7e6-4d04-8b65-6cb56ec6b9f7,2026-09-05 05:42:03.795053+00
4293225d-2810-4f6b-ad27-6585acd9f077,8783 5621 8877 0409,merchant_allocated,b64a2ee7-5fc4-434d-9b92-1fa730df2810,2026-09-09 05:29:06.233162+00,,,9c2a0db3-c7e6-4d04-8b65-6cb56ec6b9f7,2026-09-09 05:20:59.714662+00
4297eb6c-f354-428c-827d-33c2996cf093,8667 7863 7616 0444,merchant_allocated,75eff299-f162-4427-8b08-04f404141ef9,2026-09-09 10:29:54.922115+00,,,9c2a0db3-c7e6-4d04-8b65-6cb56ec6b9f7,2026-09-09 10:16:46.810748+00
42a47113-1f59-46ed-bc96-15afcc0865e8,2176 6567 3333 0352,unassigned,,,,,9c2a0db3-c7e6-4d04-8b65-6cb56ec6b9f7,2026-09-03 09:06:17.550685+00
42a73724-a4e5-4aba-8df3-a864326345ec,2173 6567 3333 0311,merchant_allocated,c74f8bef-6fd7-40f2-a363-1daa167d0439,2026-09-03 09:31:57.289663+00,,,9c2a0db3-c7e6-4d04-8b65-6cb56ec6b9f7,2026-09-03 09:26:26.769933+00
42a8ab2d-3336-44dd-8c76-e21eb3f0e8a7,8783 5621 8877 0088,merchant_allocated,b64a2ee7-5fc4-434d-9b92-1fa730df2810,2026-09-09 05:29:06.233162+00,,,9c2a0db3-c7e6-4d04-8b65-6cb56ec6b9f7,2026-09-09 05:20:59.714662+00
42ada31f-4d7d-41d7-89d0-815823bf4414,2173 6567 3333 0469,merchant_allocated,c74f8bef-6fd7-40f2-a363-1daa167d0439,2026-09-03 09:31:57.289663+00,,,9c2a0db3-c7e6-4d04-8b65-6cb56ec6b9f7,2026-09-03 09:26:26.769933+00
42f40b9c-97b3-49c2-8c96-40cf486bf2f4,8667 7863 7616 0283,merchant_allocated,75eff299-f162-4427-8b08-04f404141ef9,2026-09-09 10:29:54.922115+00,,,9c2a0db3-c7e6-4d04-8b65-6cb56ec6b9f7,2026-09-09 10:16:46.810748+00
43163f6e-b004-466e-85db-a82f3daceb58,8667 7863 7616 0282,merchant_allocated,75eff299-f162-4427-8b08-04f404141ef9,2026-09-09 10:29:54.922115+00,,,9c2a0db3-c7e6-4d04-8b65-6cb56ec6b9f7,2026-09-09 10:16:46.810748+00
4318c2e8-5130-4b9d-8eba-83e6c012b4ae,8689 6453 5689 0056,merchant_allocated,bc3951f9-ff8c-436b-8322-e5dd6592ca4b,2026-09-05 05:47:39.366708+00,,,9c2a0db3-c7e6-4d04-8b65-6cb56ec6b9f7,2026-09-05 05:42:03.795053+00
432b43c3-7b98-46c9-9b9f-980a3312efa3,8667 7863 7616 0104,merchant_allocated,75eff299-f162-4427-8b08-04f404141ef9,2026-09-09 10:29:54.922115+00,,,9c2a0db3-c7e6-4d04-8b65-6cb56ec6b9f7,2026-09-09 10:16:46.810748+00
433d2c25-2f2d-49b4-b316-0e49b6883e2e,4555 8645 9367 0387,merchant_allocated,63c2aeec-7410-4c78-9a68-beb45b1c622c,2026-08-27 11:40:23.347781+00,,,9c2a0db3-c7e6-4d04-8b65-6cb56ec6b9f7,2026-08-27 11:34:13.556736+00
43418348-5eb8-45f2-8342-06d2651392ed,8667 7863 7616 0275,merchant_allocated,75eff299-f162-4427-8b08-04f404141ef9,2026-09-09 10:29:54.922115+00,,,9c2a0db3-c7e6-4d04-8b65-6cb56ec6b9f7,2026-09-09 10:16:46.810748+00
43483321-c0fd-4b99-aea4-1d71192a13a2,4555 8645 9367 0056,merchant_allocated,63c2aeec-7410-4c78-9a68-beb45b1c622c,2026-08-27 11:40:23.347781+00,,,9c2a0db3-c7e6-4d04-8b65-6cb56ec6b9f7,2026-08-27 11:34:13.556736+00
4349e3dd-3ad7-44af-83e9-43518a202f4c,4555 8645 9367 0410,merchant_allocated,63c2aeec-7410-4c78-9a68-beb45b1c622c,2026-08-27 11:40:23.347781+00,,,9c2a0db3-c7e6-4d04-8b65-6cb56ec6b9f7,2026-08-27 11:34:13.556736+00
43599a81-f81a-4bfa-86e4-38f24bd56a3a,8667 7863 7616 0113,merchant_allocated,75eff299-f162-4427-8b08-04f404141ef9,2026-09-09 10:29:54.922115+00,,,9c2a0db3-c7e6-4d04-8b65-6cb56ec6b9f7,2026-09-09 10:16:46.810748+00
4396e671-2e17-4560-8cd1-ef506c66ab68,2176 6567 3333 0240,unassigned,,,,,9c2a0db3-c7e6-4d04-8b65-6cb56ec6b9f7,2026-09-03 09:06:17.550685+00
43a90e9e-58ce-446e-8040-35f10da0acb9,2173 6567 3333 0066,merchant_allocated,c74f8bef-6fd7-40f2-a363-1daa167d0439,2026-09-03 09:31:57.289663+00,,,9c2a0db3-c7e6-4d04-8b65-6cb56ec6b9f7,2026-09-03 09:26:26.769933+00
43ad4ee8-642e-4ea9-8709-b3a1332bc370,8667 7863 7616 0296,merchant_allocated,75eff299-f162-4427-8b08-04f404141ef9,2026-09-09 10:29:54.922115+00,,,9c2a0db3-c7e6-4d04-8b65-6cb56ec6b9f7,2026-09-09 10:16:46.810748+00
43b2de22-5813-46bb-9b0a-07dffd2c6243,2176 6567 3333 0474,unassigned,,,,,9c2a0db3-c7e6-4d04-8b65-6cb56ec6b9f7,2026-09-03 09:06:17.550685+00
43b49781-7529-4486-a99a-4071f39dcaab,4555 8645 9367 0134,merchant_allocated,63c2aeec-7410-4c78-9a68-beb45b1c622c,2026-08-27 11:40:23.347781+00,,,9c2a0db3-c7e6-4d04-8b65-6cb56ec6b9f7,2026-08-27 11:34:13.556736+00
43c2dacc-8a44-49bf-8b85-eca37f270702,2173 6567 3333 0080,merchant_allocated,c74f8bef-6fd7-40f2-a363-1daa167d0439,2026-09-03 09:31:57.289663+00,,,9c2a0db3-c7e6-4d04-8b65-6cb56ec6b9f7,2026-09-03 09:26:26.769933+00
441e570a-71d5-4d03-8fc9-d72345984ff4,8667 7863 7616 0323,merchant_allocated,75eff299-f162-4427-8b08-04f404141ef9,2026-09-09 10:29:54.922115+00,,,9c2a0db3-c7e6-4d04-8b65-6cb56ec6b9f7,2026-09-09 10:16:46.810748+00
44730455-c764-4733-a416-9c9faf396cde,2176 6567 3333 0020,unassigned,,,,,9c2a0db3-c7e6-4d04-8b65-6cb56ec6b9f7,2026-09-03 09:06:17.550685+00
44866b0b-b106-4dca-9d43-a489332c7c44,2176 6567 3333 0356,unassigned,,,,,9c2a0db3-c7e6-4d04-8b65-6cb56ec6b9f7,2026-09-03 09:06:17.550685+00
4494cc23-8c46-4e5d-ac55-31a7edeae458,4555 8645 9367 0066,merchant_allocated,63c2aeec-7410-4c78-9a68-beb45b1c622c,2026-08-27 11:40:23.347781+00,,,9c2a0db3-c7e6-4d04-8b65-6cb56ec6b9f7,2026-08-27 11:34:13.556736+00
449b29e8-70f6-466d-ba47-96036cf8a9d9,8667 7863 7616 0046,merchant_allocated,75eff299-f162-4427-8b08-04f404141ef9,2026-09-09 10:29:54.922115+00,,,9c2a0db3-c7e6-4d04-8b65-6cb56ec6b9f7,2026-09-09 10:16:46.810748+00
44c37b8b-b18e-42f3-8b44-074231b96d9e,2173 6567 3333 0431,merchant_allocated,c74f8bef-6fd7-40f2-a363-1daa167d0439,2026-09-03 09:31:57.289663+00,,,9c2a0db3-c7e6-4d04-8b65-6cb56ec6b9f7,2026-09-03 09:26:26.769933+00
44e4f6bd-df2f-4a45-87b8-9b8685ae19ca,2176 6567 3333 0125,unassigned,,,,,9c2a0db3-c7e6-4d04-8b65-6cb56ec6b9f7,2026-09-03 09:06:17.550685+00
450dcafb-bd8b-44ae-b39c-41b3efe5a9f6,2173 6567 3333 0165,merchant_allocated,c74f8bef-6fd7-40f2-a363-1daa167d0439,2026-09-03 09:31:57.289663+00,,,9c2a0db3-c7e6-4d04-8b65-6cb56ec6b9f7,2026-09-03 09:26:26.769933+00
45242f9d-5c0a-421e-87d9-c080bc82201a,2176 6567 3333 0256,unassigned,,,,,9c2a0db3-c7e6-4d04-8b65-6cb56ec6b9f7,2026-09-03 09:06:17.550685+00
45293780-ea5d-4df7-b324-ad4c58ab6c77,8783 5621 8877 0336,merchant_allocated,b64a2ee7-5fc4-434d-9b92-1fa730df2810,2026-09-09 05:29:06.233162+00,,,9c2a0db3-c7e6-4d04-8b65-6cb56ec6b9f7,2026-09-09 05:20:59.714662+00
453a3640-5734-418e-a909-65562b938ded,8667 7863 7616 0395,merchant_allocated,75eff299-f162-4427-8b08-04f404141ef9,2026-09-09 10:29:54.922115+00,,,9c2a0db3-c7e6-4d04-8b65-6cb56ec6b9f7,2026-09-09 10:16:46.810748+00
4560c61d-a663-4868-9917-72684d1daeab,4555 8645 9367 0030,merchant_allocated,63c2aeec-7410-4c78-9a68-beb45b1c622c,2026-08-27 11:40:23.347781+00,,,9c2a0db3-c7e6-4d04-8b65-6cb56ec6b9f7,2026-08-27 11:34:13.556736+00
4591fc7a-05c3-47a1-83ca-04e5ebab71f5,8667 7863 7616 0497,merchant_allocated,75eff299-f162-4427-8b08-04f404141ef9,2026-09-09 10:29:54.922115+00,,,9c2a0db3-c7e6-4d04-8b65-6cb56ec6b9f7,2026-09-09 10:16:46.810748+00
45946e64-2d1e-4b24-bd82-b9501b74fef2,2173 6567 3333 0023,merchant_allocated,c74f8bef-6fd7-40f2-a363-1daa167d0439,2026-09-03 09:31:57.289663+00,,,9c2a0db3-c7e6-4d04-8b65-6cb56ec6b9f7,2026-09-03 09:26:26.769933+00
45973787-24fd-47d8-bdf9-8e1c7ea89d5e,8667 7863 7616 0192,merchant_allocated,75eff299-f162-4427-8b08-04f404141ef9,2026-09-09 10:29:54.922115+00,,,9c2a0db3-c7e6-4d04-8b65-6cb56ec6b9f7,2026-09-09 10:16:46.810748+00
45999ece-799e-454a-9ea3-dd13bc25e369,4555 8645 9367 0419,merchant_allocated,63c2aeec-7410-4c78-9a68-beb45b1c622c,2026-08-27 11:40:23.347781+00,,,9c2a0db3-c7e6-4d04-8b65-6cb56ec6b9f7,2026-08-27 11:34:13.556736+00
45b27212-72eb-47eb-9376-7ace8807b665,8783 5621 8877 0058,merchant_allocated,b64a2ee7-5fc4-434d-9b92-1fa730df2810,2026-09-09 05:29:06.233162+00,,,9c2a0db3-c7e6-4d04-8b65-6cb56ec6b9f7,2026-09-09 05:20:59.714662+00
45c41c7f-5aeb-4a52-bf62-215e80da6d8e,2176 6567 3333 0047,unassigned,,,,,9c2a0db3-c7e6-4d04-8b65-6cb56ec6b9f7,2026-09-03 09:06:17.550685+00
45c8338a-7de1-4bfe-b80e-13107b32759d,8783 5621 8877 0146,merchant_allocated,b64a2ee7-5fc4-434d-9b92-1fa730df2810,2026-09-09 05:29:06.233162+00,,,9c2a0db3-c7e6-4d04-8b65-6cb56ec6b9f7,2026-09-09 05:20:59.714662+00
45ce774d-fa92-4943-9ba5-1bd132830bc2,2176 6567 3333 0489,unassigned,,,,,9c2a0db3-c7e6-4d04-8b65-6cb56ec6b9f7,2026-09-03 09:06:17.550685+00
4620816b-1164-44e8-9682-8e8b4a9360ec,8783 5621 8877 0203,merchant_allocated,b64a2ee7-5fc4-434d-9b92-1fa730df2810,2026-09-09 05:29:06.233162+00,,,9c2a0db3-c7e6-4d04-8b65-6cb56ec6b9f7,2026-09-09 05:20:59.714662+00
463f72f1-2653-4a81-ac88-bd1f62c20275,8783 5621 8877 0250,merchant_allocated,b64a2ee7-5fc4-434d-9b92-1fa730df2810,2026-09-09 05:29:06.233162+00,,,9c2a0db3-c7e6-4d04-8b65-6cb56ec6b9f7,2026-09-09 05:20:59.714662+00
4645c6cf-4770-4a51-954d-a79655842013,2176 6567 3333 0310,unassigned,,,,,9c2a0db3-c7e6-4d04-8b65-6cb56ec6b9f7,2026-09-03 09:06:17.550685+00
46488467-3b77-4394-ac28-54c06001c458,8783 5621 8877 0355,merchant_allocated,b64a2ee7-5fc4-434d-9b92-1fa730df2810,2026-09-09 05:29:06.233162+00,,,9c2a0db3-c7e6-4d04-8b65-6cb56ec6b9f7,2026-09-09 05:20:59.714662+00
4657c5ce-84a2-43bc-823a-8d237db1270e,2173 6567 3333 0059,merchant_allocated,c74f8bef-6fd7-40f2-a363-1daa167d0439,2026-09-03 09:31:57.289663+00,,,9c2a0db3-c7e6-4d04-8b65-6cb56ec6b9f7,2026-09-03 09:26:26.769933+00
465f7ebf-bfcf-4c63-b42e-78712674b82d,4555 8645 9367 0024,merchant_allocated,63c2aeec-7410-4c78-9a68-beb45b1c622c,2026-08-27 11:40:23.347781+00,,,9c2a0db3-c7e6-4d04-8b65-6cb56ec6b9f7,2026-08-27 11:34:13.556736+00
468288e9-baef-475b-9659-bc44a6410269,2173 6567 3333 0400,merchant_allocated,c74f8bef-6fd7-40f2-a363-1daa167d0439,2026-09-03 09:31:57.289663+00,,,9c2a0db3-c7e6-4d04-8b65-6cb56ec6b9f7,2026-09-03 09:26:26.769933+00
468347c3-00a2-47b0-92e1-646f658488e5,8783 5621 8877 0086,merchant_allocated,b64a2ee7-5fc4-434d-9b92-1fa730df2810,2026-09-09 05:29:06.233162+00,,,9c2a0db3-c7e6-4d04-8b65-6cb56ec6b9f7,2026-09-09 05:20:59.714662+00
469922a5-5baa-4097-a6ba-2a5bdf880759,2173 6567 3333 0479,merchant_allocated,c74f8bef-6fd7-40f2-a363-1daa167d0439,2026-09-03 09:31:57.289663+00,,,9c2a0db3-c7e6-4d04-8b65-6cb56ec6b9f7,2026-09-03 09:26:26.769933+00
469c6dae-2c13-4e5f-a135-8b5117c30ebb,5656 7477 9399 0003,merchant_allocated,9f5a3fe4-f21f-4fed-beaf-67dcb9c6cffc,2026-07-22 09:15:44.905092+00,,,9c2a0db3-c7e6-4d04-8b65-6cb56ec6b9f7,2026-07-22 09:14:18.287281+00
46f0bf4f-d495-44be-9179-57836d95245c,4555 8645 9367 0190,merchant_allocated,63c2aeec-7410-4c78-9a68-beb45b1c622c,2026-08-27 11:40:23.347781+00,,,9c2a0db3-c7e6-4d04-8b65-6cb56ec6b9f7,2026-08-27 11:34:13.556736+00
47035ecc-0185-463b-96a4-517c4d0aece6,8667 7863 7616 0059,merchant_allocated,75eff299-f162-4427-8b08-04f404141ef9,2026-09-09 10:29:54.922115+00,,,9c2a0db3-c7e6-4d04-8b65-6cb56ec6b9f7,2026-09-09 10:16:46.810748+00
47242e98-4130-4d1e-8399-2190e0b61eef,2176 6567 3333 0088,unassigned,,,,,9c2a0db3-c7e6-4d04-8b65-6cb56ec6b9f7,2026-09-03 09:06:17.550685+00
47478f1b-d6a2-458e-8a83-3413f7aa249b,4821 4444 0000 4800,merchant_allocated,merch_  7,2026-08-03 17:46:28.931088+00,,,9c2a0db3-c7e6-4d04-8b65-6cb56ec6b9f7,2026-08-03 17:45:59.017505+00
475afc84-9426-4ba1-babb-139132c4d8d2,4555 8645 9367 0431,merchant_allocated,63c2aeec-7410-4c78-9a68-beb45b1c622c,2026-08-27 11:40:23.347781+00,,,9c2a0db3-c7e6-4d04-8b65-6cb56ec6b9f7,2026-08-27 11:34:13.556736+00
47611892-2d14-4a1f-b04a-c4bd6ba097d1,2173 6567 3333 0004,member_linked,c74f8bef-6fd7-40f2-a363-1daa167d0439,2026-09-03 09:31:57.289663+00,41aa6807-22bf-4f5e-bb4e-fbb917670d34,2026-09-13 07:10:57.803195+00,9c2a0db3-c7e6-4d04-8b65-6cb56ec6b9f7,2026-09-03 09:26:26.769933+00
476523af-2063-4920-8f7a-67985e0614d5,8689 6453 5689 0046,merchant_allocated,bc3951f9-ff8c-436b-8322-e5dd6592ca4b,2026-09-05 05:47:39.366708+00,,,9c2a0db3-c7e6-4d04-8b65-6cb56ec6b9f7,2026-09-05 05:42:03.795053+00
47652d97-cc05-4f23-9eec-f3313b61af02,4821 4444 0000 0700,merchant_allocated,merch_  7,2026-08-03 17:46:28.931088+00,,,9c2a0db3-c7e6-4d04-8b65-6cb56ec6b9f7,2026-08-03 17:45:59.017505+00
477a02e5-b3ce-47b0-804b-474a4838e553,8667 7863 7616 0498,merchant_allocated,75eff299-f162-4427-8b08-04f404141ef9,2026-09-09 10:29:54.922115+00,,,9c2a0db3-c7e6-4d04-8b65-6cb56ec6b9f7,2026-09-09 10:16:46.810748+00
47b1760e-92c7-4dff-8ff5-b1991bcb440f,8667 7863 7616 0070,merchant_allocated,75eff299-f162-4427-8b08-04f404141ef9,2026-09-09 10:29:54.922115+00,,,9c2a0db3-c7e6-4d04-8b65-6cb56ec6b9f7,2026-09-09 10:16:46.810748+00
47c1a002-9e55-40ee-9f38-3f72ff78bba3,4555 8645 9367 0402,merchant_allocated,63c2aeec-7410-4c78-9a68-beb45b1c622c,2026-08-27 11:40:23.347781+00,,,9c2a0db3-c7e6-4d04-8b65-6cb56ec6b9f7,2026-08-27 11:34:13.556736+00
47c3711b-7915-44e6-ad5d-0b63f30e67bd,8667 7863 7616 0215,merchant_allocated,75eff299-f162-4427-8b08-04f404141ef9,2026-09-09 10:29:54.922115+00,,,9c2a0db3-c7e6-4d04-8b65-6cb56ec6b9f7,2026-09-09 10:16:46.810748+00
47ce93a9-8072-4dd9-9b38-f87feebf37ce,8667 7863 7616 0155,merchant_allocated,75eff299-f162-4427-8b08-04f404141ef9,2026-09-09 10:29:54.922115+00,,,9c2a0db3-c7e6-4d04-8b65-6cb56ec6b9f7,2026-09-09 10:16:46.810748+00
47d13522-28ef-4965-9efc-3c9f6688c3ce,2176 6567 3333 0451,unassigned,,,,,9c2a0db3-c7e6-4d04-8b65-6cb56ec6b9f7,2026-09-03 09:06:17.550685+00
47eb0c59-dd60-4bd2-8359-15ac5a9e4450,4555 8645 9367 0015,merchant_allocated,63c2aeec-7410-4c78-9a68-beb45b1c622c,2026-08-27 11:40:23.347781+00,,,9c2a0db3-c7e6-4d04-8b65-6cb56ec6b9f7,2026-08-27 11:34:13.556736+00
47fcfb98-a2c7-47f0-ae28-9fecff5ed4f8,2176 6567 3333 0329,unassigned,,,,,9c2a0db3-c7e6-4d04-8b65-6cb56ec6b9f7,2026-09-03 09:06:17.550685+00
480259f2-c851-4084-a168-3b7ce4540b35,4555 8645 9367 0060,merchant_allocated,63c2aeec-7410-4c78-9a68-beb45b1c622c,2026-08-27 11:40:23.347781+00,,,9c2a0db3-c7e6-4d04-8b65-6cb56ec6b9f7,2026-08-27 11:34:13.556736+00
4804fe80-c037-4fde-8493-7d3d5f0aa2ed,7567 5342 8633 0022,merchant_allocated,4bf2fb6b-bdf3-49d3-ac1b-1e6e746c6643,2026-07-21 16:11:58.441179+00,,,9c2a0db3-c7e6-4d04-8b65-6cb56ec6b9f7,2026-07-21 16:10:31.33396+00
4824f495-e942-49ac-ad60-e6191d4b7337,8667 7863 7616 0132,merchant_allocated,75eff299-f162-4427-8b08-04f404141ef9,2026-09-09 10:29:54.922115+00,,,9c2a0db3-c7e6-4d04-8b65-6cb56ec6b9f7,2026-09-09 10:16:46.810748+00
483d79a7-3448-4bd1-aa12-ab42f800f76a,8783 5621 8877 0327,merchant_allocated,b64a2ee7-5fc4-434d-9b92-1fa730df2810,2026-09-09 05:29:06.233162+00,,,9c2a0db3-c7e6-4d04-8b65-6cb56ec6b9f7,2026-09-09 05:20:59.714662+00
484da0e5-2791-451a-87ed-1e1e30a0e85b,8689 6453 5689 0023,merchant_allocated,bc3951f9-ff8c-436b-8322-e5dd6592ca4b,2026-09-05 05:47:39.366708+00,,,9c2a0db3-c7e6-4d04-8b65-6cb56ec6b9f7,2026-09-05 05:42:03.795053+00
487bb2ca-c684-414c-b01e-47e35a851eb5,2176 6567 3333 0267,unassigned,,,,,9c2a0db3-c7e6-4d04-8b65-6cb56ec6b9f7,2026-09-03 09:06:17.550685+00
4887af03-73d5-4565-bfb8-af0f76acc972,2173 6567 3333 0325,merchant_allocated,c74f8bef-6fd7-40f2-a363-1daa167d0439,2026-09-03 09:31:57.289663+00,,,9c2a0db3-c7e6-4d04-8b65-6cb56ec6b9f7,2026-09-03 09:26:26.769933+00
488ce333-a2ee-493a-9e51-ada8b8b3296e,2176 6567 3333 0379,unassigned,,,,,9c2a0db3-c7e6-4d04-8b65-6cb56ec6b9f7,2026-09-03 09:06:17.550685+00
488e6c63-2a76-478a-94a7-2b9af7f75f1d,4555 8645 9367 0080,merchant_allocated,63c2aeec-7410-4c78-9a68-beb45b1c622c,2026-08-27 11:40:23.347781+00,,,9c2a0db3-c7e6-4d04-8b65-6cb56ec6b9f7,2026-08-27 11:34:13.556736+00
48ab607a-b3d5-47e0-a592-629b7d5d2c9a,8783 5621 8877 0390,merchant_allocated,b64a2ee7-5fc4-434d-9b92-1fa730df2810,2026-09-09 05:29:06.233162+00,,,9c2a0db3-c7e6-4d04-8b65-6cb56ec6b9f7,2026-09-09 05:20:59.714662+00
48aec5a9-1934-4d50-9d6d-3c1506109d36,8667 7863 7616 0087,merchant_allocated,75eff299-f162-4427-8b08-04f404141ef9,2026-09-09 10:29:54.922115+00,,,9c2a0db3-c7e6-4d04-8b65-6cb56ec6b9f7,2026-09-09 10:16:46.810748+00
48b499de-24a1-4d52-b639-9611c008a7c1,4555 8645 9367 0391,merchant_allocated,63c2aeec-7410-4c78-9a68-beb45b1c622c,2026-08-27 11:40:23.347781+00,,,9c2a0db3-c7e6-4d04-8b65-6cb56ec6b9f7,2026-08-27 11:34:13.556736+00
48b9f562-ef54-4a49-b06f-a1318fe66b9c,2176 6567 3333 0497,unassigned,,,,,9c2a0db3-c7e6-4d04-8b65-6cb56ec6b9f7,2026-09-03 09:06:17.550685+00
48e161cc-fb76-4e50-8f00-a347604af983,7567 5342 8633 0052,merchant_allocated,4bf2fb6b-bdf3-49d3-ac1b-1e6e746c6643,2026-07-21 16:11:58.441179+00,,,9c2a0db3-c7e6-4d04-8b65-6cb56ec6b9f7,2026-07-21 16:10:31.33396+00
48f88527-dff1-49c4-8762-4ac7f57bf990,8667 7863 7616 0090,merchant_allocated,75eff299-f162-4427-8b08-04f404141ef9,2026-09-09 10:29:54.922115+00,,,9c2a0db3-c7e6-4d04-8b65-6cb56ec6b9f7,2026-09-09 10:16:46.810748+00
490b6bdc-482c-4995-9155-8fc7e81ca02b,8783 5621 8877 0466,merchant_allocated,b64a2ee7-5fc4-434d-9b92-1fa730df2810,2026-09-09 05:29:06.233162+00,,,9c2a0db3-c7e6-4d04-8b65-6cb56ec6b9f7,2026-09-09 05:20:59.714662+00
49226ed9-dd3f-4ea3-9c2e-69c8eb88975f,8667 7863 7616 0413,merchant_allocated,75eff299-f162-4427-8b08-04f404141ef9,2026-09-09 10:29:54.922115+00,,,9c2a0db3-c7e6-4d04-8b65-6cb56ec6b9f7,2026-09-09 10:16:46.810748+00
492e52db-37a1-42e8-afa1-34f6e9963b35,8667 7863 7616 0446,merchant_allocated,75eff299-f162-4427-8b08-04f404141ef9,2026-09-09 10:29:54.922115+00,,,9c2a0db3-c7e6-4d04-8b65-6cb56ec6b9f7,2026-09-09 10:16:46.810748+00
494e88c8-480e-4341-8db7-760281affc64,4555 8645 9367 0207,merchant_allocated,63c2aeec-7410-4c78-9a68-beb45b1c622c,2026-08-27 11:40:23.347781+00,,,9c2a0db3-c7e6-4d04-8b65-6cb56ec6b9f7,2026-08-27 11:34:13.556736+00
495a95ff-cbdc-4db4-9089-9d6e071ff2c1,4555 8645 9367 0147,merchant_allocated,63c2aeec-7410-4c78-9a68-beb45b1c622c,2026-08-27 11:40:23.347781+00,,,9c2a0db3-c7e6-4d04-8b65-6cb56ec6b9f7,2026-08-27 11:34:13.556736+00
499351da-2fcc-454d-b697-4a1cba3f9c18,8667 7863 7616 0072,merchant_allocated,75eff299-f162-4427-8b08-04f404141ef9,2026-09-09 10:29:54.922115+00,,,9c2a0db3-c7e6-4d04-8b65-6cb56ec6b9f7,2026-09-09 10:16:46.810748+00
49afe442-627b-449a-a394-36ab4bc60d73,8783 5621 8877 0488,merchant_allocated,b64a2ee7-5fc4-434d-9b92-1fa730df2810,2026-09-09 05:29:06.233162+00,,,9c2a0db3-c7e6-4d04-8b65-6cb56ec6b9f7,2026-09-09 05:20:59.714662+00
49b5a744-0170-4796-a512-612a9d2683dc,2176 6567 3333 0158,unassigned,,,,,9c2a0db3-c7e6-4d04-8b65-6cb56ec6b9f7,2026-09-03 09:06:17.550685+00
49d5d488-8d43-4d22-a659-3e4becc140a4,4555 8645 9367 0114,merchant_allocated,63c2aeec-7410-4c78-9a68-beb45b1c622c,2026-08-27 11:40:23.347781+00,,,9c2a0db3-c7e6-4d04-8b65-6cb56ec6b9f7,2026-08-27 11:34:13.556736+00
49e39b22-6f8a-4e43-b6dd-487f317be801,8667 7863 7616 0063,merchant_allocated,75eff299-f162-4427-8b08-04f404141ef9,2026-09-09 10:29:54.922115+00,,,9c2a0db3-c7e6-4d04-8b65-6cb56ec6b9f7,2026-09-09 10:16:46.810748+00
4a17150c-3b3c-4a31-a0c8-ad1e7e9af208,8783 5621 8877 0053,merchant_allocated,b64a2ee7-5fc4-434d-9b92-1fa730df2810,2026-09-09 05:29:06.233162+00,,,9c2a0db3-c7e6-4d04-8b65-6cb56ec6b9f7,2026-09-09 05:20:59.714662+00
4a25a52f-2158-4f3d-ac17-0675cb6de9a2,2173 6567 3333 0437,merchant_allocated,c74f8bef-6fd7-40f2-a363-1daa167d0439,2026-09-03 09:31:57.289663+00,,,9c2a0db3-c7e6-4d04-8b65-6cb56ec6b9f7,2026-09-03 09:26:26.769933+00
4a2b76fe-9328-4e68-a275-598a8dc32cff,8667 7863 7616 0236,merchant_allocated,75eff299-f162-4427-8b08-04f404141ef9,2026-09-09 10:29:54.922115+00,,,9c2a0db3-c7e6-4d04-8b65-6cb56ec6b9f7,2026-09-09 10:16:46.810748+00
4a75f14a-2dfd-429b-a719-7dc96bd75cfc,4555 8645 9367 0381,merchant_allocated,63c2aeec-7410-4c78-9a68-beb45b1c622c,2026-08-27 11:40:23.347781+00,,,9c2a0db3-c7e6-4d04-8b65-6cb56ec6b9f7,2026-08-27 11:34:13.556736+00
4a82390e-2e3a-4e1a-9221-e2be354b9083,8783 5621 8877 0422,merchant_allocated,b64a2ee7-5fc4-434d-9b92-1fa730df2810,2026-09-09 05:29:06.233162+00,,,9c2a0db3-c7e6-4d04-8b65-6cb56ec6b9f7,2026-09-09 05:20:59.714662+00
4a8c8c10-42b3-43ff-ae3d-faa1380a4a7c,2176 6567 3333 0186,unassigned,,,,,9c2a0db3-c7e6-4d04-8b65-6cb56ec6b9f7,2026-09-03 09:06:17.550685+00
4a934a2c-35f1-4f4d-a2da-019ce1cc79b3,4555 8645 9367 0275,merchant_allocated,63c2aeec-7410-4c78-9a68-beb45b1c622c,2026-08-27 11:40:23.347781+00,,,9c2a0db3-c7e6-4d04-8b65-6cb56ec6b9f7,2026-08-27 11:34:13.556736+00
4aab8742-6609-49d3-b343-47a721b658e1,4555 8645 9367 0485,merchant_allocated,63c2aeec-7410-4c78-9a68-beb45b1c622c,2026-08-27 11:40:23.347781+00,,,9c2a0db3-c7e6-4d04-8b65-6cb56ec6b9f7,2026-08-27 11:34:13.556736+00
4ab71e4b-d34a-4243-895f-5a36d4ec0b4c,2176 6567 3333 0187,unassigned,,,,,9c2a0db3-c7e6-4d04-8b65-6cb56ec6b9f7,2026-09-03 09:06:17.550685+00
4ac40bb6-c3cb-4519-8224-52fae4484893,4555 8645 9367 0394,merchant_allocated,63c2aeec-7410-4c78-9a68-beb45b1c622c,2026-08-27 11:40:23.347781+00,,,9c2a0db3-c7e6-4d04-8b65-6cb56ec6b9f7,2026-08-27 11:34:13.556736+00
4afe7318-7331-437c-9be9-06e421178ad7,2176 6567 3333 0374,unassigned,,,,,9c2a0db3-c7e6-4d04-8b65-6cb56ec6b9f7,2026-09-03 09:06:17.550685+00
4b638d53-5d0a-47de-a6b2-273901bdc08e,8667 7863 7616 0162,merchant_allocated,75eff299-f162-4427-8b08-04f404141ef9,2026-09-09 10:29:54.922115+00,,,9c2a0db3-c7e6-4d04-8b65-6cb56ec6b9f7,2026-09-09 10:16:46.810748+00
4b81fa89-92b2-4594-9b12-1c037d719ea7,8689 6453 5689 0002,member_linked,bc3951f9-ff8c-436b-8322-e5dd6592ca4b,2026-09-05 05:47:39.366708+00,2ec018f6-2253-4599-bfea-46837c739e58,2026-09-18 05:42:13.554323+00,9c2a0db3-c7e6-4d04-8b65-6cb56ec6b9f7,2026-09-05 05:42:03.795053+00
4b926a98-1211-4569-808a-07bb88861eae,8689 6453 5689 0044,merchant_allocated,bc3951f9-ff8c-436b-8322-e5dd6592ca4b,2026-09-05 05:47:39.366708+00,,,9c2a0db3-c7e6-4d04-8b65-6cb56ec6b9f7,2026-09-05 05:42:03.795053+00
4b93d441-cfd4-4324-87b1-e0a6f6c52c46,8783 5621 8877 0023,merchant_allocated,b64a2ee7-5fc4-434d-9b92-1fa730df2810,2026-09-09 05:29:06.233162+00,,,9c2a0db3-c7e6-4d04-8b65-6cb56ec6b9f7,2026-09-09 05:20:59.714662+00
4b9aa074-0e94-4eb1-a365-367636efa7f6,2176 6567 3333 0454,unassigned,,,,,9c2a0db3-c7e6-4d04-8b65-6cb56ec6b9f7,2026-09-03 09:06:17.550685+00
4baecd25-95a1-4265-937a-612111c952ff,2176 6567 3333 0475,unassigned,,,,,9c2a0db3-c7e6-4d04-8b65-6cb56ec6b9f7,2026-09-03 09:06:17.550685+00
4bbba61c-befe-4287-960a-1c93294f65a2,8667 7863 7616 0141,merchant_allocated,75eff299-f162-4427-8b08-04f404141ef9,2026-09-09 10:29:54.922115+00,,,9c2a0db3-c7e6-4d04-8b65-6cb56ec6b9f7,2026-09-09 10:16:46.810748+00
4bc2664a-142a-446f-9d17-fd36433174f5,2173 6567 3333 0007,member_linked,c74f8bef-6fd7-40f2-a363-1daa167d0439,2026-09-03 09:31:57.289663+00,5d28fb0b-8ceb-4258-8db7-4a100ec34485,2026-09-15 16:58:46.60034+00,9c2a0db3-c7e6-4d04-8b65-6cb56ec6b9f7,2026-09-03 09:26:26.769933+00
4becabb6-a136-4f5e-afb4-38575afb0e3b,2176 6567 3333 0439,unassigned,,,,,9c2a0db3-c7e6-4d04-8b65-6cb56ec6b9f7,2026-09-03 09:06:17.550685+00
4bf1ce51-0f02-47a2-aed6-d5d85f853bae,4821 6739 0000 3800,merchant_allocated,merch_  6,2026-07-28 06:48:05.660888+00,,,9c2a0db3-c7e6-4d04-8b65-6cb56ec6b9f7,2026-07-28 06:47:38.92065+00
4bfe47b3-bf61-4936-8953-2b427fbb034b,4555 8645 9367 0384,merchant_allocated,63c2aeec-7410-4c78-9a68-beb45b1c622c,2026-08-27 11:40:23.347781+00,,,9c2a0db3-c7e6-4d04-8b65-6cb56ec6b9f7,2026-08-27 11:34:13.556736+00
4c212cf5-0b9d-4386-9792-c79812a28bab,2173 6567 3333 0122,merchant_allocated,c74f8bef-6fd7-40f2-a363-1daa167d0439,2026-09-03 09:31:57.289663+00,,,9c2a0db3-c7e6-4d04-8b65-6cb56ec6b9f7,2026-09-03 09:26:26.769933+00
4c391436-d680-4200-859c-1ad330202f43,4555 8645 9367 0150,merchant_allocated,63c2aeec-7410-4c78-9a68-beb45b1c622c,2026-08-27 11:40:23.347781+00,,,9c2a0db3-c7e6-4d04-8b65-6cb56ec6b9f7,2026-08-27 11:34:13.556736+00
4c45ec9f-9374-4403-a11b-827dc6ad245f,8689 6453 5689 0028,merchant_allocated,bc3951f9-ff8c-436b-8322-e5dd6592ca4b,2026-09-05 05:47:39.366708+00,,,9c2a0db3-c7e6-4d04-8b65-6cb56ec6b9f7,2026-09-05 05:42:03.795053+00
4ca0c6b4-6875-4cae-854b-9f3a1299d344,8667 7863 7616 0404,merchant_allocated,75eff299-f162-4427-8b08-04f404141ef9,2026-09-09 10:29:54.922115+00,,,9c2a0db3-c7e6-4d04-8b65-6cb56ec6b9f7,2026-09-09 10:16:46.810748+00
4cafbf2b-f1d7-4bb4-a314-6a1de697fa30,8783 5621 8877 0397,merchant_allocated,b64a2ee7-5fc4-434d-9b92-1fa730df2810,2026-09-09 05:29:06.233162+00,,,9c2a0db3-c7e6-4d04-8b65-6cb56ec6b9f7,2026-09-09 05:20:59.714662+00
4cc13359-fe92-4b3d-9d60-3c9cfe001660,8783 5621 8877 0453,merchant_allocated,b64a2ee7-5fc4-434d-9b92-1fa730df2810,2026-09-09 05:29:06.233162+00,,,9c2a0db3-c7e6-4d04-8b65-6cb56ec6b9f7,2026-09-09 05:20:59.714662+00
4d078fe4-df23-469a-ac7e-95a7f7545a78,4555 8645 9367 0265,merchant_allocated,63c2aeec-7410-4c78-9a68-beb45b1c622c,2026-08-27 11:40:23.347781+00,,,9c2a0db3-c7e6-4d04-8b65-6cb56ec6b9f7,2026-08-27 11:34:13.556736+00
4d178b3b-220b-46ec-a1f5-1d039ca4c861,2176 6567 3333 0495,unassigned,,,,,9c2a0db3-c7e6-4d04-8b65-6cb56ec6b9f7,2026-09-03 09:06:17.550685+00
4d1bdffc-3251-4887-9b96-b96666d68250,2176 6567 3333 0419,unassigned,,,,,9c2a0db3-c7e6-4d04-8b65-6cb56ec6b9f7,2026-09-03 09:06:17.550685+00
4d1c89c3-4ef1-4c0a-a2e5-768992a8678d,7567 5342 8633 0014,merchant_allocated,4bf2fb6b-bdf3-49d3-ac1b-1e6e746c6643,2026-07-21 16:11:58.441179+00,,,9c2a0db3-c7e6-4d04-8b65-6cb56ec6b9f7,2026-07-21 16:10:31.33396+00
4d221dfc-90fb-4b71-a876-8a01ebf60df0,7567 5342 8633 0057,merchant_allocated,4bf2fb6b-bdf3-49d3-ac1b-1e6e746c6643,2026-07-21 16:11:58.441179+00,,,9c2a0db3-c7e6-4d04-8b65-6cb56ec6b9f7,2026-07-21 16:10:31.33396+00
4d3d56e6-5250-413d-b3ae-4c6a5b064864,2173 6567 3333 0156,merchant_allocated,c74f8bef-6fd7-40f2-a363-1daa167d0439,2026-09-03 09:31:57.289663+00,,,9c2a0db3-c7e6-4d04-8b65-6cb56ec6b9f7,2026-09-03 09:26:26.769933+00
4d45a16a-dcf2-4cee-8016-ab3bb44847d0,8667 7863 7616 0299,merchant_allocated,75eff299-f162-4427-8b08-04f404141ef9,2026-09-09 10:29:54.922115+00,,,9c2a0db3-c7e6-4d04-8b65-6cb56ec6b9f7,2026-09-09 10:16:46.810748+00
4d6745ff-1194-4fc1-bfbf-9fdb810068ed,8667 7863 7616 0305,merchant_allocated,75eff299-f162-4427-8b08-04f404141ef9,2026-09-09 10:29:54.922115+00,,,9c2a0db3-c7e6-4d04-8b65-6cb56ec6b9f7,2026-09-09 10:16:46.810748+00
4dc86372-1dc3-41d7-be57-9382a78cd726,8783 5621 8877 0270,merchant_allocated,b64a2ee7-5fc4-434d-9b92-1fa730df2810,2026-09-09 05:29:06.233162+00,,,9c2a0db3-c7e6-4d04-8b65-6cb56ec6b9f7,2026-09-09 05:20:59.714662+00
4df94a08-8994-47d1-9179-d3b0f817543d,2173 6567 3333 0315,merchant_allocated,c74f8bef-6fd7-40f2-a363-1daa167d0439,2026-09-03 09:31:57.289663+00,,,9c2a0db3-c7e6-4d04-8b65-6cb56ec6b9f7,2026-09-03 09:26:26.769933+00
4e025e3c-05a9-455c-b2ec-a145e8138888,2173 6567 3333 0419,merchant_allocated,c74f8bef-6fd7-40f2-a363-1daa167d0439,2026-09-03 09:31:57.289663+00,,,9c2a0db3-c7e6-4d04-8b65-6cb56ec6b9f7,2026-09-03 09:26:26.769933+00
4e2da575-0e16-44b7-b9d4-a62e0b344785,8689 6453 5689 0095,merchant_allocated,bc3951f9-ff8c-436b-8322-e5dd6592ca4b,2026-09-05 05:47:39.366708+00,,,9c2a0db3-c7e6-4d04-8b65-6cb56ec6b9f7,2026-09-05 05:42:03.795053+00
4e4b1d35-98a2-4d89-9a0c-e777d2b0b37a,4555 8645 9367 0294,merchant_allocated,63c2aeec-7410-4c78-9a68-beb45b1c622c,2026-08-27 11:40:23.347781+00,,,9c2a0db3-c7e6-4d04-8b65-6cb56ec6b9f7,2026-08-27 11:34:13.556736+00
4e59d820-7c9f-4fab-b32d-6d2110844086,4555 8645 9367 0027,merchant_allocated,63c2aeec-7410-4c78-9a68-beb45b1c622c,2026-08-27 11:40:23.347781+00,,,9c2a0db3-c7e6-4d04-8b65-6cb56ec6b9f7,2026-08-27 11:34:13.556736+00
4e5dfe31-d2d8-4561-9c2f-fb0970daeab0,4555 8645 9367 0406,merchant_allocated,63c2aeec-7410-4c78-9a68-beb45b1c622c,2026-08-27 11:40:23.347781+00,,,9c2a0db3-c7e6-4d04-8b65-6cb56ec6b9f7,2026-08-27 11:34:13.556736+00
4e678197-07e1-46c9-9583-c1df261c759d,2173 6567 3333 0211,merchant_allocated,c74f8bef-6fd7-40f2-a363-1daa167d0439,2026-09-03 09:31:57.289663+00,,,9c2a0db3-c7e6-4d04-8b65-6cb56ec6b9f7,2026-09-03 09:26:26.769933+00
4e9ee775-2903-42dc-a6b9-41b51d13423a,4555 8645 9367 0100,merchant_allocated,63c2aeec-7410-4c78-9a68-beb45b1c622c,2026-08-27 11:40:23.347781+00,,,9c2a0db3-c7e6-4d04-8b65-6cb56ec6b9f7,2026-08-27 11:34:13.556736+00
4eb5d7a0-dceb-4dbe-b6ad-084de5bd07e4,2173 6567 3333 0193,merchant_allocated,c74f8bef-6fd7-40f2-a363-1daa167d0439,2026-09-03 09:31:57.289663+00,,,9c2a0db3-c7e6-4d04-8b65-6cb56ec6b9f7,2026-09-03 09:26:26.769933+00
4ece59ff-94cd-4bf9-93be-a944748d99e2,2173 6567 3333 0265,merchant_allocated,c74f8bef-6fd7-40f2-a363-1daa167d0439,2026-09-03 09:31:57.289663+00,,,9c2a0db3-c7e6-4d04-8b65-6cb56ec6b9f7,2026-09-03 09:26:26.769933+00
4ecf64e3-68fb-405c-b486-e36716e996c3,8667 7863 7616 0264,merchant_allocated,75eff299-f162-4427-8b08-04f404141ef9,2026-09-09 10:29:54.922115+00,,,9c2a0db3-c7e6-4d04-8b65-6cb56ec6b9f7,2026-09-09 10:16:46.810748+00
4f08b3c2-c8c1-488d-9469-3d23a99eaa04,8783 5621 8877 0135,merchant_allocated,b64a2ee7-5fc4-434d-9b92-1fa730df2810,2026-09-09 05:29:06.233162+00,,,9c2a0db3-c7e6-4d04-8b65-6cb56ec6b9f7,2026-09-09 05:20:59.714662+00
4f20ccd6-77d6-43fd-904e-c0104186343a,8689 6453 5689 0089,merchant_allocated,bc3951f9-ff8c-436b-8322-e5dd6592ca4b,2026-09-05 05:47:39.366708+00,,,9c2a0db3-c7e6-4d04-8b65-6cb56ec6b9f7,2026-09-05 05:42:03.795053+00
4f262a97-18ff-4d95-85dd-8c6c5c140fea,2176 6567 3333 0022,unassigned,,,,,9c2a0db3-c7e6-4d04-8b65-6cb56ec6b9f7,2026-09-03 09:06:17.550685+00
4f39f10f-d6c0-4a88-904d-efb81890e43a,8667 7863 7616 0159,merchant_allocated,75eff299-f162-4427-8b08-04f404141ef9,2026-09-09 10:29:54.922115+00,,,9c2a0db3-c7e6-4d04-8b65-6cb56ec6b9f7,2026-09-09 10:16:46.810748+00
4f3ad4f2-1174-4e12-8b50-7cad6fb216ee,4555 8645 9367 0266,merchant_allocated,63c2aeec-7410-4c78-9a68-beb45b1c622c,2026-08-27 11:40:23.347781+00,,,9c2a0db3-c7e6-4d04-8b65-6cb56ec6b9f7,2026-08-27 11:34:13.556736+00
4f404fd0-f9c3-4cb7-b18b-aff1749506cc,2176 6567 3333 0114,unassigned,,,,,9c2a0db3-c7e6-4d04-8b65-6cb56ec6b9f7,2026-09-03 09:06:17.550685+00
4f570d4b-775f-4a3f-b30e-365e24976deb,4555 8645 9367 0051,merchant_allocated,63c2aeec-7410-4c78-9a68-beb45b1c622c,2026-08-27 11:40:23.347781+00,,,9c2a0db3-c7e6-4d04-8b65-6cb56ec6b9f7,2026-08-27 11:34:13.556736+00
4f687059-59c7-466b-894f-18c5af9eb7b1,8783 5621 8877 0097,merchant_allocated,b64a2ee7-5fc4-434d-9b92-1fa730df2810,2026-09-09 05:29:06.233162+00,,,9c2a0db3-c7e6-4d04-8b65-6cb56ec6b9f7,2026-09-09 05:20:59.714662+00
4f8d9a8e-5e46-4150-bd3d-20dd0bf6838d,8667 7863 7616 0028,merchant_allocated,75eff299-f162-4427-8b08-04f404141ef9,2026-09-09 10:29:54.922115+00,,,9c2a0db3-c7e6-4d04-8b65-6cb56ec6b9f7,2026-09-09 10:16:46.810748+00
4f90891c-ffbf-43a0-bb55-fbf02f9c3017,8667 7863 7616 0223,merchant_allocated,75eff299-f162-4427-8b08-04f404141ef9,2026-09-09 10:29:54.922115+00,,,9c2a0db3-c7e6-4d04-8b65-6cb56ec6b9f7,2026-09-09 10:16:46.810748+00
4f980d18-cf53-4989-871d-53d4eba1450f,8783 5621 8877 0372,merchant_allocated,b64a2ee7-5fc4-434d-9b92-1fa730df2810,2026-09-09 05:29:06.233162+00,,,9c2a0db3-c7e6-4d04-8b65-6cb56ec6b9f7,2026-09-09 05:20:59.714662+00
4f9cf779-ea76-47bc-84ad-a4f1f2cd1c46,2176 6567 3333 0339,unassigned,,,,,9c2a0db3-c7e6-4d04-8b65-6cb56ec6b9f7,2026-09-03 09:06:17.550685+00
4fa41e12-1558-4cc1-9f5f-6c07a8132c7a,8783 5621 8877 0039,merchant_allocated,b64a2ee7-5fc4-434d-9b92-1fa730df2810,2026-09-09 05:29:06.233162+00,,,9c2a0db3-c7e6-4d04-8b65-6cb56ec6b9f7,2026-09-09 05:20:59.714662+00
4fd32111-7edb-49a6-87a0-9e1ce3830d83,4555 8645 9367 0474,merchant_allocated,63c2aeec-7410-4c78-9a68-beb45b1c622c,2026-08-27 11:40:23.347781+00,,,9c2a0db3-c7e6-4d04-8b65-6cb56ec6b9f7,2026-08-27 11:34:13.556736+00
5011b050-b337-4f56-b059-9d04a886eae7,2176 6567 3333 0336,unassigned,,,,,9c2a0db3-c7e6-4d04-8b65-6cb56ec6b9f7,2026-09-03 09:06:17.550685+00
5054f48e-0e70-4180-a611-bfebad857f94,8667 7863 7616 0065,merchant_allocated,75eff299-f162-4427-8b08-04f404141ef9,2026-09-09 10:29:54.922115+00,,,9c2a0db3-c7e6-4d04-8b65-6cb56ec6b9f7,2026-09-09 10:16:46.810748+00
5069c16d-5cea-4274-a182-a3d594297940,4555 8645 9367 0357,merchant_allocated,63c2aeec-7410-4c78-9a68-beb45b1c622c,2026-08-27 11:40:23.347781+00,,,9c2a0db3-c7e6-4d04-8b65-6cb56ec6b9f7,2026-08-27 11:34:13.556736+00
506b7c4b-b733-445d-93c1-7ffe779e5583,4555 8645 9367 0493,merchant_allocated,63c2aeec-7410-4c78-9a68-beb45b1c622c,2026-08-27 11:40:23.347781+00,,,9c2a0db3-c7e6-4d04-8b65-6cb56ec6b9f7,2026-08-27 11:34:13.556736+00
50722cdf-189a-4f7e-b76f-09a52aae0b8b,8667 7863 7616 0390,merchant_allocated,75eff299-f162-4427-8b08-04f404141ef9,2026-09-09 10:29:54.922115+00,,,9c2a0db3-c7e6-4d04-8b65-6cb56ec6b9f7,2026-09-09 10:16:46.810748+00
5092557d-9b90-4531-8457-385fdf7515d9,6635 8773 8388 0008,unassigned,,,,,9c2a0db3-c7e6-4d04-8b65-6cb56ec6b9f7,2026-08-19 07:38:00.609926+00
50991dce-c9fd-4f17-a49e-6eb12e24ecb9,8783 5621 8877 0351,merchant_allocated,b64a2ee7-5fc4-434d-9b92-1fa730df2810,2026-09-09 05:29:06.233162+00,,,9c2a0db3-c7e6-4d04-8b65-6cb56ec6b9f7,2026-09-09 05:20:59.714662+00
50993a19-b2f7-4673-81c4-dcbd6807e419,2173 6567 3333 0304,merchant_allocated,c74f8bef-6fd7-40f2-a363-1daa167d0439,2026-09-03 09:31:57.289663+00,,,9c2a0db3-c7e6-4d04-8b65-6cb56ec6b9f7,2026-09-03 09:26:26.769933+00
50a639f0-61c0-47f0-88b9-b0390555b50a,8783 5621 8877 0151,merchant_allocated,b64a2ee7-5fc4-434d-9b92-1fa730df2810,2026-09-09 05:29:06.233162+00,,,9c2a0db3-c7e6-4d04-8b65-6cb56ec6b9f7,2026-09-09 05:20:59.714662+00
50b1d799-98e2-4a73-84a9-ac855581f39a,2176 6567 3333 0045,unassigned,,,,,9c2a0db3-c7e6-4d04-8b65-6cb56ec6b9f7,2026-09-03 09:06:17.550685+00
50c7b56a-c96d-48de-8c58-43d50afac03f,8783 5621 8877 0478,merchant_allocated,b64a2ee7-5fc4-434d-9b92-1fa730df2810,2026-09-09 05:29:06.233162+00,,,9c2a0db3-c7e6-4d04-8b65-6cb56ec6b9f7,2026-09-09 05:20:59.714662+00
50c98e27-c130-4982-a1c7-02601ce3090f,2176 6567 3333 0408,unassigned,,,,,9c2a0db3-c7e6-4d04-8b65-6cb56ec6b9f7,2026-09-03 09:06:17.550685+00
50ef7dc5-3081-4386-96dc-1a44bac21955,2173 6567 3333 0498,merchant_allocated,c74f8bef-6fd7-40f2-a363-1daa167d0439,2026-09-03 09:31:57.289663+00,,,9c2a0db3-c7e6-4d04-8b65-6cb56ec6b9f7,2026-09-03 09:26:26.769933+00
50f31cee-28d5-4009-aea0-d9d7b4a0e353,8667 7863 7616 0182,merchant_allocated,75eff299-f162-4427-8b08-04f404141ef9,2026-09-09 10:29:54.922115+00,,,9c2a0db3-c7e6-4d04-8b65-6cb56ec6b9f7,2026-09-09 10:16:46.810748+00
5101338a-7a06-4c99-ad24-c373ae9c76a4,2176 6567 3333 0480,unassigned,,,,,9c2a0db3-c7e6-4d04-8b65-6cb56ec6b9f7,2026-09-03 09:06:17.550685+00
515bab19-4e74-4acb-b4d6-55c7cc443a2d,8667 7863 7616 0002,member_linked,75eff299-f162-4427-8b08-04f404141ef9,2026-09-09 10:29:54.922115+00,0c64d686-792e-4d25-bfe7-8f14632a9e0f,2026-09-23 15:56:44.628079+00,9c2a0db3-c7e6-4d04-8b65-6cb56ec6b9f7,2026-09-09 10:16:46.810748+00
51695777-f28a-4ca2-86ad-dc07e1768fce,8667 7863 7616 0238,merchant_allocated,75eff299-f162-4427-8b08-04f404141ef9,2026-09-09 10:29:54.922115+00,,,9c2a0db3-c7e6-4d04-8b65-6cb56ec6b9f7,2026-09-09 10:16:46.810748+00
516ffb69-507d-4f01-a535-28960cfff473,4555 8645 9367 0336,merchant_allocated,63c2aeec-7410-4c78-9a68-beb45b1c622c,2026-08-27 11:40:23.347781+00,,,9c2a0db3-c7e6-4d04-8b65-6cb56ec6b9f7,2026-08-27 11:34:13.556736+00
518bf360-8d01-4c71-9050-ea11b2b006d6,2173 6567 3333 0126,merchant_allocated,c74f8bef-6fd7-40f2-a363-1daa167d0439,2026-09-03 09:31:57.289663+00,,,9c2a0db3-c7e6-4d04-8b65-6cb56ec6b9f7,2026-09-03 09:26:26.769933+00
518cb1e0-44ae-489e-9921-836fa4d2d90a,2176 6567 3333 0274,unassigned,,,,,9c2a0db3-c7e6-4d04-8b65-6cb56ec6b9f7,2026-09-03 09:06:17.550685+00
519bce6a-36b2-4d0c-abcc-9f456c0f6f65,2176 6567 3333 0011,unassigned,,,,,9c2a0db3-c7e6-4d04-8b65-6cb56ec6b9f7,2026-09-03 09:06:17.550685+00
51a7787e-a1a8-4792-bcc9-4e7a6bc616c4,8667 7863 7616 0191,merchant_allocated,75eff299-f162-4427-8b08-04f404141ef9,2026-09-09 10:29:54.922115+00,,,9c2a0db3-c7e6-4d04-8b65-6cb56ec6b9f7,2026-09-09 10:16:46.810748+00
51ba6fe0-83d9-4f70-9b61-25982ca9d112,8689 6453 5689 0020,merchant_allocated,bc3951f9-ff8c-436b-8322-e5dd6592ca4b,2026-09-05 05:47:39.366708+00,,,9c2a0db3-c7e6-4d04-8b65-6cb56ec6b9f7,2026-09-05 05:42:03.795053+00
51c4aad2-ad05-48ed-a7ad-461799a35947,2173 6567 3333 0209,merchant_allocated,c74f8bef-6fd7-40f2-a363-1daa167d0439,2026-09-03 09:31:57.289663+00,,,9c2a0db3-c7e6-4d04-8b65-6cb56ec6b9f7,2026-09-03 09:26:26.769933+00
51c8e77b-6219-46a4-876b-12dd8666813a,2173 6567 3333 0474,merchant_allocated,c74f8bef-6fd7-40f2-a363-1daa167d0439,2026-09-03 09:31:57.289663+00,,,9c2a0db3-c7e6-4d04-8b65-6cb56ec6b9f7,2026-09-03 09:26:26.769933+00
51d236a8-443e-47d4-bbf1-c79166ba5f04,2173 6567 3333 0205,merchant_allocated,c74f8bef-6fd7-40f2-a363-1daa167d0439,2026-09-03 09:31:57.289663+00,,,9c2a0db3-c7e6-4d04-8b65-6cb56ec6b9f7,2026-09-03 09:26:26.769933+00
51de6fb0-5148-4dc5-8106-4692e4c5bf47,2176 6567 3333 0226,unassigned,,,,,9c2a0db3-c7e6-4d04-8b65-6cb56ec6b9f7,2026-09-03 09:06:17.550685+00
52005abd-80fe-4eb2-881d-1dacd15a0fb8,7567 5342 8633 0075,merchant_allocated,4bf2fb6b-bdf3-49d3-ac1b-1e6e746c6643,2026-07-21 16:11:58.441179+00,,,9c2a0db3-c7e6-4d04-8b65-6cb56ec6b9f7,2026-07-21 16:10:31.33396+00
5216ae1b-005d-4a73-9a03-58b46a4d208b,2173 6567 3333 0440,merchant_allocated,c74f8bef-6fd7-40f2-a363-1daa167d0439,2026-09-03 09:31:57.289663+00,,,9c2a0db3-c7e6-4d04-8b65-6cb56ec6b9f7,2026-09-03 09:26:26.769933+00
52395aed-2da6-400b-b9c5-67b9744dc60b,2176 6567 3333 0072,unassigned,,,,,9c2a0db3-c7e6-4d04-8b65-6cb56ec6b9f7,2026-09-03 09:06:17.550685+00
5245d5e2-ba85-47d2-b5e2-670e32717f37,8667 7863 7616 0436,merchant_allocated,75eff299-f162-4427-8b08-04f404141ef9,2026-09-09 10:29:54.922115+00,,,9c2a0db3-c7e6-4d04-8b65-6cb56ec6b9f7,2026-09-09 10:16:46.810748+00
5281f089-71d1-4338-93b4-1f73e53c8f06,4555 8645 9367 0041,merchant_allocated,63c2aeec-7410-4c78-9a68-beb45b1c622c,2026-08-27 11:40:23.347781+00,,,9c2a0db3-c7e6-4d04-8b65-6cb56ec6b9f7,2026-08-27 11:34:13.556736+00
528d63ce-a7fc-48ca-8d7c-63e1753c58bf,4821 4444 0000 4900,merchant_allocated,merch_  7,2026-08-03 17:46:28.931088+00,,,9c2a0db3-c7e6-4d04-8b65-6cb56ec6b9f7,2026-08-03 17:45:59.017505+00
5295afe7-bd64-46db-ac96-ca634c75a363,7567 5342 8633 0039,merchant_allocated,4bf2fb6b-bdf3-49d3-ac1b-1e6e746c6643,2026-07-21 16:11:58.441179+00,,,9c2a0db3-c7e6-4d04-8b65-6cb56ec6b9f7,2026-07-21 16:10:31.33396+00
52adf47e-5ba5-4152-8597-85a6d3e68bec,4821 6739 0000 1400,merchant_allocated,merch_  6,2026-07-28 06:48:05.660888+00,,,9c2a0db3-c7e6-4d04-8b65-6cb56ec6b9f7,2026-07-28 06:47:38.92065+00
52b75964-9389-485c-a1f2-e53a026670bd,8783 5621 8877 0129,merchant_allocated,b64a2ee7-5fc4-434d-9b92-1fa730df2810,2026-09-09 05:29:06.233162+00,,,9c2a0db3-c7e6-4d04-8b65-6cb56ec6b9f7,2026-09-09 05:20:59.714662+00
52c66b76-9405-432e-bda8-38bbba7ddcf7,7567 5342 8633 0038,merchant_allocated,4bf2fb6b-bdf3-49d3-ac1b-1e6e746c6643,2026-07-21 16:11:58.441179+00,,,9c2a0db3-c7e6-4d04-8b65-6cb56ec6b9f7,2026-07-21 16:10:31.33396+00
52cc0dcd-5c59-4fcd-84d2-d0aae1b41821,8783 5621 8877 0090,merchant_allocated,b64a2ee7-5fc4-434d-9b92-1fa730df2810,2026-09-09 05:29:06.233162+00,,,9c2a0db3-c7e6-4d04-8b65-6cb56ec6b9f7,2026-09-09 05:20:59.714662+00
52f9a02a-a840-4826-9174-0ad54794b758,8783 5621 8877 0147,merchant_allocated,b64a2ee7-5fc4-434d-9b92-1fa730df2810,2026-09-09 05:29:06.233162+00,,,9c2a0db3-c7e6-4d04-8b65-6cb56ec6b9f7,2026-09-09 05:20:59.714662+00
530b4fb7-6288-42eb-98cf-f9063cdaca64,2173 6567 3333 0283,merchant_allocated,c74f8bef-6fd7-40f2-a363-1daa167d0439,2026-09-03 09:31:57.289663+00,,,9c2a0db3-c7e6-4d04-8b65-6cb56ec6b9f7,2026-09-03 09:26:26.769933+00
5343ca6d-822a-4e5f-873d-286bc62058ec,7567 5342 8633 0029,merchant_allocated,4bf2fb6b-bdf3-49d3-ac1b-1e6e746c6643,2026-07-21 16:11:58.441179+00,,,9c2a0db3-c7e6-4d04-8b65-6cb56ec6b9f7,2026-07-21 16:10:31.33396+00
5358ef35-62c3-44fd-820e-f7d4ae73424c,4555 8645 9367 0139,merchant_allocated,63c2aeec-7410-4c78-9a68-beb45b1c622c,2026-08-27 11:40:23.347781+00,,,9c2a0db3-c7e6-4d04-8b65-6cb56ec6b9f7,2026-08-27 11:34:13.556736+00
536cc1fd-84bd-4197-ae1b-b263b32dd04b,2173 6567 3333 0212,merchant_allocated,c74f8bef-6fd7-40f2-a363-1daa167d0439,2026-09-03 09:31:57.289663+00,,,9c2a0db3-c7e6-4d04-8b65-6cb56ec6b9f7,2026-09-03 09:26:26.769933+00
536eece9-fba0-450f-b59f-ca2418fe9425,8667 7863 7616 0491,merchant_allocated,75eff299-f162-4427-8b08-04f404141ef9,2026-09-09 10:29:54.922115+00,,,9c2a0db3-c7e6-4d04-8b65-6cb56ec6b9f7,2026-09-09 10:16:46.810748+00
5375a6c9-77a8-4356-994e-8591aefdb550,2176 6567 3333 0252,unassigned,,,,,9c2a0db3-c7e6-4d04-8b65-6cb56ec6b9f7,2026-09-03 09:06:17.550685+00
537e4e24-57e2-4795-84f5-0288c6159cd5,2176 6567 3333 0405,unassigned,,,,,9c2a0db3-c7e6-4d04-8b65-6cb56ec6b9f7,2026-09-03 09:06:17.550685+00
53830834-3255-423d-9c9f-1bb7d8a0b47d,8667 7863 7616 0385,merchant_allocated,75eff299-f162-4427-8b08-04f404141ef9,2026-09-09 10:29:54.922115+00,,,9c2a0db3-c7e6-4d04-8b65-6cb56ec6b9f7,2026-09-09 10:16:46.810748+00
5383914e-597e-48bf-8e75-a3b4a10e67f4,2173 6567 3333 0136,merchant_allocated,c74f8bef-6fd7-40f2-a363-1daa167d0439,2026-09-03 09:31:57.289663+00,,,9c2a0db3-c7e6-4d04-8b65-6cb56ec6b9f7,2026-09-03 09:26:26.769933+00
53c66db8-3ded-47f5-a351-b8cd26ebd06b,8783 5621 8877 0042,merchant_allocated,b64a2ee7-5fc4-434d-9b92-1fa730df2810,2026-09-09 05:29:06.233162+00,,,9c2a0db3-c7e6-4d04-8b65-6cb56ec6b9f7,2026-09-09 05:20:59.714662+00
53ef98da-2063-43bf-a8e9-c964b79e4917,4821 4444 0000 1500,merchant_allocated,merch_  7,2026-08-03 17:46:28.931088+00,,,9c2a0db3-c7e6-4d04-8b65-6cb56ec6b9f7,2026-08-03 17:45:59.017505+00
541a47d0-ff92-4292-a482-bdf8af847910,2173 6567 3333 0407,merchant_allocated,c74f8bef-6fd7-40f2-a363-1daa167d0439,2026-09-03 09:31:57.289663+00,,,9c2a0db3-c7e6-4d04-8b65-6cb56ec6b9f7,2026-09-03 09:26:26.769933+00
542c17fd-ddb1-4363-a9a2-e43184987412,8667 7863 7616 0437,merchant_allocated,75eff299-f162-4427-8b08-04f404141ef9,2026-09-09 10:29:54.922115+00,,,9c2a0db3-c7e6-4d04-8b65-6cb56ec6b9f7,2026-09-09 10:16:46.810748+00
549ceda7-a665-4c87-9cc2-e26d89ff719b,8667 7863 7616 0179,merchant_allocated,75eff299-f162-4427-8b08-04f404141ef9,2026-09-09 10:29:54.922115+00,,,9c2a0db3-c7e6-4d04-8b65-6cb56ec6b9f7,2026-09-09 10:16:46.810748+00
54a527e8-04e5-47ed-8cb9-8869c0913f53,8667 7863 7616 0489,merchant_allocated,75eff299-f162-4427-8b08-04f404141ef9,2026-09-09 10:29:54.922115+00,,,9c2a0db3-c7e6-4d04-8b65-6cb56ec6b9f7,2026-09-09 10:16:46.810748+00
54b25163-313a-4ddd-b293-aa8c8720e897,2176 6567 3333 0353,unassigned,,,,,9c2a0db3-c7e6-4d04-8b65-6cb56ec6b9f7,2026-09-03 09:06:17.550685+00
54c2276a-a8f3-4ce5-b694-39f723831ca4,7567 5342 8633 0085,merchant_allocated,4bf2fb6b-bdf3-49d3-ac1b-1e6e746c6643,2026-07-21 16:11:58.441179+00,,,9c2a0db3-c7e6-4d04-8b65-6cb56ec6b9f7,2026-07-21 16:10:31.33396+00
54cc34cd-2021-4708-9aca-57d464e9d9e5,4821 4444 0000 0300,merchant_allocated,merch_  7,2026-08-03 17:46:28.931088+00,,,9c2a0db3-c7e6-4d04-8b65-6cb56ec6b9f7,2026-08-03 17:45:59.017505+00
54cfe8ce-0174-405a-b070-a1dc719fc2cc,2176 6567 3333 0159,unassigned,,,,,9c2a0db3-c7e6-4d04-8b65-6cb56ec6b9f7,2026-09-03 09:06:17.550685+00
54d3f808-ff00-45bf-a858-c64527f7802f,2176 6567 3333 0359,unassigned,,,,,9c2a0db3-c7e6-4d04-8b65-6cb56ec6b9f7,2026-09-03 09:06:17.550685+00
54d93843-db8f-4c80-bb2c-c91c9bde7a46,2173 6567 3333 0015,member_linked,c74f8bef-6fd7-40f2-a363-1daa167d0439,2026-09-03 09:31:57.289663+00,d44da6be-74f1-4470-9012-54c06684df3d,2026-09-28 17:16:50.434795+00,9c2a0db3-c7e6-4d04-8b65-6cb56ec6b9f7,2026-09-03 09:26:26.769933+00
54e9644f-4a86-477e-8ad9-5fdd897145b3,4555 8645 9367 0047,merchant_allocated,63c2aeec-7410-4c78-9a68-beb45b1c622c,2026-08-27 11:40:23.347781+00,,,9c2a0db3-c7e6-4d04-8b65-6cb56ec6b9f7,2026-08-27 11:34:13.556736+00
55140385-ec74-47bb-b43b-97b5de1cd9e7,2173 6567 3333 0380,merchant_allocated,c74f8bef-6fd7-40f2-a363-1daa167d0439,2026-09-03 09:31:57.289663+00,,,9c2a0db3-c7e6-4d04-8b65-6cb56ec6b9f7,2026-09-03 09:26:26.769933+00
552178de-867f-477f-9ed1-9857a7cc1cb9,8667 7863 7616 0136,merchant_allocated,75eff299-f162-4427-8b08-04f404141ef9,2026-09-09 10:29:54.922115+00,,,9c2a0db3-c7e6-4d04-8b65-6cb56ec6b9f7,2026-09-09 10:16:46.810748+00
5524acee-c698-455d-ba17-e86846a3b01c,8667 7863 7616 0468,merchant_allocated,75eff299-f162-4427-8b08-04f404141ef9,2026-09-09 10:29:54.922115+00,,,9c2a0db3-c7e6-4d04-8b65-6cb56ec6b9f7,2026-09-09 10:16:46.810748+00
552a5853-5d73-4954-9047-2a07664b2a37,4555 8645 9367 0475,merchant_allocated,63c2aeec-7410-4c78-9a68-beb45b1c622c,2026-08-27 11:40:23.347781+00,,,9c2a0db3-c7e6-4d04-8b65-6cb56ec6b9f7,2026-08-27 11:34:13.556736+00
55458cad-92ac-4015-8512-a1de17ff3ea1,4555 8645 9367 0259,merchant_allocated,63c2aeec-7410-4c78-9a68-beb45b1c622c,2026-08-27 11:40:23.347781+00,,,9c2a0db3-c7e6-4d04-8b65-6cb56ec6b9f7,2026-08-27 11:34:13.556736+00
557b3f53-148c-4424-962c-17c798efbb33,8667 7863 7616 0053,merchant_allocated,75eff299-f162-4427-8b08-04f404141ef9,2026-09-09 10:29:54.922115+00,,,9c2a0db3-c7e6-4d04-8b65-6cb56ec6b9f7,2026-09-09 10:16:46.810748+00
559292c5-7733-4029-a183-84e01d529b45,2173 6567 3333 0199,merchant_allocated,c74f8bef-6fd7-40f2-a363-1daa167d0439,2026-09-03 09:31:57.289663+00,,,9c2a0db3-c7e6-4d04-8b65-6cb56ec6b9f7,2026-09-03 09:26:26.769933+00
55a2b73e-a855-4813-95b3-d4386702b4f0,8783 5621 8877 0171,merchant_allocated,b64a2ee7-5fc4-434d-9b92-1fa730df2810,2026-09-09 05:29:06.233162+00,,,9c2a0db3-c7e6-4d04-8b65-6cb56ec6b9f7,2026-09-09 05:20:59.714662+00
55bdbd9a-241d-403e-b0cb-14ca3601ef23,8667 7863 7616 0243,merchant_allocated,75eff299-f162-4427-8b08-04f404141ef9,2026-09-09 10:29:54.922115+00,,,9c2a0db3-c7e6-4d04-8b65-6cb56ec6b9f7,2026-09-09 10:16:46.810748+00
55cba9f9-5b0d-4d6e-a956-019eabce3970,2176 6567 3333 0485,unassigned,,,,,9c2a0db3-c7e6-4d04-8b65-6cb56ec6b9f7,2026-09-03 09:06:17.550685+00
55dec9e8-e2de-4bc3-8636-84d24540cbc7,8667 7863 7616 0036,merchant_allocated,75eff299-f162-4427-8b08-04f404141ef9,2026-09-09 10:29:54.922115+00,,,9c2a0db3-c7e6-4d04-8b65-6cb56ec6b9f7,2026-09-09 10:16:46.810748+00
55f552bc-bc99-40b2-9209-c0ad4b706e2b,8667 7863 7616 0154,merchant_allocated,75eff299-f162-4427-8b08-04f404141ef9,2026-09-09 10:29:54.922115+00,,,9c2a0db3-c7e6-4d04-8b65-6cb56ec6b9f7,2026-09-09 10:16:46.810748+00
55fb32f8-6593-4f05-a4df-a2be3095f32d,2173 6567 3333 0006,member_linked,c74f8bef-6fd7-40f2-a363-1daa167d0439,2026-09-03 09:31:57.289663+00,5c1ff2eb-f55e-41bf-bf10-a5001daab129,2026-09-15 14:09:59.329309+00,9c2a0db3-c7e6-4d04-8b65-6cb56ec6b9f7,2026-09-03 09:26:26.769933+00
56056c9b-94d5-49b9-bb56-47f81f9c66e3,4555 8645 9367 0328,merchant_allocated,63c2aeec-7410-4c78-9a68-beb45b1c622c,2026-08-27 11:40:23.347781+00,,,9c2a0db3-c7e6-4d04-8b65-6cb56ec6b9f7,2026-08-27 11:34:13.556736+00
5605a36a-87b2-4ac3-9e20-f0b9224e20f9,2173 6567 3333 0159,merchant_allocated,c74f8bef-6fd7-40f2-a363-1daa167d0439,2026-09-03 09:31:57.289663+00,,,9c2a0db3-c7e6-4d04-8b65-6cb56ec6b9f7,2026-09-03 09:26:26.769933+00
560b9092-5715-4290-b65e-de698eebe30a,2173 6567 3333 0312,merchant_allocated,c74f8bef-6fd7-40f2-a363-1daa167d0439,2026-09-03 09:31:57.289663+00,,,9c2a0db3-c7e6-4d04-8b65-6cb56ec6b9f7,2026-09-03 09:26:26.769933+00
5613e0cf-77f9-41e8-b919-c9a130be0d9e,2176 6567 3333 0417,unassigned,,,,,9c2a0db3-c7e6-4d04-8b65-6cb56ec6b9f7,2026-09-03 09:06:17.550685+00
561468c8-7a50-490e-921f-f3b603ecb255,6635 8773 8388 0007,unassigned,,,,,9c2a0db3-c7e6-4d04-8b65-6cb56ec6b9f7,2026-08-19 07:38:00.609926+00
56274f69-bee8-4425-bbfe-e5ca37aada67,2176 6567 3333 0214,unassigned,,,,,9c2a0db3-c7e6-4d04-8b65-6cb56ec6b9f7,2026-09-03 09:06:17.550685+00
563de6f2-8a73-4a03-9bf9-62e133bcbce5,4555 8645 9367 0372,merchant_allocated,63c2aeec-7410-4c78-9a68-beb45b1c622c,2026-08-27 11:40:23.347781+00,,,9c2a0db3-c7e6-4d04-8b65-6cb56ec6b9f7,2026-08-27 11:34:13.556736+00
5660ce07-ae8b-4ee8-8056-0fd39f925b99,8667 7863 7616 0351,merchant_allocated,75eff299-f162-4427-8b08-04f404141ef9,2026-09-09 10:29:54.922115+00,,,9c2a0db3-c7e6-4d04-8b65-6cb56ec6b9f7,2026-09-09 10:16:46.810748+00
567395b3-ef6f-479f-bec9-e371980a5aae,8783 5621 8877 0216,merchant_allocated,b64a2ee7-5fc4-434d-9b92-1fa730df2810,2026-09-09 05:29:06.233162+00,,,9c2a0db3-c7e6-4d04-8b65-6cb56ec6b9f7,2026-09-09 05:20:59.714662+00
56874f77-5845-4cb4-8b78-d7bbdedadcb6,8783 5621 8877 0192,merchant_allocated,b64a2ee7-5fc4-434d-9b92-1fa730df2810,2026-09-09 05:29:06.233162+00,,,9c2a0db3-c7e6-4d04-8b65-6cb56ec6b9f7,2026-09-09 05:20:59.714662+00
569a515a-6f86-41fe-8ab7-284222abedbe,2176 6567 3333 0247,unassigned,,,,,9c2a0db3-c7e6-4d04-8b65-6cb56ec6b9f7,2026-09-03 09:06:17.550685+00
56b69484-81e3-4094-80aa-7d1c8ba36098,2173 6567 3333 0039,merchant_allocated,c74f8bef-6fd7-40f2-a363-1daa167d0439,2026-09-03 09:31:57.289663+00,,,9c2a0db3-c7e6-4d04-8b65-6cb56ec6b9f7,2026-09-03 09:26:26.769933+00
56de3dea-c13f-45bb-96a8-859e5b47c15c,2173 6567 3333 0500,merchant_allocated,c74f8bef-6fd7-40f2-a363-1daa167d0439,2026-09-03 09:31:57.289663+00,,,9c2a0db3-c7e6-4d04-8b65-6cb56ec6b9f7,2026-09-03 09:26:26.769933+00
56e71c40-a880-4be6-a101-e37a5a8dbccf,7567 5342 8633 0032,merchant_allocated,4bf2fb6b-bdf3-49d3-ac1b-1e6e746c6643,2026-07-21 16:11:58.441179+00,,,9c2a0db3-c7e6-4d04-8b65-6cb56ec6b9f7,2026-07-21 16:10:31.33396+00
56f358a3-11de-457c-8196-43005106fdf9,2173 6567 3333 0123,merchant_allocated,c74f8bef-6fd7-40f2-a363-1daa167d0439,2026-09-03 09:31:57.289663+00,,,9c2a0db3-c7e6-4d04-8b65-6cb56ec6b9f7,2026-09-03 09:26:26.769933+00
56f9e070-037e-4477-855b-6df1e3b3c9fa,8783 5621 8877 0132,merchant_allocated,b64a2ee7-5fc4-434d-9b92-1fa730df2810,2026-09-09 05:29:06.233162+00,,,9c2a0db3-c7e6-4d04-8b65-6cb56ec6b9f7,2026-09-09 05:20:59.714662+00
571c2846-01b1-49f4-8e60-c9bbce1250ec,2173 6567 3333 0497,merchant_allocated,c74f8bef-6fd7-40f2-a363-1daa167d0439,2026-09-03 09:31:57.289663+00,,,9c2a0db3-c7e6-4d04-8b65-6cb56ec6b9f7,2026-09-03 09:26:26.769933+00
571daf0c-b4bd-4de5-9ce1-fadc7d488cf5,8667 7863 7616 0081,merchant_allocated,75eff299-f162-4427-8b08-04f404141ef9,2026-09-09 10:29:54.922115+00,,,9c2a0db3-c7e6-4d04-8b65-6cb56ec6b9f7,2026-09-09 10:16:46.810748+00
5727f492-2dc3-447f-b3d7-8cbb40bfaad9,8667 7863 7616 0414,merchant_allocated,75eff299-f162-4427-8b08-04f404141ef9,2026-09-09 10:29:54.922115+00,,,9c2a0db3-c7e6-4d04-8b65-6cb56ec6b9f7,2026-09-09 10:16:46.810748+00
5736c080-fba8-40c0-94db-14599fe4afc0,2176 6567 3333 0304,unassigned,,,,,9c2a0db3-c7e6-4d04-8b65-6cb56ec6b9f7,2026-09-03 09:06:17.550685+00
573afed6-9153-4df0-8860-aed32eb89ac9,8667 7863 7616 0247,merchant_allocated,75eff299-f162-4427-8b08-04f404141ef9,2026-09-09 10:29:54.922115+00,,,9c2a0db3-c7e6-4d04-8b65-6cb56ec6b9f7,2026-09-09 10:16:46.810748+00
575a2bd3-b840-4935-8e8a-67fdccbcf674,4555 8645 9367 0351,merchant_allocated,63c2aeec-7410-4c78-9a68-beb45b1c622c,2026-08-27 11:40:23.347781+00,,,9c2a0db3-c7e6-4d04-8b65-6cb56ec6b9f7,2026-08-27 11:34:13.556736+00
576b8e87-0de6-446d-b83c-92d5b0656963,8783 5621 8877 0050,merchant_allocated,b64a2ee7-5fc4-434d-9b92-1fa730df2810,2026-09-09 05:29:06.233162+00,,,9c2a0db3-c7e6-4d04-8b65-6cb56ec6b9f7,2026-09-09 05:20:59.714662+00
576e2257-6020-4f06-9b38-61c6c6389170,4555 8645 9367 0239,merchant_allocated,63c2aeec-7410-4c78-9a68-beb45b1c622c,2026-08-27 11:40:23.347781+00,,,9c2a0db3-c7e6-4d04-8b65-6cb56ec6b9f7,2026-08-27 11:34:13.556736+00
576faea6-f3e2-40e7-b516-1ddd68ba49ca,2176 6567 3333 0341,unassigned,,,,,9c2a0db3-c7e6-4d04-8b65-6cb56ec6b9f7,2026-09-03 09:06:17.550685+00
5771986e-0fca-484d-930d-1e8606c866f3,2176 6567 3333 0420,unassigned,,,,,9c2a0db3-c7e6-4d04-8b65-6cb56ec6b9f7,2026-09-03 09:06:17.550685+00
578c3dbf-1f0c-4fa7-bd5c-d716d9e760d1,2176 6567 3333 0314,unassigned,,,,,9c2a0db3-c7e6-4d04-8b65-6cb56ec6b9f7,2026-09-03 09:06:17.550685+00
579c00d1-55d0-4184-a42b-f28f5aa09a98,8783 5621 8877 0166,merchant_allocated,b64a2ee7-5fc4-434d-9b92-1fa730df2810,2026-09-09 05:29:06.233162+00,,,9c2a0db3-c7e6-4d04-8b65-6cb56ec6b9f7,2026-09-09 05:20:59.714662+00
57aab0bd-d5f8-49a1-ac00-aa89b06d15a7,8783 5621 8877 0484,merchant_allocated,b64a2ee7-5fc4-434d-9b92-1fa730df2810,2026-09-09 05:29:06.233162+00,,,9c2a0db3-c7e6-4d04-8b65-6cb56ec6b9f7,2026-09-09 05:20:59.714662+00
57ae2b69-db13-44fb-b704-a74194d14c56,2176 6567 3333 0434,unassigned,,,,,9c2a0db3-c7e6-4d04-8b65-6cb56ec6b9f7,2026-09-03 09:06:17.550685+00
57d14903-f262-4a74-bf53-ffabb595095b,8783 5621 8877 0405,merchant_allocated,b64a2ee7-5fc4-434d-9b92-1fa730df2810,2026-09-09 05:29:06.233162+00,,,9c2a0db3-c7e6-4d04-8b65-6cb56ec6b9f7,2026-09-09 05:20:59.714662+00
57e4e31d-39ce-4eaa-8943-35adfe94bd20,4555 8645 9367 0342,merchant_allocated,63c2aeec-7410-4c78-9a68-beb45b1c622c,2026-08-27 11:40:23.347781+00,,,9c2a0db3-c7e6-4d04-8b65-6cb56ec6b9f7,2026-08-27 11:34:13.556736+00
57ec671f-e4a0-4300-b7fc-07f554ef645a,8783 5621 8877 0383,merchant_allocated,b64a2ee7-5fc4-434d-9b92-1fa730df2810,2026-09-09 05:29:06.233162+00,,,9c2a0db3-c7e6-4d04-8b65-6cb56ec6b9f7,2026-09-09 05:20:59.714662+00
57eeb82c-9467-42b0-bdc0-dcc4f626588d,7567 5342 8633 0053,merchant_allocated,4bf2fb6b-bdf3-49d3-ac1b-1e6e746c6643,2026-07-21 16:11:58.441179+00,,,9c2a0db3-c7e6-4d04-8b65-6cb56ec6b9f7,2026-07-21 16:10:31.33396+00
581f8be6-92a8-40c6-938d-89e26ef643e5,2176 6567 3333 0292,unassigned,,,,,9c2a0db3-c7e6-4d04-8b65-6cb56ec6b9f7,2026-09-03 09:06:17.550685+00
5820ce45-8027-41d4-a82f-5d764de97381,8783 5621 8877 0252,merchant_allocated,b64a2ee7-5fc4-434d-9b92-1fa730df2810,2026-09-09 05:29:06.233162+00,,,9c2a0db3-c7e6-4d04-8b65-6cb56ec6b9f7,2026-09-09 05:20:59.714662+00
586ccf30-fb2c-41d8-a0b6-4825489c2561,8783 5621 8877 0482,merchant_allocated,b64a2ee7-5fc4-434d-9b92-1fa730df2810,2026-09-09 05:29:06.233162+00,,,9c2a0db3-c7e6-4d04-8b65-6cb56ec6b9f7,2026-09-09 05:20:59.714662+00
587c043e-b64f-47d7-84ae-bc62dbcc804a,8783 5621 8877 0352,merchant_allocated,b64a2ee7-5fc4-434d-9b92-1fa730df2810,2026-09-09 05:29:06.233162+00,,,9c2a0db3-c7e6-4d04-8b65-6cb56ec6b9f7,2026-09-09 05:20:59.714662+00
587e309c-ba5f-49db-a326-cf61f6c96164,4555 8645 9367 0280,merchant_allocated,63c2aeec-7410-4c78-9a68-beb45b1c622c,2026-08-27 11:40:23.347781+00,,,9c2a0db3-c7e6-4d04-8b65-6cb56ec6b9f7,2026-08-27 11:34:13.556736+00
58859ac9-f103-414b-a68e-dfc84b1a2162,8667 7863 7616 0452,merchant_allocated,75eff299-f162-4427-8b08-04f404141ef9,2026-09-09 10:29:54.922115+00,,,9c2a0db3-c7e6-4d04-8b65-6cb56ec6b9f7,2026-09-09 10:16:46.810748+00
58da7ad3-e3a2-4adb-b843-18801c6da417,2173 6567 3333 0257,merchant_allocated,c74f8bef-6fd7-40f2-a363-1daa167d0439,2026-09-03 09:31:57.289663+00,,,9c2a0db3-c7e6-4d04-8b65-6cb56ec6b9f7,2026-09-03 09:26:26.769933+00
592f262c-1bc4-42bf-8bc4-35c2bc178377,2176 6567 3333 0297,unassigned,,,,,9c2a0db3-c7e6-4d04-8b65-6cb56ec6b9f7,2026-09-03 09:06:17.550685+00
5948f398-9c50-401e-8392-cbb34663166c,8783 5621 8877 0102,merchant_allocated,b64a2ee7-5fc4-434d-9b92-1fa730df2810,2026-09-09 05:29:06.233162+00,,,9c2a0db3-c7e6-4d04-8b65-6cb56ec6b9f7,2026-09-09 05:20:59.714662+00
59a24dc9-b535-4748-b595-83ee718d99d6,4555 8645 9367 0061,merchant_allocated,63c2aeec-7410-4c78-9a68-beb45b1c622c,2026-08-27 11:40:23.347781+00,,,9c2a0db3-c7e6-4d04-8b65-6cb56ec6b9f7,2026-08-27 11:34:13.556736+00
59a57d54-5fed-4521-aab3-7926f45de09b,8783 5621 8877 0400,merchant_allocated,b64a2ee7-5fc4-434d-9b92-1fa730df2810,2026-09-09 05:29:06.233162+00,,,9c2a0db3-c7e6-4d04-8b65-6cb56ec6b9f7,2026-09-09 05:20:59.714662+00
59bd8a8e-ca66-45ac-9639-eb8e24b114fa,2173 6567 3333 0322,merchant_allocated,c74f8bef-6fd7-40f2-a363-1daa167d0439,2026-09-03 09:31:57.289663+00,,,9c2a0db3-c7e6-4d04-8b65-6cb56ec6b9f7,2026-09-03 09:26:26.769933+00
59c324a6-a137-4941-8bfa-cc1be2f8a775,4555 8645 9367 0291,merchant_allocated,63c2aeec-7410-4c78-9a68-beb45b1c622c,2026-08-27 11:40:23.347781+00,,,9c2a0db3-c7e6-4d04-8b65-6cb56ec6b9f7,2026-08-27 11:34:13.556736+00
59e194fe-5d27-4983-bb26-f3249e5d5203,8783 5621 8877 0076,merchant_allocated,b64a2ee7-5fc4-434d-9b92-1fa730df2810,2026-09-09 05:29:06.233162+00,,,9c2a0db3-c7e6-4d04-8b65-6cb56ec6b9f7,2026-09-09 05:20:59.714662+00
59ed190a-c715-44b9-b7b1-bdbde2e1a476,4821 4444 0000 3900,merchant_allocated,merch_  7,2026-08-03 17:46:28.931088+00,,,9c2a0db3-c7e6-4d04-8b65-6cb56ec6b9f7,2026-08-03 17:45:59.017505+00
5a3f9242-9c3d-4ff0-a63e-b12af03bece9,2173 6567 3333 0327,merchant_allocated,c74f8bef-6fd7-40f2-a363-1daa167d0439,2026-09-03 09:31:57.289663+00,,,9c2a0db3-c7e6-4d04-8b65-6cb56ec6b9f7,2026-09-03 09:26:26.769933+00
5a472b73-961b-4464-892f-b62de1d1b1d4,8667 7863 7616 0354,merchant_allocated,75eff299-f162-4427-8b08-04f404141ef9,2026-09-09 10:29:54.922115+00,,,9c2a0db3-c7e6-4d04-8b65-6cb56ec6b9f7,2026-09-09 10:16:46.810748+00
5a513bc3-d6de-4c98-b42e-a3e4b6e14e15,2173 6567 3333 0056,merchant_allocated,c74f8bef-6fd7-40f2-a363-1daa167d0439,2026-09-03 09:31:57.289663+00,,,9c2a0db3-c7e6-4d04-8b65-6cb56ec6b9f7,2026-09-03 09:26:26.769933+00
5a5aa404-77d9-43c3-8b11-74b539cc9547,8783 5621 8877 0420,merchant_allocated,b64a2ee7-5fc4-434d-9b92-1fa730df2810,2026-09-09 05:29:06.233162+00,,,9c2a0db3-c7e6-4d04-8b65-6cb56ec6b9f7,2026-09-09 05:20:59.714662+00
5a6a73e7-31b4-4297-985d-4e430a6899f8,2176 6567 3333 0145,unassigned,,,,,9c2a0db3-c7e6-4d04-8b65-6cb56ec6b9f7,2026-09-03 09:06:17.550685+00
5a9557d1-be05-41c2-a5ac-7bc8698d8cc2,8667 7863 7616 0161,merchant_allocated,75eff299-f162-4427-8b08-04f404141ef9,2026-09-09 10:29:54.922115+00,,,9c2a0db3-c7e6-4d04-8b65-6cb56ec6b9f7,2026-09-09 10:16:46.810748+00
5abb0bbd-a956-4c9e-ae5a-6474e77ed9d0,4555 8645 9367 0479,merchant_allocated,63c2aeec-7410-4c78-9a68-beb45b1c622c,2026-08-27 11:40:23.347781+00,,,9c2a0db3-c7e6-4d04-8b65-6cb56ec6b9f7,2026-08-27 11:34:13.556736+00
5ac7995e-2232-4cd7-b299-fcec760b7b12,8667 7863 7616 0187,merchant_allocated,75eff299-f162-4427-8b08-04f404141ef9,2026-09-09 10:29:54.922115+00,,,9c2a0db3-c7e6-4d04-8b65-6cb56ec6b9f7,2026-09-09 10:16:46.810748+00
5af63248-f770-4656-80fb-5afc2e0ba15d,4555 8645 9367 0044,merchant_allocated,63c2aeec-7410-4c78-9a68-beb45b1c622c,2026-08-27 11:40:23.347781+00,,,9c2a0db3-c7e6-4d04-8b65-6cb56ec6b9f7,2026-08-27 11:34:13.556736+00
5b2252de-ac56-41da-bd17-1ab4edab6e16,8667 7863 7616 0322,merchant_allocated,75eff299-f162-4427-8b08-04f404141ef9,2026-09-09 10:29:54.922115+00,,,9c2a0db3-c7e6-4d04-8b65-6cb56ec6b9f7,2026-09-09 10:16:46.810748+00
5b2feefc-a406-43ca-a396-022fe281c4a9,8667 7863 7616 0387,merchant_allocated,75eff299-f162-4427-8b08-04f404141ef9,2026-09-09 10:29:54.922115+00,,,9c2a0db3-c7e6-4d04-8b65-6cb56ec6b9f7,2026-09-09 10:16:46.810748+00
5b37c1a6-eba0-43d0-b5cd-edb4b321bc4a,8667 7863 7616 0251,merchant_allocated,75eff299-f162-4427-8b08-04f404141ef9,2026-09-09 10:29:54.922115+00,,,9c2a0db3-c7e6-4d04-8b65-6cb56ec6b9f7,2026-09-09 10:16:46.810748+00
5b4b727a-e318-4b60-b7c8-bc108bd9970e,2176 6567 3333 0311,unassigned,,,,,9c2a0db3-c7e6-4d04-8b65-6cb56ec6b9f7,2026-09-03 09:06:17.550685+00
5b55e72f-dbc2-4820-bb48-05fe3a86bfd1,2176 6567 3333 0340,unassigned,,,,,9c2a0db3-c7e6-4d04-8b65-6cb56ec6b9f7,2026-09-03 09:06:17.550685+00
5b676a9e-a548-4007-b04e-4dc1fb3ccea1,4555 8645 9367 0331,merchant_allocated,63c2aeec-7410-4c78-9a68-beb45b1c622c,2026-08-27 11:40:23.347781+00,,,9c2a0db3-c7e6-4d04-8b65-6cb56ec6b9f7,2026-08-27 11:34:13.556736+00
5b6c890b-0615-40a5-be29-24434f4bbf92,2173 6567 3333 0347,merchant_allocated,c74f8bef-6fd7-40f2-a363-1daa167d0439,2026-09-03 09:31:57.289663+00,,,9c2a0db3-c7e6-4d04-8b65-6cb56ec6b9f7,2026-09-03 09:26:26.769933+00
5b774578-6255-438e-81d5-70540c685594,8689 6453 5689 0071,merchant_allocated,bc3951f9-ff8c-436b-8322-e5dd6592ca4b,2026-09-05 05:47:39.366708+00,,,9c2a0db3-c7e6-4d04-8b65-6cb56ec6b9f7,2026-09-05 05:42:03.795053+00
5b8cd44e-c66b-4e69-a9b7-ac7f55107960,8667 7863 7616 0454,merchant_allocated,75eff299-f162-4427-8b08-04f404141ef9,2026-09-09 10:29:54.922115+00,,,9c2a0db3-c7e6-4d04-8b65-6cb56ec6b9f7,2026-09-09 10:16:46.810748+00
5b9ab7a4-b4f8-49e2-a4ab-c311dc0fe855,2176 6567 3333 0271,unassigned,,,,,9c2a0db3-c7e6-4d04-8b65-6cb56ec6b9f7,2026-09-03 09:06:17.550685+00
5b9d842f-254b-4bb6-8413-cf3d06df9b38,4555 8645 9367 0048,merchant_allocated,63c2aeec-7410-4c78-9a68-beb45b1c622c,2026-08-27 11:40:23.347781+00,,,9c2a0db3-c7e6-4d04-8b65-6cb56ec6b9f7,2026-08-27 11:34:13.556736+00
5ba30351-6345-4158-af78-b3172e343932,2173 6567 3333 0135,merchant_allocated,c74f8bef-6fd7-40f2-a363-1daa167d0439,2026-09-03 09:31:57.289663+00,,,9c2a0db3-c7e6-4d04-8b65-6cb56ec6b9f7,2026-09-03 09:26:26.769933+00
5bd66bb6-304d-4d09-92d9-8eee3e228c62,8783 5621 8877 0048,merchant_allocated,b64a2ee7-5fc4-434d-9b92-1fa730df2810,2026-09-09 05:29:06.233162+00,,,9c2a0db3-c7e6-4d04-8b65-6cb56ec6b9f7,2026-09-09 05:20:59.714662+00
5bf118d3-4ae2-470f-8728-496cf9523a2c,2176 6567 3333 0265,unassigned,,,,,9c2a0db3-c7e6-4d04-8b65-6cb56ec6b9f7,2026-09-03 09:06:17.550685+00
5bf1ce1a-935d-4613-9333-91fdc8fab9c5,2173 6567 3333 0291,merchant_allocated,c74f8bef-6fd7-40f2-a363-1daa167d0439,2026-09-03 09:31:57.289663+00,,,9c2a0db3-c7e6-4d04-8b65-6cb56ec6b9f7,2026-09-03 09:26:26.769933+00
5bfae3fd-53f6-4c20-966f-1fb396151bec,8783 5621 8877 0069,merchant_allocated,b64a2ee7-5fc4-434d-9b92-1fa730df2810,2026-09-09 05:29:06.233162+00,,,9c2a0db3-c7e6-4d04-8b65-6cb56ec6b9f7,2026-09-09 05:20:59.714662+00
5c3ce74c-094f-4bbc-a84e-e6ca87b536a3,8783 5621 8877 0185,merchant_allocated,b64a2ee7-5fc4-434d-9b92-1fa730df2810,2026-09-09 05:29:06.233162+00,,,9c2a0db3-c7e6-4d04-8b65-6cb56ec6b9f7,2026-09-09 05:20:59.714662+00
5c4df442-e37c-4393-a68b-940306b27f47,4555 8645 9367 0432,merchant_allocated,63c2aeec-7410-4c78-9a68-beb45b1c622c,2026-08-27 11:40:23.347781+00,,,9c2a0db3-c7e6-4d04-8b65-6cb56ec6b9f7,2026-08-27 11:34:13.556736+00
5c6b16ec-0ba0-4a7d-ac91-ca769bed9744,2173 6567 3333 0075,merchant_allocated,c74f8bef-6fd7-40f2-a363-1daa167d0439,2026-09-03 09:31:57.289663+00,,,9c2a0db3-c7e6-4d04-8b65-6cb56ec6b9f7,2026-09-03 09:26:26.769933+00
5c6e360b-8249-4256-9aba-f96df1bb48bb,4821 6739 0000 4000,merchant_allocated,merch_  6,2026-07-28 06:48:05.660888+00,,,9c2a0db3-c7e6-4d04-8b65-6cb56ec6b9f7,2026-07-28 06:47:38.92065+00
5ca64182-3c4a-4fdb-9fde-72ba26cc9524,4555 8645 9367 0329,merchant_allocated,63c2aeec-7410-4c78-9a68-beb45b1c622c,2026-08-27 11:40:23.347781+00,,,9c2a0db3-c7e6-4d04-8b65-6cb56ec6b9f7,2026-08-27 11:34:13.556736+00
5cba9f1f-dc32-4c5a-88f2-1e6e141f046e,8783 5621 8877 0371,merchant_allocated,b64a2ee7-5fc4-434d-9b92-1fa730df2810,2026-09-09 05:29:06.233162+00,,,9c2a0db3-c7e6-4d04-8b65-6cb56ec6b9f7,2026-09-09 05:20:59.714662+00
5ced3119-5642-4b4f-b88c-98a2cf1346e1,2173 6567 3333 0261,merchant_allocated,c74f8bef-6fd7-40f2-a363-1daa167d0439,2026-09-03 09:31:57.289663+00,,,9c2a0db3-c7e6-4d04-8b65-6cb56ec6b9f7,2026-09-03 09:26:26.769933+00
5d058a67-4ab3-4d11-b88c-f54f6b96f127,8783 5621 8877 0261,merchant_allocated,b64a2ee7-5fc4-434d-9b92-1fa730df2810,2026-09-09 05:29:06.233162+00,,,9c2a0db3-c7e6-4d04-8b65-6cb56ec6b9f7,2026-09-09 05:20:59.714662+00
5d07bf0c-e305-4b43-bbcd-435150754f73,2173 6567 3333 0321,merchant_allocated,c74f8bef-6fd7-40f2-a363-1daa167d0439,2026-09-03 09:31:57.289663+00,,,9c2a0db3-c7e6-4d04-8b65-6cb56ec6b9f7,2026-09-03 09:26:26.769933+00
5d31a1cf-64f8-47bc-84b6-872b1027bbd7,8783 5621 8877 0153,merchant_allocated,b64a2ee7-5fc4-434d-9b92-1fa730df2810,2026-09-09 05:29:06.233162+00,,,9c2a0db3-c7e6-4d04-8b65-6cb56ec6b9f7,2026-09-09 05:20:59.714662+00
5d3de7ce-36f5-4728-a453-1b96c690547e,7567 5342 8633 0100,merchant_allocated,4bf2fb6b-bdf3-49d3-ac1b-1e6e746c6643,2026-07-21 16:11:58.441179+00,,,9c2a0db3-c7e6-4d04-8b65-6cb56ec6b9f7,2026-07-21 16:10:31.33396+00
5d5d1414-2edf-4611-be69-0f6896e414b2,2173 6567 3333 0354,merchant_allocated,c74f8bef-6fd7-40f2-a363-1daa167d0439,2026-09-03 09:31:57.289663+00,,,9c2a0db3-c7e6-4d04-8b65-6cb56ec6b9f7,2026-09-03 09:26:26.769933+00
5d6551bb-6c39-42ab-91c2-6445bf5991f6,4555 8645 9367 0500,merchant_allocated,63c2aeec-7410-4c78-9a68-beb45b1c622c,2026-08-27 11:40:23.347781+00,,,9c2a0db3-c7e6-4d04-8b65-6cb56ec6b9f7,2026-08-27 11:34:13.556736+00
5d81a1b9-9ec2-4782-85d9-bf8396b6a94a,2173 6567 3333 0186,merchant_allocated,c74f8bef-6fd7-40f2-a363-1daa167d0439,2026-09-03 09:31:57.289663+00,,,9c2a0db3-c7e6-4d04-8b65-6cb56ec6b9f7,2026-09-03 09:26:26.769933+00
5dab88a0-a7c1-44b9-a961-3fce3f6f6a31,2173 6567 3333 0496,merchant_allocated,c74f8bef-6fd7-40f2-a363-1daa167d0439,2026-09-03 09:31:57.289663+00,,,9c2a0db3-c7e6-4d04-8b65-6cb56ec6b9f7,2026-09-03 09:26:26.769933+00
5db2cd16-d51d-4748-98ef-e2680f698da0,4555 8645 9367 0109,merchant_allocated,63c2aeec-7410-4c78-9a68-beb45b1c622c,2026-08-27 11:40:23.347781+00,,,9c2a0db3-c7e6-4d04-8b65-6cb56ec6b9f7,2026-08-27 11:34:13.556736+00
5e0c62bf-ed78-45f0-ab36-edffa4248785,2173 6567 3333 0079,merchant_allocated,c74f8bef-6fd7-40f2-a363-1daa167d0439,2026-09-03 09:31:57.289663+00,,,9c2a0db3-c7e6-4d04-8b65-6cb56ec6b9f7,2026-09-03 09:26:26.769933+00
5e0c8759-61b6-4ed6-8407-ff9160b623fe,2173 6567 3333 0118,merchant_allocated,c74f8bef-6fd7-40f2-a363-1daa167d0439,2026-09-03 09:31:57.289663+00,,,9c2a0db3-c7e6-4d04-8b65-6cb56ec6b9f7,2026-09-03 09:26:26.769933+00
5e30443c-c4bf-4377-9657-4de5d838ffb2,8667 7863 7616 0193,merchant_allocated,75eff299-f162-4427-8b08-04f404141ef9,2026-09-09 10:29:54.922115+00,,,9c2a0db3-c7e6-4d04-8b65-6cb56ec6b9f7,2026-09-09 10:16:46.810748+00
5e3c670c-06c2-4d3f-8dda-a8c771251534,8667 7863 7616 0025,merchant_allocated,75eff299-f162-4427-8b08-04f404141ef9,2026-09-09 10:29:54.922115+00,,,9c2a0db3-c7e6-4d04-8b65-6cb56ec6b9f7,2026-09-09 10:16:46.810748+00
5e9734b9-bb09-4c67-8ac6-490e5709204b,2176 6567 3333 0360,unassigned,,,,,9c2a0db3-c7e6-4d04-8b65-6cb56ec6b9f7,2026-09-03 09:06:17.550685+00
5ead94f6-8704-485a-80af-9bf20f1540ff,2176 6567 3333 0373,unassigned,,,,,9c2a0db3-c7e6-4d04-8b65-6cb56ec6b9f7,2026-09-03 09:06:17.550685+00
5eb48d8c-c8ed-4eac-9856-b0d4092cbcbc,2173 6567 3333 0475,merchant_allocated,c74f8bef-6fd7-40f2-a363-1daa167d0439,2026-09-03 09:31:57.289663+00,,,9c2a0db3-c7e6-4d04-8b65-6cb56ec6b9f7,2026-09-03 09:26:26.769933+00
5ebcde5a-d420-4889-a023-6efc63a4702c,2173 6567 3333 0441,merchant_allocated,c74f8bef-6fd7-40f2-a363-1daa167d0439,2026-09-03 09:31:57.289663+00,,,9c2a0db3-c7e6-4d04-8b65-6cb56ec6b9f7,2026-09-03 09:26:26.769933+00
5ef83983-807d-44fb-be54-1c277b5671bd,4555 8645 9367 0312,merchant_allocated,63c2aeec-7410-4c78-9a68-beb45b1c622c,2026-08-27 11:40:23.347781+00,,,9c2a0db3-c7e6-4d04-8b65-6cb56ec6b9f7,2026-08-27 11:34:13.556736+00
5f06a41e-2dcb-42d5-92db-879b961d1045,4555 8645 9367 0379,merchant_allocated,63c2aeec-7410-4c78-9a68-beb45b1c622c,2026-08-27 11:40:23.347781+00,,,9c2a0db3-c7e6-4d04-8b65-6cb56ec6b9f7,2026-08-27 11:34:13.556736+00
5f09adb2-3e26-4779-8d15-958ccf3655eb,2173 6567 3333 0361,merchant_allocated,c74f8bef-6fd7-40f2-a363-1daa167d0439,2026-09-03 09:31:57.289663+00,,,9c2a0db3-c7e6-4d04-8b65-6cb56ec6b9f7,2026-09-03 09:26:26.769933+00
5f1c1c9a-3724-40ca-afcc-3bb71034d0df,4555 8645 9367 0059,merchant_allocated,63c2aeec-7410-4c78-9a68-beb45b1c622c,2026-08-27 11:40:23.347781+00,,,9c2a0db3-c7e6-4d04-8b65-6cb56ec6b9f7,2026-08-27 11:34:13.556736+00
5f25a6bd-e9b0-427a-8d2c-857a4481134d,4555 8645 9367 0181,merchant_allocated,63c2aeec-7410-4c78-9a68-beb45b1c622c,2026-08-27 11:40:23.347781+00,,,9c2a0db3-c7e6-4d04-8b65-6cb56ec6b9f7,2026-08-27 11:34:13.556736+00
5f71c42b-30b3-43e5-a0bf-a26ebdc1486b,2176 6567 3333 0270,unassigned,,,,,9c2a0db3-c7e6-4d04-8b65-6cb56ec6b9f7,2026-09-03 09:06:17.550685+00
5f912c45-8798-4bc9-939b-33ace90f3987,4821 6739 0000 1700,merchant_allocated,merch_  6,2026-07-28 06:48:05.660888+00,,,9c2a0db3-c7e6-4d04-8b65-6cb56ec6b9f7,2026-07-28 06:47:38.92065+00
5f952117-ed1e-4fbc-99d0-51eee03b55c7,8667 7863 7616 0460,merchant_allocated,75eff299-f162-4427-8b08-04f404141ef9,2026-09-09 10:29:54.922115+00,,,9c2a0db3-c7e6-4d04-8b65-6cb56ec6b9f7,2026-09-09 10:16:46.810748+00
5f9e7769-814b-45aa-9798-dc455a7b73b9,4555 8645 9367 0397,merchant_allocated,63c2aeec-7410-4c78-9a68-beb45b1c622c,2026-08-27 11:40:23.347781+00,,,9c2a0db3-c7e6-4d04-8b65-6cb56ec6b9f7,2026-08-27 11:34:13.556736+00
5fa1d72e-ee69-4ce1-ab18-f9dec20a15d5,8667 7863 7616 0148,merchant_allocated,75eff299-f162-4427-8b08-04f404141ef9,2026-09-09 10:29:54.922115+00,,,9c2a0db3-c7e6-4d04-8b65-6cb56ec6b9f7,2026-09-09 10:16:46.810748+00
5fd1c708-5671-43e2-8e94-47b492c3f11a,4821 6739 0000 1100,merchant_allocated,merch_  6,2026-07-28 06:48:05.660888+00,,,9c2a0db3-c7e6-4d04-8b65-6cb56ec6b9f7,2026-07-28 06:47:38.92065+00
5fd44218-7705-4ef1-942b-1ac4a56747ce,2176 6567 3333 0150,unassigned,,,,,9c2a0db3-c7e6-4d04-8b65-6cb56ec6b9f7,2026-09-03 09:06:17.550685+00
5fd47231-5aad-4b46-aa00-1d1230b71aa1,2176 6567 3333 0194,unassigned,,,,,9c2a0db3-c7e6-4d04-8b65-6cb56ec6b9f7,2026-09-03 09:06:17.550685+00
600231c6-bb70-4659-8930-5fce50087077,2173 6567 3333 0206,merchant_allocated,c74f8bef-6fd7-40f2-a363-1daa167d0439,2026-09-03 09:31:57.289663+00,,,9c2a0db3-c7e6-4d04-8b65-6cb56ec6b9f7,2026-09-03 09:26:26.769933+00
601a4f8f-6400-4254-a162-4ee8c9d2ba0d,4555 8645 9367 0101,merchant_allocated,63c2aeec-7410-4c78-9a68-beb45b1c622c,2026-08-27 11:40:23.347781+00,,,9c2a0db3-c7e6-4d04-8b65-6cb56ec6b9f7,2026-08-27 11:34:13.556736+00
60293997-ab22-4c69-bdf6-37da3cd8855e,8667 7863 7616 0456,merchant_allocated,75eff299-f162-4427-8b08-04f404141ef9,2026-09-09 10:29:54.922115+00,,,9c2a0db3-c7e6-4d04-8b65-6cb56ec6b9f7,2026-09-09 10:16:46.810748+00
60367945-e387-43d3-8ac4-0e2d2428f924,4555 8645 9367 0144,merchant_allocated,63c2aeec-7410-4c78-9a68-beb45b1c622c,2026-08-27 11:40:23.347781+00,,,9c2a0db3-c7e6-4d04-8b65-6cb56ec6b9f7,2026-08-27 11:34:13.556736+00
60444d7e-b84c-48ec-a53b-1844a349b616,2173 6567 3333 0478,merchant_allocated,c74f8bef-6fd7-40f2-a363-1daa167d0439,2026-09-03 09:31:57.289663+00,,,9c2a0db3-c7e6-4d04-8b65-6cb56ec6b9f7,2026-09-03 09:26:26.769933+00
6058ad4a-71c3-4080-b412-87cb10bcd6c8,8783 5621 8877 0369,merchant_allocated,b64a2ee7-5fc4-434d-9b92-1fa730df2810,2026-09-09 05:29:06.233162+00,,,9c2a0db3-c7e6-4d04-8b65-6cb56ec6b9f7,2026-09-09 05:20:59.714662+00
60a52c12-c893-46a7-bb3c-3a3ccc9bdbc4,8783 5621 8877 0287,merchant_allocated,b64a2ee7-5fc4-434d-9b92-1fa730df2810,2026-09-09 05:29:06.233162+00,,,9c2a0db3-c7e6-4d04-8b65-6cb56ec6b9f7,2026-09-09 05:20:59.714662+00
60a61086-8d8a-4bf5-97f3-c6a22ac2e08a,8667 7863 7616 0383,merchant_allocated,75eff299-f162-4427-8b08-04f404141ef9,2026-09-09 10:29:54.922115+00,,,9c2a0db3-c7e6-4d04-8b65-6cb56ec6b9f7,2026-09-09 10:16:46.810748+00
60b556e3-9d69-4d6f-a5c9-9208cc24788b,7567 5342 8633 0093,merchant_allocated,4bf2fb6b-bdf3-49d3-ac1b-1e6e746c6643,2026-07-21 16:11:58.441179+00,,,9c2a0db3-c7e6-4d04-8b65-6cb56ec6b9f7,2026-07-21 16:10:31.33396+00
60ce6814-6f3a-4e4b-b148-9a97f62173bc,4555 8645 9367 0425,merchant_allocated,63c2aeec-7410-4c78-9a68-beb45b1c622c,2026-08-27 11:40:23.347781+00,,,9c2a0db3-c7e6-4d04-8b65-6cb56ec6b9f7,2026-08-27 11:34:13.556736+00
60dbbec1-0adc-4c8c-bd68-531ccfc06253,2173 6567 3333 0293,merchant_allocated,c74f8bef-6fd7-40f2-a363-1daa167d0439,2026-09-03 09:31:57.289663+00,,,9c2a0db3-c7e6-4d04-8b65-6cb56ec6b9f7,2026-09-03 09:26:26.769933+00
60e4f64e-fcb7-43a4-ada1-03ad1cb184a0,2173 6567 3333 0415,merchant_allocated,c74f8bef-6fd7-40f2-a363-1daa167d0439,2026-09-03 09:31:57.289663+00,,,9c2a0db3-c7e6-4d04-8b65-6cb56ec6b9f7,2026-09-03 09:26:26.769933+00
612775c2-893f-4e7b-b764-d55fb4db7623,8783 5621 8877 0242,merchant_allocated,b64a2ee7-5fc4-434d-9b92-1fa730df2810,2026-09-09 05:29:06.233162+00,,,9c2a0db3-c7e6-4d04-8b65-6cb56ec6b9f7,2026-09-09 05:20:59.714662+00
6130874f-58fb-4a42-87f9-c547d8e41b8c,2173 6567 3333 0065,merchant_allocated,c74f8bef-6fd7-40f2-a363-1daa167d0439,2026-09-03 09:31:57.289663+00,,,9c2a0db3-c7e6-4d04-8b65-6cb56ec6b9f7,2026-09-03 09:26:26.769933+00
6133fc31-fb95-40eb-8159-e0ff87f75500,8689 6453 5689 0101,merchant_allocated,bc3951f9-ff8c-436b-8322-e5dd6592ca4b,2026-09-05 05:47:39.366708+00,,,9c2a0db3-c7e6-4d04-8b65-6cb56ec6b9f7,2026-09-05 05:42:03.795053+00
6148677f-8c22-4109-acfa-99283609b732,8667 7863 7616 0024,merchant_allocated,75eff299-f162-4427-8b08-04f404141ef9,2026-09-09 10:29:54.922115+00,,,9c2a0db3-c7e6-4d04-8b65-6cb56ec6b9f7,2026-09-09 10:16:46.810748+00
614bc437-85cf-4fd8-9995-a2d0ca3e7d71,4555 8645 9367 0098,merchant_allocated,63c2aeec-7410-4c78-9a68-beb45b1c622c,2026-08-27 11:40:23.347781+00,,,9c2a0db3-c7e6-4d04-8b65-6cb56ec6b9f7,2026-08-27 11:34:13.556736+00
6158256b-59e1-4866-ae9a-5457759c3a33,2173 6567 3333 0069,merchant_allocated,c74f8bef-6fd7-40f2-a363-1daa167d0439,2026-09-03 09:31:57.289663+00,,,9c2a0db3-c7e6-4d04-8b65-6cb56ec6b9f7,2026-09-03 09:26:26.769933+00
618f444f-f65a-4c91-884b-5c5fd9e17dfd,4555 8645 9367 0094,merchant_allocated,63c2aeec-7410-4c78-9a68-beb45b1c622c,2026-08-27 11:40:23.347781+00,,,9c2a0db3-c7e6-4d04-8b65-6cb56ec6b9f7,2026-08-27 11:34:13.556736+00
619b3c1f-d5a6-4b78-befe-9d0dc28d09f9,2173 6567 3333 0300,merchant_allocated,c74f8bef-6fd7-40f2-a363-1daa167d0439,2026-09-03 09:31:57.289663+00,,,9c2a0db3-c7e6-4d04-8b65-6cb56ec6b9f7,2026-09-03 09:26:26.769933+00
619bb9ed-5d65-4eab-8b53-0222d3516dd9,8667 7863 7616 0449,merchant_allocated,75eff299-f162-4427-8b08-04f404141ef9,2026-09-09 10:29:54.922115+00,,,9c2a0db3-c7e6-4d04-8b65-6cb56ec6b9f7,2026-09-09 10:16:46.810748+00
61a1c4a1-3c68-4878-a039-c4f7fc51d73b,2173 6567 3333 0392,merchant_allocated,c74f8bef-6fd7-40f2-a363-1daa167d0439,2026-09-03 09:31:57.289663+00,,,9c2a0db3-c7e6-4d04-8b65-6cb56ec6b9f7,2026-09-03 09:26:26.769933+00
61d116f2-2caf-4d0e-b33c-b3870938e8ae,4555 8645 9367 0002,member_linked,63c2aeec-7410-4c78-9a68-beb45b1c622c,2026-08-27 11:40:23.347781+00,5c83b3a3-a5f4-4dc3-9370-8ba2a694f4b9,2026-09-23 13:47:31.094788+00,9c2a0db3-c7e6-4d04-8b65-6cb56ec6b9f7,2026-08-27 11:34:13.556736+00
62104ddf-8cbd-44ec-9d1b-5290927da034,4555 8645 9367 0445,merchant_allocated,63c2aeec-7410-4c78-9a68-beb45b1c622c,2026-08-27 11:40:23.347781+00,,,9c2a0db3-c7e6-4d04-8b65-6cb56ec6b9f7,2026-08-27 11:34:13.556736+00
62379a8b-a509-4b1c-ae58-ad462a63568d,8667 7863 7616 0133,merchant_allocated,75eff299-f162-4427-8b08-04f404141ef9,2026-09-09 10:29:54.922115+00,,,9c2a0db3-c7e6-4d04-8b65-6cb56ec6b9f7,2026-09-09 10:16:46.810748+00
6239ab57-2783-44e9-b7c9-b1643c6be752,8783 5621 8877 0089,merchant_allocated,b64a2ee7-5fc4-434d-9b92-1fa730df2810,2026-09-09 05:29:06.233162+00,,,9c2a0db3-c7e6-4d04-8b65-6cb56ec6b9f7,2026-09-09 05:20:59.714662+00
62669ba8-9550-4788-b098-fa9ae44ca70c,2173 6567 3333 0109,merchant_allocated,c74f8bef-6fd7-40f2-a363-1daa167d0439,2026-09-03 09:31:57.289663+00,,,9c2a0db3-c7e6-4d04-8b65-6cb56ec6b9f7,2026-09-03 09:26:26.769933+00
62bdd4cb-0f84-4b8b-8ae8-8b5435d600fb,4555 8645 9367 0131,merchant_allocated,63c2aeec-7410-4c78-9a68-beb45b1c622c,2026-08-27 11:40:23.347781+00,,,9c2a0db3-c7e6-4d04-8b65-6cb56ec6b9f7,2026-08-27 11:34:13.556736+00
62dede72-5d95-4715-97dc-6740fa349a76,2173 6567 3333 0351,merchant_allocated,c74f8bef-6fd7-40f2-a363-1daa167d0439,2026-09-03 09:31:57.289663+00,,,9c2a0db3-c7e6-4d04-8b65-6cb56ec6b9f7,2026-09-03 09:26:26.769933+00
62e31e28-db5d-4ae3-8aaf-154b9c9e1099,2173 6567 3333 0476,merchant_allocated,c74f8bef-6fd7-40f2-a363-1daa167d0439,2026-09-03 09:31:57.289663+00,,,9c2a0db3-c7e6-4d04-8b65-6cb56ec6b9f7,2026-09-03 09:26:26.769933+00
63131ed4-872b-4bc8-8c43-463c039ecb35,8783 5621 8877 0235,merchant_allocated,b64a2ee7-5fc4-434d-9b92-1fa730df2810,2026-09-09 05:29:06.233162+00,,,9c2a0db3-c7e6-4d04-8b65-6cb56ec6b9f7,2026-09-09 05:20:59.714662+00
6320519c-37cd-469b-91a4-ffedd04cd637,4821 4444 0000 0900,merchant_allocated,merch_  7,2026-08-03 17:46:28.931088+00,,,9c2a0db3-c7e6-4d04-8b65-6cb56ec6b9f7,2026-08-03 17:45:59.017505+00
633ce0d1-955d-4ab1-8729-2cc830a6a8d9,8667 7863 7616 0201,merchant_allocated,75eff299-f162-4427-8b08-04f404141ef9,2026-09-09 10:29:54.922115+00,,,9c2a0db3-c7e6-4d04-8b65-6cb56ec6b9f7,2026-09-09 10:16:46.810748+00
634020d0-1994-4ad7-903f-b04d29b338dd,4555 8645 9367 0466,merchant_allocated,63c2aeec-7410-4c78-9a68-beb45b1c622c,2026-08-27 11:40:23.347781+00,,,9c2a0db3-c7e6-4d04-8b65-6cb56ec6b9f7,2026-08-27 11:34:13.556736+00
63406c67-b0a0-4ade-93e0-42640efe4230,8783 5621 8877 0410,merchant_allocated,b64a2ee7-5fc4-434d-9b92-1fa730df2810,2026-09-09 05:29:06.233162+00,,,9c2a0db3-c7e6-4d04-8b65-6cb56ec6b9f7,2026-09-09 05:20:59.714662+00
6378bbc8-4994-4a86-b729-f4fe2c9146fa,4555 8645 9367 0130,merchant_allocated,63c2aeec-7410-4c78-9a68-beb45b1c622c,2026-08-27 11:40:23.347781+00,,,9c2a0db3-c7e6-4d04-8b65-6cb56ec6b9f7,2026-08-27 11:34:13.556736+00
638225df-bbe6-49af-aab0-c2ebb713b43d,4555 8645 9367 0213,merchant_allocated,63c2aeec-7410-4c78-9a68-beb45b1c622c,2026-08-27 11:40:23.347781+00,,,9c2a0db3-c7e6-4d04-8b65-6cb56ec6b9f7,2026-08-27 11:34:13.556736+00
63aa8615-fc71-4bf5-940e-96dfe21e04b5,8667 7863 7616 0219,merchant_allocated,75eff299-f162-4427-8b08-04f404141ef9,2026-09-09 10:29:54.922115+00,,,9c2a0db3-c7e6-4d04-8b65-6cb56ec6b9f7,2026-09-09 10:16:46.810748+00
63b1b4cb-b2e3-449a-9375-6e529ff45b53,4555 8645 9367 0321,merchant_allocated,63c2aeec-7410-4c78-9a68-beb45b1c622c,2026-08-27 11:40:23.347781+00,,,9c2a0db3-c7e6-4d04-8b65-6cb56ec6b9f7,2026-08-27 11:34:13.556736+00
63da8444-340d-495d-b7a0-d3215f7d8739,8783 5621 8877 0476,merchant_allocated,b64a2ee7-5fc4-434d-9b92-1fa730df2810,2026-09-09 05:29:06.233162+00,,,9c2a0db3-c7e6-4d04-8b65-6cb56ec6b9f7,2026-09-09 05:20:59.714662+00
63df12d8-e0d4-415b-a676-5f17412375d8,2173 6567 3333 0085,merchant_allocated,c74f8bef-6fd7-40f2-a363-1daa167d0439,2026-09-03 09:31:57.289663+00,,,9c2a0db3-c7e6-4d04-8b65-6cb56ec6b9f7,2026-09-03 09:26:26.769933+00
6405b4ea-e332-4e78-858c-15ff8c96a5df,2173 6567 3333 0166,merchant_allocated,c74f8bef-6fd7-40f2-a363-1daa167d0439,2026-09-03 09:31:57.289663+00,,,9c2a0db3-c7e6-4d04-8b65-6cb56ec6b9f7,2026-09-03 09:26:26.769933+00
64299630-b903-4db2-b775-530c491d66ca,2173 6567 3333 0173,merchant_allocated,c74f8bef-6fd7-40f2-a363-1daa167d0439,2026-09-03 09:31:57.289663+00,,,9c2a0db3-c7e6-4d04-8b65-6cb56ec6b9f7,2026-09-03 09:26:26.769933+00
64496eb8-54dd-4818-86cf-8b5d1e91862a,8783 5621 8877 0314,merchant_allocated,b64a2ee7-5fc4-434d-9b92-1fa730df2810,2026-09-09 05:29:06.233162+00,,,9c2a0db3-c7e6-4d04-8b65-6cb56ec6b9f7,2026-09-09 05:20:59.714662+00
645b61c4-567f-4e7c-b20d-3a4c694b6090,2176 6567 3333 0116,unassigned,,,,,9c2a0db3-c7e6-4d04-8b65-6cb56ec6b9f7,2026-09-03 09:06:17.550685+00
64605247-1dc0-4530-a3a1-e8433ca88ccf,2176 6567 3333 0450,unassigned,,,,,9c2a0db3-c7e6-4d04-8b65-6cb56ec6b9f7,2026-09-03 09:06:17.550685+00
6493effb-d171-42e7-ace0-aa7dcbbc3627,2176 6567 3333 0324,unassigned,,,,,9c2a0db3-c7e6-4d04-8b65-6cb56ec6b9f7,2026-09-03 09:06:17.550685+00
64962288-7571-4e58-bdf7-f380d364806d,8783 5621 8877 0111,merchant_allocated,b64a2ee7-5fc4-434d-9b92-1fa730df2810,2026-09-09 05:29:06.233162+00,,,9c2a0db3-c7e6-4d04-8b65-6cb56ec6b9f7,2026-09-09 05:20:59.714662+00
64a0fa82-1bcc-4072-a21d-f7df71a07ddb,2173 6567 3333 0171,merchant_allocated,c74f8bef-6fd7-40f2-a363-1daa167d0439,2026-09-03 09:31:57.289663+00,,,9c2a0db3-c7e6-4d04-8b65-6cb56ec6b9f7,2026-09-03 09:26:26.769933+00
64c6211c-66e5-4663-a130-439f016a52bf,8783 5621 8877 0263,merchant_allocated,b64a2ee7-5fc4-434d-9b92-1fa730df2810,2026-09-09 05:29:06.233162+00,,,9c2a0db3-c7e6-4d04-8b65-6cb56ec6b9f7,2026-09-09 05:20:59.714662+00
64d6e389-4584-42bc-934e-c19edb009e92,4555 8645 9367 0164,merchant_allocated,63c2aeec-7410-4c78-9a68-beb45b1c622c,2026-08-27 11:40:23.347781+00,,,9c2a0db3-c7e6-4d04-8b65-6cb56ec6b9f7,2026-08-27 11:34:13.556736+00
64d82e8b-4ea8-4309-8a3e-b96ab6ff1b34,8667 7863 7616 0195,merchant_allocated,75eff299-f162-4427-8b08-04f404141ef9,2026-09-09 10:29:54.922115+00,,,9c2a0db3-c7e6-4d04-8b65-6cb56ec6b9f7,2026-09-09 10:16:46.810748+00
64e4cd08-8898-4cdf-b3f9-0bf0dd24b198,2176 6567 3333 0228,unassigned,,,,,9c2a0db3-c7e6-4d04-8b65-6cb56ec6b9f7,2026-09-03 09:06:17.550685+00
64e6f21a-3aa2-4873-801f-e1052b7c24ec,8783 5621 8877 0083,merchant_allocated,b64a2ee7-5fc4-434d-9b92-1fa730df2810,2026-09-09 05:29:06.233162+00,,,9c2a0db3-c7e6-4d04-8b65-6cb56ec6b9f7,2026-09-09 05:20:59.714662+00
64f15989-4e69-4ab5-b0f6-33886e48c2a5,8783 5621 8877 0257,merchant_allocated,b64a2ee7-5fc4-434d-9b92-1fa730df2810,2026-09-09 05:29:06.233162+00,,,9c2a0db3-c7e6-4d04-8b65-6cb56ec6b9f7,2026-09-09 05:20:59.714662+00
6506b89c-a056-448e-881c-70470449bb13,4555 8645 9367 0290,merchant_allocated,63c2aeec-7410-4c78-9a68-beb45b1c622c,2026-08-27 11:40:23.347781+00,,,9c2a0db3-c7e6-4d04-8b65-6cb56ec6b9f7,2026-08-27 11:34:13.556736+00
651e073c-d877-497f-a11c-14687bb1271d,4555 8645 9367 0358,merchant_allocated,63c2aeec-7410-4c78-9a68-beb45b1c622c,2026-08-27 11:40:23.347781+00,,,9c2a0db3-c7e6-4d04-8b65-6cb56ec6b9f7,2026-08-27 11:34:13.556736+00
651e637d-e66a-4fbb-883c-a37e3dd198b9,2173 6567 3333 0018,merchant_allocated,c74f8bef-6fd7-40f2-a363-1daa167d0439,2026-09-03 09:31:57.289663+00,,,9c2a0db3-c7e6-4d04-8b65-6cb56ec6b9f7,2026-09-03 09:26:26.769933+00
65271dc9-eeb2-453a-9ebc-0ea1fb21ee4c,2176 6567 3333 0263,unassigned,,,,,9c2a0db3-c7e6-4d04-8b65-6cb56ec6b9f7,2026-09-03 09:06:17.550685+00
6566715f-c460-4094-b98e-01fbd7e83c9b,4555 8645 9367 0128,merchant_allocated,63c2aeec-7410-4c78-9a68-beb45b1c622c,2026-08-27 11:40:23.347781+00,,,9c2a0db3-c7e6-4d04-8b65-6cb56ec6b9f7,2026-08-27 11:34:13.556736+00
65bd359f-9531-4ecf-b8a0-706136bf09fb,4555 8645 9367 0267,merchant_allocated,63c2aeec-7410-4c78-9a68-beb45b1c622c,2026-08-27 11:40:23.347781+00,,,9c2a0db3-c7e6-4d04-8b65-6cb56ec6b9f7,2026-08-27 11:34:13.556736+00
65c60e59-a7c2-4b72-bc30-06edcef9b5e9,2176 6567 3333 0232,unassigned,,,,,9c2a0db3-c7e6-4d04-8b65-6cb56ec6b9f7,2026-09-03 09:06:17.550685+00
65cb9d59-535b-483f-98ca-3a3015676f03,8783 5621 8877 0451,merchant_allocated,b64a2ee7-5fc4-434d-9b92-1fa730df2810,2026-09-09 05:29:06.233162+00,,,9c2a0db3-c7e6-4d04-8b65-6cb56ec6b9f7,2026-09-09 05:20:59.714662+00
65e9d834-2e63-4b73-b3ed-b0e577aece17,2176 6567 3333 0375,unassigned,,,,,9c2a0db3-c7e6-4d04-8b65-6cb56ec6b9f7,2026-09-03 09:06:17.550685+00
65fc06e8-df57-4fa3-8dd4-2e55e19c5746,8667 7863 7616 0277,merchant_allocated,75eff299-f162-4427-8b08-04f404141ef9,2026-09-09 10:29:54.922115+00,,,9c2a0db3-c7e6-4d04-8b65-6cb56ec6b9f7,2026-09-09 10:16:46.810748+00
6607d531-985c-427c-845f-cab5ca005ee7,8667 7863 7616 0001,member_linked,75eff299-f162-4427-8b08-04f404141ef9,2026-09-09 10:29:54.922115+00,c709d17f-6996-4b39-ad84-0e7daf04e46f,2026-09-19 14:00:23.545286+00,9c2a0db3-c7e6-4d04-8b65-6cb56ec6b9f7,2026-09-09 10:16:46.810748+00
669656b8-1d9b-4a5f-8cf8-8a90933aaaed,2173 6567 3333 0289,merchant_allocated,c74f8bef-6fd7-40f2-a363-1daa167d0439,2026-09-03 09:31:57.289663+00,,,9c2a0db3-c7e6-4d04-8b65-6cb56ec6b9f7,2026-09-03 09:26:26.769933+00
669e61b3-9b84-4737-b22b-440ec96e3a40,8783 5621 8877 0356,merchant_allocated,b64a2ee7-5fc4-434d-9b92-1fa730df2810,2026-09-09 05:29:06.233162+00,,,9c2a0db3-c7e6-4d04-8b65-6cb56ec6b9f7,2026-09-09 05:20:59.714662+00
66ade04a-ab0e-46ca-8c6e-13a0afd237af,2176 6567 3333 0369,unassigned,,,,,9c2a0db3-c7e6-4d04-8b65-6cb56ec6b9f7,2026-09-03 09:06:17.550685+00
66cff013-f0d9-42c5-95fa-d1519f70ee3f,4555 8645 9367 0251,merchant_allocated,63c2aeec-7410-4c78-9a68-beb45b1c622c,2026-08-27 11:40:23.347781+00,,,9c2a0db3-c7e6-4d04-8b65-6cb56ec6b9f7,2026-08-27 11:34:13.556736+00
66e5250f-791e-4368-8e35-88669470953a,8783 5621 8877 0412,merchant_allocated,b64a2ee7-5fc4-434d-9b92-1fa730df2810,2026-09-09 05:29:06.233162+00,,,9c2a0db3-c7e6-4d04-8b65-6cb56ec6b9f7,2026-09-09 05:20:59.714662+00
66e7f12b-ef11-47b5-a2c7-c9cb27fd753f,7567 5342 8633 0034,merchant_allocated,4bf2fb6b-bdf3-49d3-ac1b-1e6e746c6643,2026-07-21 16:11:58.441179+00,,,9c2a0db3-c7e6-4d04-8b65-6cb56ec6b9f7,2026-07-21 16:10:31.33396+00
67048dd0-816a-4b97-9ca7-09019498e1bc,4555 8645 9367 0106,merchant_allocated,63c2aeec-7410-4c78-9a68-beb45b1c622c,2026-08-27 11:40:23.347781+00,,,9c2a0db3-c7e6-4d04-8b65-6cb56ec6b9f7,2026-08-27 11:34:13.556736+00
671aa215-0abb-4b7b-a600-af317e93e943,8689 6453 5689 0064,merchant_allocated,bc3951f9-ff8c-436b-8322-e5dd6592ca4b,2026-09-05 05:47:39.366708+00,,,9c2a0db3-c7e6-4d04-8b65-6cb56ec6b9f7,2026-09-05 05:42:03.795053+00
67229359-cc4a-41fe-9840-45426e7bd0a3,2176 6567 3333 0437,unassigned,,,,,9c2a0db3-c7e6-4d04-8b65-6cb56ec6b9f7,2026-09-03 09:06:17.550685+00
672cd483-b9b9-486e-aab1-e0b1a940346b,4555 8645 9367 0439,merchant_allocated,63c2aeec-7410-4c78-9a68-beb45b1c622c,2026-08-27 11:40:23.347781+00,,,9c2a0db3-c7e6-4d04-8b65-6cb56ec6b9f7,2026-08-27 11:34:13.556736+00
673d6eac-ee1f-4a35-942e-6ce29e7a7508,2173 6567 3333 0483,merchant_allocated,c74f8bef-6fd7-40f2-a363-1daa167d0439,2026-09-03 09:31:57.289663+00,,,9c2a0db3-c7e6-4d04-8b65-6cb56ec6b9f7,2026-09-03 09:26:26.769933+00
67671c20-27c8-4140-a548-a476a5194efd,8783 5621 8877 0472,merchant_allocated,b64a2ee7-5fc4-434d-9b92-1fa730df2810,2026-09-09 05:29:06.233162+00,,,9c2a0db3-c7e6-4d04-8b65-6cb56ec6b9f7,2026-09-09 05:20:59.714662+00
677062e9-252f-4676-92e7-54a165afe07f,2176 6567 3333 0153,unassigned,,,,,9c2a0db3-c7e6-4d04-8b65-6cb56ec6b9f7,2026-09-03 09:06:17.550685+00
6772a530-ff0e-4e08-9f9f-0fbca39fa73d,7567 5342 8633 0062,merchant_allocated,4bf2fb6b-bdf3-49d3-ac1b-1e6e746c6643,2026-07-21 16:11:58.441179+00,,,9c2a0db3-c7e6-4d04-8b65-6cb56ec6b9f7,2026-07-21 16:10:31.33396+00
67a217af-154d-4cb5-861b-a94b4a01815b,2176 6567 3333 0394,unassigned,,,,,9c2a0db3-c7e6-4d04-8b65-6cb56ec6b9f7,2026-09-03 09:06:17.550685+00
67be99c8-1317-41ff-8f82-9da440096b59,4821 4444 0000 3200,merchant_allocated,merch_  7,2026-08-03 17:46:28.931088+00,,,9c2a0db3-c7e6-4d04-8b65-6cb56ec6b9f7,2026-08-03 17:45:59.017505+00
67c44379-656a-40e5-b081-0efbf8748b76,4555 8645 9367 0281,merchant_allocated,63c2aeec-7410-4c78-9a68-beb45b1c622c,2026-08-27 11:40:23.347781+00,,,9c2a0db3-c7e6-4d04-8b65-6cb56ec6b9f7,2026-08-27 11:34:13.556736+00
67c58b14-f982-47f9-9df1-892a0cb62d13,2173 6567 3333 0323,merchant_allocated,c74f8bef-6fd7-40f2-a363-1daa167d0439,2026-09-03 09:31:57.289663+00,,,9c2a0db3-c7e6-4d04-8b65-6cb56ec6b9f7,2026-09-03 09:26:26.769933+00
67f52371-094b-4375-bbc3-2edbd6024de3,4555 8645 9367 0326,merchant_allocated,63c2aeec-7410-4c78-9a68-beb45b1c622c,2026-08-27 11:40:23.347781+00,,,9c2a0db3-c7e6-4d04-8b65-6cb56ec6b9f7,2026-08-27 11:34:13.556736+00
67fc9e1b-3597-470a-a715-70abbb0619c3,4555 8645 9367 0005,member_linked,63c2aeec-7410-4c78-9a68-beb45b1c622c,2026-08-27 11:40:23.347781+00,437a83ac-4ad1-49a9-9b5a-a921eeb0c1f4,2026-09-23 14:06:46.971988+00,9c2a0db3-c7e6-4d04-8b65-6cb56ec6b9f7,2026-08-27 11:34:13.556736+00
67fd3ff3-6b13-48c7-b8a5-690480304dc6,8783 5621 8877 0068,merchant_allocated,b64a2ee7-5fc4-434d-9b92-1fa730df2810,2026-09-09 05:29:06.233162+00,,,9c2a0db3-c7e6-4d04-8b65-6cb56ec6b9f7,2026-09-09 05:20:59.714662+00
68564cc1-05f1-46ae-b7c5-9003b1e2e6ab,8667 7863 7616 0326,merchant_allocated,75eff299-f162-4427-8b08-04f404141ef9,2026-09-09 10:29:54.922115+00,,,9c2a0db3-c7e6-4d04-8b65-6cb56ec6b9f7,2026-09-09 10:16:46.810748+00
68590acc-0df2-4caa-9c76-86cd7f32b190,8783 5621 8877 0138,merchant_allocated,b64a2ee7-5fc4-434d-9b92-1fa730df2810,2026-09-09 05:29:06.233162+00,,,9c2a0db3-c7e6-4d04-8b65-6cb56ec6b9f7,2026-09-09 05:20:59.714662+00
686fcc2f-7fca-49bd-8e52-1fbca82278c1,2173 6567 3333 0278,merchant_allocated,c74f8bef-6fd7-40f2-a363-1daa167d0439,2026-09-03 09:31:57.289663+00,,,9c2a0db3-c7e6-4d04-8b65-6cb56ec6b9f7,2026-09-03 09:26:26.769933+00
688af141-5190-47bb-8fad-9d56a8c518c6,8667 7863 7616 0246,merchant_allocated,75eff299-f162-4427-8b08-04f404141ef9,2026-09-09 10:29:54.922115+00,,,9c2a0db3-c7e6-4d04-8b65-6cb56ec6b9f7,2026-09-09 10:16:46.810748+00
68a0e0b6-ec43-4d75-9db2-5a203e5a41ea,8667 7863 7616 0335,merchant_allocated,75eff299-f162-4427-8b08-04f404141ef9,2026-09-09 10:29:54.922115+00,,,9c2a0db3-c7e6-4d04-8b65-6cb56ec6b9f7,2026-09-09 10:16:46.810748+00
68b559d1-eebc-4b41-b046-e9c1b9791b4f,2173 6567 3333 0093,merchant_allocated,c74f8bef-6fd7-40f2-a363-1daa167d0439,2026-09-03 09:31:57.289663+00,,,9c2a0db3-c7e6-4d04-8b65-6cb56ec6b9f7,2026-09-03 09:26:26.769933+00
68bd0773-9955-42ce-872d-de23ea925abf,8667 7863 7616 0058,merchant_allocated,75eff299-f162-4427-8b08-04f404141ef9,2026-09-09 10:29:54.922115+00,,,9c2a0db3-c7e6-4d04-8b65-6cb56ec6b9f7,2026-09-09 10:16:46.810748+00
68ca6f2c-aa5c-4f87-945f-3d9d0bfdeec5,2176 6567 3333 0494,unassigned,,,,,9c2a0db3-c7e6-4d04-8b65-6cb56ec6b9f7,2026-09-03 09:06:17.550685+00
68caba73-1c7a-42b1-9d92-9eecdb8b81d4,2176 6567 3333 0388,unassigned,,,,,9c2a0db3-c7e6-4d04-8b65-6cb56ec6b9f7,2026-09-03 09:06:17.550685+00
68fd708a-2624-4670-ad35-305f44b57cd2,8783 5621 8877 0456,merchant_allocated,b64a2ee7-5fc4-434d-9b92-1fa730df2810,2026-09-09 05:29:06.233162+00,,,9c2a0db3-c7e6-4d04-8b65-6cb56ec6b9f7,2026-09-09 05:20:59.714662+00
68fda88a-3476-4da9-b2a8-8fbeefd4a9a9,8689 6453 5689 0030,merchant_allocated,bc3951f9-ff8c-436b-8322-e5dd6592ca4b,2026-09-05 05:47:39.366708+00,,,9c2a0db3-c7e6-4d04-8b65-6cb56ec6b9f7,2026-09-05 05:42:03.795053+00
693448aa-182b-47db-9f02-cec8bccc1d9a,2173 6567 3333 0137,merchant_allocated,c74f8bef-6fd7-40f2-a363-1daa167d0439,2026-09-03 09:31:57.289663+00,,,9c2a0db3-c7e6-4d04-8b65-6cb56ec6b9f7,2026-09-03 09:26:26.769933+00
69470418-18e5-48da-a399-01c7839c8940,4555 8645 9367 0437,merchant_allocated,63c2aeec-7410-4c78-9a68-beb45b1c622c,2026-08-27 11:40:23.347781+00,,,9c2a0db3-c7e6-4d04-8b65-6cb56ec6b9f7,2026-08-27 11:34:13.556736+00
69478832-b980-412d-9e10-02217fe4f47c,7567 5342 8633 0040,member_linked,4bf2fb6b-bdf3-49d3-ac1b-1e6e746c6643,2026-07-21 16:11:58.441179+00,2f3f1a71-9597-4a2f-850d-adfa2ce9a08e,2026-07-22 08:00:53.112835+00,9c2a0db3-c7e6-4d04-8b65-6cb56ec6b9f7,2026-07-21 16:10:31.33396+00
6963cdca-385e-4d3e-92a2-a3e50c0c7938,8667 7863 7616 0229,merchant_allocated,75eff299-f162-4427-8b08-04f404141ef9,2026-09-09 10:29:54.922115+00,,,9c2a0db3-c7e6-4d04-8b65-6cb56ec6b9f7,2026-09-09 10:16:46.810748+00
69ac08eb-2d48-4ddd-8829-0d105ef02db5,8783 5621 8877 0333,merchant_allocated,b64a2ee7-5fc4-434d-9b92-1fa730df2810,2026-09-09 05:29:06.233162+00,,,9c2a0db3-c7e6-4d04-8b65-6cb56ec6b9f7,2026-09-09 05:20:59.714662+00
69b227d1-7d21-4459-b686-644d7e618712,4555 8645 9367 0187,merchant_allocated,63c2aeec-7410-4c78-9a68-beb45b1c622c,2026-08-27 11:40:23.347781+00,,,9c2a0db3-c7e6-4d04-8b65-6cb56ec6b9f7,2026-08-27 11:34:13.556736+00
69f102c5-8dbb-400e-838b-ac418315a9fa,4555 8645 9367 0197,merchant_allocated,63c2aeec-7410-4c78-9a68-beb45b1c622c,2026-08-27 11:40:23.347781+00,,,9c2a0db3-c7e6-4d04-8b65-6cb56ec6b9f7,2026-08-27 11:34:13.556736+00
69f8be51-36ed-4ed7-96be-2d043c918b32,8783 5621 8877 0463,merchant_allocated,b64a2ee7-5fc4-434d-9b92-1fa730df2810,2026-09-09 05:29:06.233162+00,,,9c2a0db3-c7e6-4d04-8b65-6cb56ec6b9f7,2026-09-09 05:20:59.714662+00
69f8c29f-6f8d-48db-b858-ad9f5eabcfa6,8689 6453 5689 0070,merchant_allocated,bc3951f9-ff8c-436b-8322-e5dd6592ca4b,2026-09-05 05:47:39.366708+00,,,9c2a0db3-c7e6-4d04-8b65-6cb56ec6b9f7,2026-09-05 05:42:03.795053+00
69fa3908-73b2-4daf-beca-aefdd0039f8f,2176 6567 3333 0189,unassigned,,,,,9c2a0db3-c7e6-4d04-8b65-6cb56ec6b9f7,2026-09-03 09:06:17.550685+00
6a3ced36-abf7-4bb8-a657-0564d57f055f,8783 5621 8877 0404,merchant_allocated,b64a2ee7-5fc4-434d-9b92-1fa730df2810,2026-09-09 05:29:06.233162+00,,,9c2a0db3-c7e6-4d04-8b65-6cb56ec6b9f7,2026-09-09 05:20:59.714662+00
6a5f4096-6052-4b5b-9f31-9e9101485c7b,8783 5621 8877 0201,merchant_allocated,b64a2ee7-5fc4-434d-9b92-1fa730df2810,2026-09-09 05:29:06.233162+00,,,9c2a0db3-c7e6-4d04-8b65-6cb56ec6b9f7,2026-09-09 05:20:59.714662+00
6a604bd4-233e-42be-a101-ba8b6911401a,2176 6567 3333 0367,unassigned,,,,,9c2a0db3-c7e6-4d04-8b65-6cb56ec6b9f7,2026-09-03 09:06:17.550685+00
6a6e7993-81a3-49e3-812c-084895fdb798,2176 6567 3333 0052,unassigned,,,,,9c2a0db3-c7e6-4d04-8b65-6cb56ec6b9f7,2026-09-03 09:06:17.550685+00
6a901b41-41b2-4476-86cb-f59d16904543,2173 6567 3333 0031,merchant_allocated,c74f8bef-6fd7-40f2-a363-1daa167d0439,2026-09-03 09:31:57.289663+00,,,9c2a0db3-c7e6-4d04-8b65-6cb56ec6b9f7,2026-09-03 09:26:26.769933+00
6a99db5b-1d0c-4f88-b0d4-16d769e44adc,2173 6567 3333 0438,merchant_allocated,c74f8bef-6fd7-40f2-a363-1daa167d0439,2026-09-03 09:31:57.289663+00,,,9c2a0db3-c7e6-4d04-8b65-6cb56ec6b9f7,2026-09-03 09:26:26.769933+00
6a9fd086-c5e2-46cb-a2fb-1a8136a30a8b,2176 6567 3333 0493,unassigned,,,,,9c2a0db3-c7e6-4d04-8b65-6cb56ec6b9f7,2026-09-03 09:06:17.550685+00
6aa79adb-afcb-489a-ad9a-63ae5b4c2cf5,2176 6567 3333 0101,unassigned,,,,,9c2a0db3-c7e6-4d04-8b65-6cb56ec6b9f7,2026-09-03 09:06:17.550685+00
6aaddd34-7a0d-4721-b724-d350a56ff98d,8783 5621 8877 0081,merchant_allocated,b64a2ee7-5fc4-434d-9b92-1fa730df2810,2026-09-09 05:29:06.233162+00,,,9c2a0db3-c7e6-4d04-8b65-6cb56ec6b9f7,2026-09-09 05:20:59.714662+00
6abd9790-72d2-4fb2-9ff2-ad9ffd509be8,2173 6567 3333 0183,merchant_allocated,c74f8bef-6fd7-40f2-a363-1daa167d0439,2026-09-03 09:31:57.289663+00,,,9c2a0db3-c7e6-4d04-8b65-6cb56ec6b9f7,2026-09-03 09:26:26.769933+00
6ac396bd-5ea5-47b2-9b7b-ad4cadfe5728,2173 6567 3333 0365,merchant_allocated,c74f8bef-6fd7-40f2-a363-1daa167d0439,2026-09-03 09:31:57.289663+00,,,9c2a0db3-c7e6-4d04-8b65-6cb56ec6b9f7,2026-09-03 09:26:26.769933+00
6ad82ef0-dfc3-4dd4-93d2-892531177501,4555 8645 9367 0480,merchant_allocated,63c2aeec-7410-4c78-9a68-beb45b1c622c,2026-08-27 11:40:23.347781+00,,,9c2a0db3-c7e6-4d04-8b65-6cb56ec6b9f7,2026-08-27 11:34:13.556736+00
6ada11de-4d4e-475c-9268-dec97d331992,2173 6567 3333 0223,merchant_allocated,c74f8bef-6fd7-40f2-a363-1daa167d0439,2026-09-03 09:31:57.289663+00,,,9c2a0db3-c7e6-4d04-8b65-6cb56ec6b9f7,2026-09-03 09:26:26.769933+00
6ae46c07-cfdb-481d-977f-76fd4a8ad4f7,2173 6567 3333 0373,merchant_allocated,c74f8bef-6fd7-40f2-a363-1daa167d0439,2026-09-03 09:31:57.289663+00,,,9c2a0db3-c7e6-4d04-8b65-6cb56ec6b9f7,2026-09-03 09:26:26.769933+00
6b462372-d55a-4925-9e87-cd0a86875e67,8783 5621 8877 0006,merchant_allocated,b64a2ee7-5fc4-434d-9b92-1fa730df2810,2026-09-09 05:29:06.233162+00,,,9c2a0db3-c7e6-4d04-8b65-6cb56ec6b9f7,2026-09-09 05:20:59.714662+00
6b7e887f-6573-48f7-8cb1-16a28acf14c7,2173 6567 3333 0250,merchant_allocated,c74f8bef-6fd7-40f2-a363-1daa167d0439,2026-09-03 09:31:57.289663+00,,,9c2a0db3-c7e6-4d04-8b65-6cb56ec6b9f7,2026-09-03 09:26:26.769933+00
6bc1bbf7-c1ea-4859-888d-5362166ff36f,2173 6567 3333 0092,merchant_allocated,c74f8bef-6fd7-40f2-a363-1daa167d0439,2026-09-03 09:31:57.289663+00,,,9c2a0db3-c7e6-4d04-8b65-6cb56ec6b9f7,2026-09-03 09:26:26.769933+00
6bc8792d-227d-465e-946d-250094338ea6,2176 6567 3333 0137,unassigned,,,,,9c2a0db3-c7e6-4d04-8b65-6cb56ec6b9f7,2026-09-03 09:06:17.550685+00
6bcf5c94-c885-4d09-87d7-cc6e45e7ee75,4555 8645 9367 0184,merchant_allocated,63c2aeec-7410-4c78-9a68-beb45b1c622c,2026-08-27 11:40:23.347781+00,,,9c2a0db3-c7e6-4d04-8b65-6cb56ec6b9f7,2026-08-27 11:34:13.556736+00
6c0078c4-6b2d-4b1f-8d6f-4abf36d00a73,2176 6567 3333 0342,unassigned,,,,,9c2a0db3-c7e6-4d04-8b65-6cb56ec6b9f7,2026-09-03 09:06:17.550685+00
6c2ca0ed-be00-49be-81f4-7baf62bd3e59,8783 5621 8877 0286,merchant_allocated,b64a2ee7-5fc4-434d-9b92-1fa730df2810,2026-09-09 05:29:06.233162+00,,,9c2a0db3-c7e6-4d04-8b65-6cb56ec6b9f7,2026-09-09 05:20:59.714662+00
6c4b776f-eaa3-4b7f-b37a-6850fe4bf57d,2176 6567 3333 0345,unassigned,,,,,9c2a0db3-c7e6-4d04-8b65-6cb56ec6b9f7,2026-09-03 09:06:17.550685+00
6c5d56e0-d83c-417d-9061-a7ffc84ee57c,2176 6567 3333 0154,unassigned,,,,,9c2a0db3-c7e6-4d04-8b65-6cb56ec6b9f7,2026-09-03 09:06:17.550685+00
6caf1a17-a607-4b8a-98e6-481b7bbb9d78,2173 6567 3333 0480,merchant_allocated,c74f8bef-6fd7-40f2-a363-1daa167d0439,2026-09-03 09:31:57.289663+00,,,9c2a0db3-c7e6-4d04-8b65-6cb56ec6b9f7,2026-09-03 09:26:26.769933+00
6cb9d7a0-c45d-420e-81ee-b1950076371a,4555 8645 9367 0023,member_linked,63c2aeec-7410-4c78-9a68-beb45b1c622c,2026-08-27 11:40:23.347781+00,03445367-2515-4718-b842-19faa5f45e3c,2026-09-23 15:02:49.980831+00,9c2a0db3-c7e6-4d04-8b65-6cb56ec6b9f7,2026-08-27 11:34:13.556736+00
6cef0596-b9bb-4324-930f-0190f41f8f7e,8667 7863 7616 0487,merchant_allocated,75eff299-f162-4427-8b08-04f404141ef9,2026-09-09 10:29:54.922115+00,,,9c2a0db3-c7e6-4d04-8b65-6cb56ec6b9f7,2026-09-09 10:16:46.810748+00
6d1c41b5-1fc9-4d59-a823-bb8c7afe14b6,4555 8645 9367 0491,merchant_allocated,63c2aeec-7410-4c78-9a68-beb45b1c622c,2026-08-27 11:40:23.347781+00,,,9c2a0db3-c7e6-4d04-8b65-6cb56ec6b9f7,2026-08-27 11:34:13.556736+00
6d31b4b8-97fb-443a-ab22-3610f371eeae,2173 6567 3333 0225,merchant_allocated,c74f8bef-6fd7-40f2-a363-1daa167d0439,2026-09-03 09:31:57.289663+00,,,9c2a0db3-c7e6-4d04-8b65-6cb56ec6b9f7,2026-09-03 09:26:26.769933+00
6d3ceec5-bbb3-44d1-a72a-e47db3ccf4fd,4555 8645 9367 0270,merchant_allocated,63c2aeec-7410-4c78-9a68-beb45b1c622c,2026-08-27 11:40:23.347781+00,,,9c2a0db3-c7e6-4d04-8b65-6cb56ec6b9f7,2026-08-27 11:34:13.556736+00
6d5bda2b-34bd-43c7-8b88-bd996c843895,8667 7863 7616 0388,merchant_allocated,75eff299-f162-4427-8b08-04f404141ef9,2026-09-09 10:29:54.922115+00,,,9c2a0db3-c7e6-4d04-8b65-6cb56ec6b9f7,2026-09-09 10:16:46.810748+00
6d602a89-9f32-4f80-9309-b585121ef051,4555 8645 9367 0370,merchant_allocated,63c2aeec-7410-4c78-9a68-beb45b1c622c,2026-08-27 11:40:23.347781+00,,,9c2a0db3-c7e6-4d04-8b65-6cb56ec6b9f7,2026-08-27 11:34:13.556736+00
6d6b3216-f549-41a5-865a-77f058703356,2176 6567 3333 0397,unassigned,,,,,9c2a0db3-c7e6-4d04-8b65-6cb56ec6b9f7,2026-09-03 09:06:17.550685+00
6d7cb154-b9fe-4b50-970c-c291c88cdcb7,2173 6567 3333 0350,merchant_allocated,c74f8bef-6fd7-40f2-a363-1daa167d0439,2026-09-03 09:31:57.289663+00,,,9c2a0db3-c7e6-4d04-8b65-6cb56ec6b9f7,2026-09-03 09:26:26.769933+00
6daa3cd5-0a04-4846-9ea3-2c99cc57a556,2176 6567 3333 0207,unassigned,,,,,9c2a0db3-c7e6-4d04-8b65-6cb56ec6b9f7,2026-09-03 09:06:17.550685+00
6dc9e267-1e7c-4a19-996b-d92adc639426,8667 7863 7616 0432,merchant_allocated,75eff299-f162-4427-8b08-04f404141ef9,2026-09-09 10:29:54.922115+00,,,9c2a0db3-c7e6-4d04-8b65-6cb56ec6b9f7,2026-09-09 10:16:46.810748+00
6ddd522a-0299-4903-8fcf-2b6a19b3a2b7,8689 6453 5689 0091,merchant_allocated,bc3951f9-ff8c-436b-8322-e5dd6592ca4b,2026-09-05 05:47:39.366708+00,,,9c2a0db3-c7e6-4d04-8b65-6cb56ec6b9f7,2026-09-05 05:42:03.795053+00
6debf53d-d46c-48a9-b7e0-6b5de6b6650f,8667 7863 7616 0405,merchant_allocated,75eff299-f162-4427-8b08-04f404141ef9,2026-09-09 10:29:54.922115+00,,,9c2a0db3-c7e6-4d04-8b65-6cb56ec6b9f7,2026-09-09 10:16:46.810748+00
6dffb02d-0443-4d50-9d86-67eb44d4a368,2176 6567 3333 0409,unassigned,,,,,9c2a0db3-c7e6-4d04-8b65-6cb56ec6b9f7,2026-09-03 09:06:17.550685+00
6e0cb61b-f181-4cca-9f73-76a0517f1f86,2176 6567 3333 0003,unassigned,,,,,9c2a0db3-c7e6-4d04-8b65-6cb56ec6b9f7,2026-09-03 09:06:17.550685+00
6e2cd5b4-752b-46cf-a73d-bab4ac5910bf,2176 6567 3333 0295,unassigned,,,,,9c2a0db3-c7e6-4d04-8b65-6cb56ec6b9f7,2026-09-03 09:06:17.550685+00
6e383399-e4a7-4a7f-826b-3e691733111c,8783 5621 8877 0124,merchant_allocated,b64a2ee7-5fc4-434d-9b92-1fa730df2810,2026-09-09 05:29:06.233162+00,,,9c2a0db3-c7e6-4d04-8b65-6cb56ec6b9f7,2026-09-09 05:20:59.714662+00
6e434073-70b0-4e2f-98e2-3615f80223b9,8667 7863 7616 0495,merchant_allocated,75eff299-f162-4427-8b08-04f404141ef9,2026-09-09 10:29:54.922115+00,,,9c2a0db3-c7e6-4d04-8b65-6cb56ec6b9f7,2026-09-09 10:16:46.810748+00
6e53f237-93f2-4f57-83d5-5770286d331e,2176 6567 3333 0355,unassigned,,,,,9c2a0db3-c7e6-4d04-8b65-6cb56ec6b9f7,2026-09-03 09:06:17.550685+00
6e674ec1-30f6-481c-b88a-88c4b4a5a245,4821 6739 0000 1600,merchant_allocated,merch_  6,2026-07-28 06:48:05.660888+00,,,9c2a0db3-c7e6-4d04-8b65-6cb56ec6b9f7,2026-07-28 06:47:38.92065+00
6ed3af98-979c-4301-adae-65168931442f,4555 8645 9367 0441,merchant_allocated,63c2aeec-7410-4c78-9a68-beb45b1c622c,2026-08-27 11:40:23.347781+00,,,9c2a0db3-c7e6-4d04-8b65-6cb56ec6b9f7,2026-08-27 11:34:13.556736+00
6ed5ad57-6820-4a59-b262-e34bb3ca8da9,2173 6567 3333 0297,merchant_allocated,c74f8bef-6fd7-40f2-a363-1daa167d0439,2026-09-03 09:31:57.289663+00,,,9c2a0db3-c7e6-4d04-8b65-6cb56ec6b9f7,2026-09-03 09:26:26.769933+00
6ee06c4a-7b40-4548-a762-f691ecc61ae8,4821 6739 0000 5000,merchant_allocated,merch_  6,2026-07-28 06:48:05.660888+00,,,9c2a0db3-c7e6-4d04-8b65-6cb56ec6b9f7,2026-07-28 06:47:38.92065+00
6ee7556b-2811-40b8-aaa9-c8b87cce17a3,4555 8645 9367 0153,merchant_allocated,63c2aeec-7410-4c78-9a68-beb45b1c622c,2026-08-27 11:40:23.347781+00,,,9c2a0db3-c7e6-4d04-8b65-6cb56ec6b9f7,2026-08-27 11:34:13.556736+00
6ee81797-a5a3-4cb3-a11c-a28a69077fd6,4555 8645 9367 0405,merchant_allocated,63c2aeec-7410-4c78-9a68-beb45b1c622c,2026-08-27 11:40:23.347781+00,,,9c2a0db3-c7e6-4d04-8b65-6cb56ec6b9f7,2026-08-27 11:34:13.556736+00
6f01de16-bd98-47b2-a663-4628fbd16ff7,8783 5621 8877 0401,merchant_allocated,b64a2ee7-5fc4-434d-9b92-1fa730df2810,2026-09-09 05:29:06.233162+00,,,9c2a0db3-c7e6-4d04-8b65-6cb56ec6b9f7,2026-09-09 05:20:59.714662+00
6f293ec1-d3c1-482e-aa37-59f6eca6138b,8783 5621 8877 0119,merchant_allocated,b64a2ee7-5fc4-434d-9b92-1fa730df2810,2026-09-09 05:29:06.233162+00,,,9c2a0db3-c7e6-4d04-8b65-6cb56ec6b9f7,2026-09-09 05:20:59.714662+00
6f34a918-b516-48fe-b186-4722d9b9e027,4821 4444 0000 4000,merchant_allocated,merch_  7,2026-08-03 17:46:28.931088+00,,,9c2a0db3-c7e6-4d04-8b65-6cb56ec6b9f7,2026-08-03 17:45:59.017505+00
6f35cc0e-16e2-4316-aa69-d93fc65c3123,4555 8645 9367 0375,merchant_allocated,63c2aeec-7410-4c78-9a68-beb45b1c622c,2026-08-27 11:40:23.347781+00,,,9c2a0db3-c7e6-4d04-8b65-6cb56ec6b9f7,2026-08-27 11:34:13.556736+00
6f4a0020-b53d-43ab-9072-81e69c93a5f0,2176 6567 3333 0212,unassigned,,,,,9c2a0db3-c7e6-4d04-8b65-6cb56ec6b9f7,2026-09-03 09:06:17.550685+00
6f4d62dc-dd1e-44ff-b0e7-15085b636e51,2173 6567 3333 0253,merchant_allocated,c74f8bef-6fd7-40f2-a363-1daa167d0439,2026-09-03 09:31:57.289663+00,,,9c2a0db3-c7e6-4d04-8b65-6cb56ec6b9f7,2026-09-03 09:26:26.769933+00
6f5dfffd-e52a-4653-989d-73fdf350e364,4555 8645 9367 0459,merchant_allocated,63c2aeec-7410-4c78-9a68-beb45b1c622c,2026-08-27 11:40:23.347781+00,,,9c2a0db3-c7e6-4d04-8b65-6cb56ec6b9f7,2026-08-27 11:34:13.556736+00
6f62cff8-6d65-4775-b6b0-192471a8c27b,4821 6739 0000 0400,member_linked,merch_  6,2026-07-28 06:48:05.660888+00,64a57df1-f643-48ae-a76b-a2bcc0804756,2026-09-09 07:20:44.265054+00,9c2a0db3-c7e6-4d04-8b65-6cb56ec6b9f7,2026-07-28 06:47:38.92065+00
6f799726-4f84-4db7-b564-d6a5d1d7752d,2173 6567 3333 0375,merchant_allocated,c74f8bef-6fd7-40f2-a363-1daa167d0439,2026-09-03 09:31:57.289663+00,,,9c2a0db3-c7e6-4d04-8b65-6cb56ec6b9f7,2026-09-03 09:26:26.769933+00
6f7f264b-dc03-4572-a0b1-a0ac921def65,8667 7863 7616 0216,merchant_allocated,75eff299-f162-4427-8b08-04f404141ef9,2026-09-09 10:29:54.922115+00,,,9c2a0db3-c7e6-4d04-8b65-6cb56ec6b9f7,2026-09-09 10:16:46.810748+00
6f815add-2ee3-4209-a024-bc6adf503733,8783 5621 8877 0354,merchant_allocated,b64a2ee7-5fc4-434d-9b92-1fa730df2810,2026-09-09 05:29:06.233162+00,,,9c2a0db3-c7e6-4d04-8b65-6cb56ec6b9f7,2026-09-09 05:20:59.714662+00
6f95f1ec-1333-4097-91e6-c46780f25f80,2173 6567 3333 0240,merchant_allocated,c74f8bef-6fd7-40f2-a363-1daa167d0439,2026-09-03 09:31:57.289663+00,,,9c2a0db3-c7e6-4d04-8b65-6cb56ec6b9f7,2026-09-03 09:26:26.769933+00
6fb1f725-80b8-4b16-96ad-69bf99a92b0b,2176 6567 3333 0378,unassigned,,,,,9c2a0db3-c7e6-4d04-8b65-6cb56ec6b9f7,2026-09-03 09:06:17.550685+00
6fb6516d-023a-46fe-9041-c15a8f990ff8,8667 7863 7616 0225,merchant_allocated,75eff299-f162-4427-8b08-04f404141ef9,2026-09-09 10:29:54.922115+00,,,9c2a0db3-c7e6-4d04-8b65-6cb56ec6b9f7,2026-09-09 10:16:46.810748+00
6fc3196b-2a17-4dfb-81b0-84102637bb2b,4555 8645 9367 0337,merchant_allocated,63c2aeec-7410-4c78-9a68-beb45b1c622c,2026-08-27 11:40:23.347781+00,,,9c2a0db3-c7e6-4d04-8b65-6cb56ec6b9f7,2026-08-27 11:34:13.556736+00
6ff37234-382d-48e6-81ff-06862def5f41,2176 6567 3333 0034,unassigned,,,,,9c2a0db3-c7e6-4d04-8b65-6cb56ec6b9f7,2026-09-03 09:06:17.550685+00
700132e7-7198-4b22-9dda-985ed9a0cad7,4555 8645 9367 0112,merchant_allocated,63c2aeec-7410-4c78-9a68-beb45b1c622c,2026-08-27 11:40:23.347781+00,,,9c2a0db3-c7e6-4d04-8b65-6cb56ec6b9f7,2026-08-27 11:34:13.556736+00
7019ea70-8177-441c-8373-e03faf7e3e78,8783 5621 8877 0004,merchant_allocated,b64a2ee7-5fc4-434d-9b92-1fa730df2810,2026-09-09 05:29:06.233162+00,,,9c2a0db3-c7e6-4d04-8b65-6cb56ec6b9f7,2026-09-09 05:20:59.714662+00
701b549a-273e-47e7-9df6-37b29db5822d,8783 5621 8877 0260,merchant_allocated,b64a2ee7-5fc4-434d-9b92-1fa730df2810,2026-09-09 05:29:06.233162+00,,,9c2a0db3-c7e6-4d04-8b65-6cb56ec6b9f7,2026-09-09 05:20:59.714662+00
7036f26d-3154-4c09-90dd-2117e44e3929,8783 5621 8877 0447,merchant_allocated,b64a2ee7-5fc4-434d-9b92-1fa730df2810,2026-09-09 05:29:06.233162+00,,,9c2a0db3-c7e6-4d04-8b65-6cb56ec6b9f7,2026-09-09 05:20:59.714662+00
70582ec7-b7e8-407b-9f59-13458e04ff25,4555 8645 9367 0386,merchant_allocated,63c2aeec-7410-4c78-9a68-beb45b1c622c,2026-08-27 11:40:23.347781+00,,,9c2a0db3-c7e6-4d04-8b65-6cb56ec6b9f7,2026-08-27 11:34:13.556736+00
7066f4cc-e584-48fb-aeb7-b510f7c216d7,2176 6567 3333 0018,unassigned,,,,,9c2a0db3-c7e6-4d04-8b65-6cb56ec6b9f7,2026-09-03 09:06:17.550685+00
706f7c72-747b-4226-bd27-b1a3a7ca609c,2173 6567 3333 0035,merchant_allocated,c74f8bef-6fd7-40f2-a363-1daa167d0439,2026-09-03 09:31:57.289663+00,,,9c2a0db3-c7e6-4d04-8b65-6cb56ec6b9f7,2026-09-03 09:26:26.769933+00
708179bb-757f-4a70-aa06-e227394c8aad,8783 5621 8877 0184,merchant_allocated,b64a2ee7-5fc4-434d-9b92-1fa730df2810,2026-09-09 05:29:06.233162+00,,,9c2a0db3-c7e6-4d04-8b65-6cb56ec6b9f7,2026-09-09 05:20:59.714662+00
7095aa46-cec1-4d18-999c-6714e9a9a312,8667 7863 7616 0049,merchant_allocated,75eff299-f162-4427-8b08-04f404141ef9,2026-09-09 10:29:54.922115+00,,,9c2a0db3-c7e6-4d04-8b65-6cb56ec6b9f7,2026-09-09 10:16:46.810748+00
70a614e3-bd8c-45fa-80a9-da5ea46f8893,2173 6567 3333 0067,merchant_allocated,c74f8bef-6fd7-40f2-a363-1daa167d0439,2026-09-03 09:31:57.289663+00,,,9c2a0db3-c7e6-4d04-8b65-6cb56ec6b9f7,2026-09-03 09:26:26.769933+00
70d74c4f-1738-4bd2-be1d-d65bad0f278e,5656 7477 9399 0002,merchant_allocated,9f5a3fe4-f21f-4fed-beaf-67dcb9c6cffc,2026-07-22 09:15:44.905092+00,,,9c2a0db3-c7e6-4d04-8b65-6cb56ec6b9f7,2026-07-22 09:14:18.287281+00
71204f08-96a8-431a-b391-67400a8d024d,8783 5621 8877 0294,merchant_allocated,b64a2ee7-5fc4-434d-9b92-1fa730df2810,2026-09-09 05:29:06.233162+00,,,9c2a0db3-c7e6-4d04-8b65-6cb56ec6b9f7,2026-09-09 05:20:59.714662+00
712455d2-dfb5-425e-b2bf-f273724777c3,4555 8645 9367 0338,merchant_allocated,63c2aeec-7410-4c78-9a68-beb45b1c622c,2026-08-27 11:40:23.347781+00,,,9c2a0db3-c7e6-4d04-8b65-6cb56ec6b9f7,2026-08-27 11:34:13.556736+00
712eb575-6fbe-4ab2-a022-e4f29d0f63c7,2173 6567 3333 0374,merchant_allocated,c74f8bef-6fd7-40f2-a363-1daa167d0439,2026-09-03 09:31:57.289663+00,,,9c2a0db3-c7e6-4d04-8b65-6cb56ec6b9f7,2026-09-03 09:26:26.769933+00
714c1294-4c83-4c87-a14d-4169b435d5a3,8667 7863 7616 0010,merchant_allocated,75eff299-f162-4427-8b08-04f404141ef9,2026-09-09 10:29:54.922115+00,,,9c2a0db3-c7e6-4d04-8b65-6cb56ec6b9f7,2026-09-09 10:16:46.810748+00
7169c166-efd0-4ee8-9d78-fd679bc92214,8667 7863 7616 0194,merchant_allocated,75eff299-f162-4427-8b08-04f404141ef9,2026-09-09 10:29:54.922115+00,,,9c2a0db3-c7e6-4d04-8b65-6cb56ec6b9f7,2026-09-09 10:16:46.810748+00
717907a4-f972-4ee6-af6b-7000cbca874e,8667 7863 7616 0353,merchant_allocated,75eff299-f162-4427-8b08-04f404141ef9,2026-09-09 10:29:54.922115+00,,,9c2a0db3-c7e6-4d04-8b65-6cb56ec6b9f7,2026-09-09 10:16:46.810748+00
718b9468-fa6e-4f3a-a145-2e77396ee453,2176 6567 3333 0467,unassigned,,,,,9c2a0db3-c7e6-4d04-8b65-6cb56ec6b9f7,2026-09-03 09:06:17.550685+00
7195a665-4c01-4a96-9dff-1ab8b229a134,8783 5621 8877 0246,merchant_allocated,b64a2ee7-5fc4-434d-9b92-1fa730df2810,2026-09-09 05:29:06.233162+00,,,9c2a0db3-c7e6-4d04-8b65-6cb56ec6b9f7,2026-09-09 05:20:59.714662+00
71a9b103-2845-4085-988b-31ffed5b924d,8689 6453 5689 0037,merchant_allocated,bc3951f9-ff8c-436b-8322-e5dd6592ca4b,2026-09-05 05:47:39.366708+00,,,9c2a0db3-c7e6-4d04-8b65-6cb56ec6b9f7,2026-09-05 05:42:03.795053+00
71cab627-a415-4ae0-8b49-dbf403ec70a9,2176 6567 3333 0144,unassigned,,,,,9c2a0db3-c7e6-4d04-8b65-6cb56ec6b9f7,2026-09-03 09:06:17.550685+00
71d39af7-409b-4e17-a6b4-bb63a7f8e3ee,2176 6567 3333 0065,unassigned,,,,,9c2a0db3-c7e6-4d04-8b65-6cb56ec6b9f7,2026-09-03 09:06:17.550685+00
71e7b760-d147-4223-a78e-216884ac3ff8,8783 5621 8877 0426,merchant_allocated,b64a2ee7-5fc4-434d-9b92-1fa730df2810,2026-09-09 05:29:06.233162+00,,,9c2a0db3-c7e6-4d04-8b65-6cb56ec6b9f7,2026-09-09 05:20:59.714662+00
71f56f30-0a09-4bd7-bd9a-194fbdbce014,2176 6567 3333 0203,unassigned,,,,,9c2a0db3-c7e6-4d04-8b65-6cb56ec6b9f7,2026-09-03 09:06:17.550685+00
7200716f-64b0-438f-85b8-7fd7792f5c66,8667 7863 7616 0101,merchant_allocated,75eff299-f162-4427-8b08-04f404141ef9,2026-09-09 10:29:54.922115+00,,,9c2a0db3-c7e6-4d04-8b65-6cb56ec6b9f7,2026-09-09 10:16:46.810748+00
72088ea6-6301-4e43-a1c1-989a0f1e181b,8667 7863 7616 0152,merchant_allocated,75eff299-f162-4427-8b08-04f404141ef9,2026-09-09 10:29:54.922115+00,,,9c2a0db3-c7e6-4d04-8b65-6cb56ec6b9f7,2026-09-09 10:16:46.810748+00
721da3a3-f1b7-468d-ab5d-9cd852acd163,2176 6567 3333 0085,unassigned,,,,,9c2a0db3-c7e6-4d04-8b65-6cb56ec6b9f7,2026-09-03 09:06:17.550685+00
722f58eb-cd59-4eea-97c3-7262398823d8,8783 5621 8877 0342,merchant_allocated,b64a2ee7-5fc4-434d-9b92-1fa730df2810,2026-09-09 05:29:06.233162+00,,,9c2a0db3-c7e6-4d04-8b65-6cb56ec6b9f7,2026-09-09 05:20:59.714662+00
723d27ab-6678-4a07-a4f4-14bccb661c79,8667 7863 7616 0037,merchant_allocated,75eff299-f162-4427-8b08-04f404141ef9,2026-09-09 10:29:54.922115+00,,,9c2a0db3-c7e6-4d04-8b65-6cb56ec6b9f7,2026-09-09 10:16:46.810748+00
724c3de3-20de-4440-8847-faef3a70f7b3,8783 5621 8877 0109,merchant_allocated,b64a2ee7-5fc4-434d-9b92-1fa730df2810,2026-09-09 05:29:06.233162+00,,,9c2a0db3-c7e6-4d04-8b65-6cb56ec6b9f7,2026-09-09 05:20:59.714662+00
72533e2c-9e15-4898-8c64-1254f935e185,8783 5621 8877 0416,merchant_allocated,b64a2ee7-5fc4-434d-9b92-1fa730df2810,2026-09-09 05:29:06.233162+00,,,9c2a0db3-c7e6-4d04-8b65-6cb56ec6b9f7,2026-09-09 05:20:59.714662+00
725fe632-d538-47ff-83b8-dcbb83612747,2176 6567 3333 0471,unassigned,,,,,9c2a0db3-c7e6-4d04-8b65-6cb56ec6b9f7,2026-09-03 09:06:17.550685+00
72645b23-cb02-4c1d-99d3-d31c588cd35c,8783 5621 8877 0131,merchant_allocated,b64a2ee7-5fc4-434d-9b92-1fa730df2810,2026-09-09 05:29:06.233162+00,,,9c2a0db3-c7e6-4d04-8b65-6cb56ec6b9f7,2026-09-09 05:20:59.714662+00
7267533a-8866-4edf-916d-a91ffa66ef7c,8667 7863 7616 0367,merchant_allocated,75eff299-f162-4427-8b08-04f404141ef9,2026-09-09 10:29:54.922115+00,,,9c2a0db3-c7e6-4d04-8b65-6cb56ec6b9f7,2026-09-09 10:16:46.810748+00
726b0536-f2e5-4223-b905-a91450af3d4f,8667 7863 7616 0232,merchant_allocated,75eff299-f162-4427-8b08-04f404141ef9,2026-09-09 10:29:54.922115+00,,,9c2a0db3-c7e6-4d04-8b65-6cb56ec6b9f7,2026-09-09 10:16:46.810748+00
7275f794-c11c-4d9b-b2cb-8ac235ed6c75,8667 7863 7616 0112,merchant_allocated,75eff299-f162-4427-8b08-04f404141ef9,2026-09-09 10:29:54.922115+00,,,9c2a0db3-c7e6-4d04-8b65-6cb56ec6b9f7,2026-09-09 10:16:46.810748+00
727e2e25-6f9b-4727-98d9-8a83bcc64e2e,7567 5342 8633 0064,merchant_allocated,4bf2fb6b-bdf3-49d3-ac1b-1e6e746c6643,2026-07-21 16:11:58.441179+00,,,9c2a0db3-c7e6-4d04-8b65-6cb56ec6b9f7,2026-07-21 16:10:31.33396+00
72884ee7-4fe6-4577-8b7b-b749acb67a3c,8667 7863 7616 0409,merchant_allocated,75eff299-f162-4427-8b08-04f404141ef9,2026-09-09 10:29:54.922115+00,,,9c2a0db3-c7e6-4d04-8b65-6cb56ec6b9f7,2026-09-09 10:16:46.810748+00
72899dcf-a737-43e7-a34b-de7d7e7b05cd,2173 6567 3333 0172,merchant_allocated,c74f8bef-6fd7-40f2-a363-1daa167d0439,2026-09-03 09:31:57.289663+00,,,9c2a0db3-c7e6-4d04-8b65-6cb56ec6b9f7,2026-09-03 09:26:26.769933+00
7296dd34-a0fa-4394-a429-fad8bdb860e9,8783 5621 8877 0190,merchant_allocated,b64a2ee7-5fc4-434d-9b92-1fa730df2810,2026-09-09 05:29:06.233162+00,,,9c2a0db3-c7e6-4d04-8b65-6cb56ec6b9f7,2026-09-09 05:20:59.714662+00
72c5550c-6f98-4e91-b9db-26f0970a2e3d,2176 6567 3333 0325,unassigned,,,,,9c2a0db3-c7e6-4d04-8b65-6cb56ec6b9f7,2026-09-03 09:06:17.550685+00
72d11ffb-1d1a-4701-8659-78e2a8d4c720,2173 6567 3333 0495,merchant_allocated,c74f8bef-6fd7-40f2-a363-1daa167d0439,2026-09-03 09:31:57.289663+00,,,9c2a0db3-c7e6-4d04-8b65-6cb56ec6b9f7,2026-09-03 09:26:26.769933+00
72e06cf5-46ae-4f76-bed5-8b51b758e200,2176 6567 3333 0428,unassigned,,,,,9c2a0db3-c7e6-4d04-8b65-6cb56ec6b9f7,2026-09-03 09:06:17.550685+00
7303569e-d304-470d-b8fc-0bb745d85830,8783 5621 8877 0366,merchant_allocated,b64a2ee7-5fc4-434d-9b92-1fa730df2810,2026-09-09 05:29:06.233162+00,,,9c2a0db3-c7e6-4d04-8b65-6cb56ec6b9f7,2026-09-09 05:20:59.714662+00
7303635c-8e0f-434f-80ab-7cfc18b1f8bd,4555 8645 9367 0388,merchant_allocated,63c2aeec-7410-4c78-9a68-beb45b1c622c,2026-08-27 11:40:23.347781+00,,,9c2a0db3-c7e6-4d04-8b65-6cb56ec6b9f7,2026-08-27 11:34:13.556736+00
730f904b-8ede-45be-bcba-0395c6a494c0,4555 8645 9367 0212,merchant_allocated,63c2aeec-7410-4c78-9a68-beb45b1c622c,2026-08-27 11:40:23.347781+00,,,9c2a0db3-c7e6-4d04-8b65-6cb56ec6b9f7,2026-08-27 11:34:13.556736+00
731238f7-158d-45de-8a9c-b7bb0223ad46,8783 5621 8877 0152,merchant_allocated,b64a2ee7-5fc4-434d-9b92-1fa730df2810,2026-09-09 05:29:06.233162+00,,,9c2a0db3-c7e6-4d04-8b65-6cb56ec6b9f7,2026-09-09 05:20:59.714662+00
73224c7a-89c6-4ffd-a37b-32fafe8acdb4,8783 5621 8877 0341,merchant_allocated,b64a2ee7-5fc4-434d-9b92-1fa730df2810,2026-09-09 05:29:06.233162+00,,,9c2a0db3-c7e6-4d04-8b65-6cb56ec6b9f7,2026-09-09 05:20:59.714662+00
732255ac-39d2-4f5e-b9c3-e88dfdfa431b,8667 7863 7616 0375,merchant_allocated,75eff299-f162-4427-8b08-04f404141ef9,2026-09-09 10:29:54.922115+00,,,9c2a0db3-c7e6-4d04-8b65-6cb56ec6b9f7,2026-09-09 10:16:46.810748+00
7335b10d-46f9-44a1-a122-d2e30437abfe,4555 8645 9367 0385,merchant_allocated,63c2aeec-7410-4c78-9a68-beb45b1c622c,2026-08-27 11:40:23.347781+00,,,9c2a0db3-c7e6-4d04-8b65-6cb56ec6b9f7,2026-08-27 11:34:13.556736+00
739e651a-6a99-4ad2-877c-f7ef793ddbd3,2176 6567 3333 0390,unassigned,,,,,9c2a0db3-c7e6-4d04-8b65-6cb56ec6b9f7,2026-09-03 09:06:17.550685+00
73a7950f-92a9-4f64-b7bc-4d6da5bc6896,4555 8645 9367 0088,merchant_allocated,63c2aeec-7410-4c78-9a68-beb45b1c622c,2026-08-27 11:40:23.347781+00,,,9c2a0db3-c7e6-4d04-8b65-6cb56ec6b9f7,2026-08-27 11:34:13.556736+00
73a82a2f-7a80-4d7a-93cb-210c738f1ca4,8689 6453 5689 0060,merchant_allocated,bc3951f9-ff8c-436b-8322-e5dd6592ca4b,2026-09-05 05:47:39.366708+00,,,9c2a0db3-c7e6-4d04-8b65-6cb56ec6b9f7,2026-09-05 05:42:03.795053+00
73b801a5-7b19-43e2-bf11-c147941a1f42,2176 6567 3333 0264,unassigned,,,,,9c2a0db3-c7e6-4d04-8b65-6cb56ec6b9f7,2026-09-03 09:06:17.550685+00
73c915e0-a174-436e-be91-c28795cf83cc,2176 6567 3333 0344,unassigned,,,,,9c2a0db3-c7e6-4d04-8b65-6cb56ec6b9f7,2026-09-03 09:06:17.550685+00
73cb2de4-ede7-4195-a961-a111cc361571,8783 5621 8877 0346,merchant_allocated,b64a2ee7-5fc4-434d-9b92-1fa730df2810,2026-09-09 05:29:06.233162+00,,,9c2a0db3-c7e6-4d04-8b65-6cb56ec6b9f7,2026-09-09 05:20:59.714662+00
73eb9970-811a-4beb-aec3-2a43788f6bcd,8783 5621 8877 0237,merchant_allocated,b64a2ee7-5fc4-434d-9b92-1fa730df2810,2026-09-09 05:29:06.233162+00,,,9c2a0db3-c7e6-4d04-8b65-6cb56ec6b9f7,2026-09-09 05:20:59.714662+00
73f988cf-5d46-45cc-8efb-9c1fb39ff414,8667 7863 7616 0267,merchant_allocated,75eff299-f162-4427-8b08-04f404141ef9,2026-09-09 10:29:54.922115+00,,,9c2a0db3-c7e6-4d04-8b65-6cb56ec6b9f7,2026-09-09 10:16:46.810748+00
745e3e99-32cc-453c-a9d8-6f4fed92fef6,8783 5621 8877 0315,merchant_allocated,b64a2ee7-5fc4-434d-9b92-1fa730df2810,2026-09-09 05:29:06.233162+00,,,9c2a0db3-c7e6-4d04-8b65-6cb56ec6b9f7,2026-09-09 05:20:59.714662+00
74a48b74-0a83-4aac-8e72-41888f2623b7,2176 6567 3333 0331,unassigned,,,,,9c2a0db3-c7e6-4d04-8b65-6cb56ec6b9f7,2026-09-03 09:06:17.550685+00
74a8a234-983e-4a1a-8397-f2fb6d76d788,2176 6567 3333 0193,unassigned,,,,,9c2a0db3-c7e6-4d04-8b65-6cb56ec6b9f7,2026-09-03 09:06:17.550685+00
74cf443f-1e8c-45af-9a96-4cd082c76a07,8689 6453 5689 0014,merchant_allocated,bc3951f9-ff8c-436b-8322-e5dd6592ca4b,2026-09-05 05:47:39.366708+00,,,9c2a0db3-c7e6-4d04-8b65-6cb56ec6b9f7,2026-09-05 05:42:03.795053+00
74e4f3e3-4ad9-43ba-b309-7c52fd3ab445,8689 6453 5689 0001,member_linked,bc3951f9-ff8c-436b-8322-e5dd6592ca4b,2026-09-05 05:47:39.366708+00,e7ad0bde-6849-4da0-996a-f7ab60f4ae3f,2026-09-07 12:20:18.753843+00,9c2a0db3-c7e6-4d04-8b65-6cb56ec6b9f7,2026-09-05 05:42:03.795053+00
7504d975-c682-4a1a-877e-9a6e84083b5f,2176 6567 3333 0143,unassigned,,,,,9c2a0db3-c7e6-4d04-8b65-6cb56ec6b9f7,2026-09-03 09:06:17.550685+00
75288fec-8875-4753-be4a-55bfcf44bb6a,8783 5621 8877 0024,merchant_allocated,b64a2ee7-5fc4-434d-9b92-1fa730df2810,2026-09-09 05:29:06.233162+00,,,9c2a0db3-c7e6-4d04-8b65-6cb56ec6b9f7,2026-09-09 05:20:59.714662+00
75372638-5f0a-4008-9b48-2a2984b4eb8d,2176 6567 3333 0190,unassigned,,,,,9c2a0db3-c7e6-4d04-8b65-6cb56ec6b9f7,2026-09-03 09:06:17.550685+00
7547be78-9182-4802-beec-d54dcb245962,8783 5621 8877 0432,merchant_allocated,b64a2ee7-5fc4-434d-9b92-1fa730df2810,2026-09-09 05:29:06.233162+00,,,9c2a0db3-c7e6-4d04-8b65-6cb56ec6b9f7,2026-09-09 05:20:59.714662+00
7562b909-6c47-4fa7-9b1a-f761a874131c,8689 6453 5689 0055,merchant_allocated,bc3951f9-ff8c-436b-8322-e5dd6592ca4b,2026-09-05 05:47:39.366708+00,,,9c2a0db3-c7e6-4d04-8b65-6cb56ec6b9f7,2026-09-05 05:42:03.795053+00
7572991f-d5c6-480d-9d79-1b6d3b1fedf7,2173 6567 3333 0202,merchant_allocated,c74f8bef-6fd7-40f2-a363-1daa167d0439,2026-09-03 09:31:57.289663+00,,,9c2a0db3-c7e6-4d04-8b65-6cb56ec6b9f7,2026-09-03 09:26:26.769933+00
758184df-16a4-4cb3-98ff-7480bf19fa9d,8783 5621 8877 0075,merchant_allocated,b64a2ee7-5fc4-434d-9b92-1fa730df2810,2026-09-09 05:29:06.233162+00,,,9c2a0db3-c7e6-4d04-8b65-6cb56ec6b9f7,2026-09-09 05:20:59.714662+00
75b3f0bb-b3ab-4903-964e-443d3db5b644,4555 8645 9367 0007,member_linked,63c2aeec-7410-4c78-9a68-beb45b1c622c,2026-08-27 11:40:23.347781+00,5b59fa54-2745-4d23-924e-c23b7cf51780,2026-09-23 14:11:34.332867+00,9c2a0db3-c7e6-4d04-8b65-6cb56ec6b9f7,2026-08-27 11:34:13.556736+00
75c0ae00-78a9-442a-bfe1-98ec0eb7f381,4555 8645 9367 0363,merchant_allocated,63c2aeec-7410-4c78-9a68-beb45b1c622c,2026-08-27 11:40:23.347781+00,,,9c2a0db3-c7e6-4d04-8b65-6cb56ec6b9f7,2026-08-27 11:34:13.556736+00
75c26fc0-5d85-4157-8d19-4c9456b0d570,8783 5621 8877 0498,merchant_allocated,b64a2ee7-5fc4-434d-9b92-1fa730df2810,2026-09-09 05:29:06.233162+00,,,9c2a0db3-c7e6-4d04-8b65-6cb56ec6b9f7,2026-09-09 05:20:59.714662+00
75ccca50-2653-453b-9eef-4c561fd5ff76,2176 6567 3333 0403,unassigned,,,,,9c2a0db3-c7e6-4d04-8b65-6cb56ec6b9f7,2026-09-03 09:06:17.550685+00
7606512d-728b-4fbb-9ef2-8d26bc2297a9,2176 6567 3333 0196,unassigned,,,,,9c2a0db3-c7e6-4d04-8b65-6cb56ec6b9f7,2026-09-03 09:06:17.550685+00
761a8eb0-8e3c-4a96-9a4a-4c3e71d4b23b,2173 6567 3333 0273,merchant_allocated,c74f8bef-6fd7-40f2-a363-1daa167d0439,2026-09-03 09:31:57.289663+00,,,9c2a0db3-c7e6-4d04-8b65-6cb56ec6b9f7,2026-09-03 09:26:26.769933+00
765b2b51-2808-47ef-b26c-943f03ab5c0f,8667 7863 7616 0488,merchant_allocated,75eff299-f162-4427-8b08-04f404141ef9,2026-09-09 10:29:54.922115+00,,,9c2a0db3-c7e6-4d04-8b65-6cb56ec6b9f7,2026-09-09 10:16:46.810748+00
768fedc9-fa44-4880-a5c1-ae1bd4aa44eb,2176 6567 3333 0281,unassigned,,,,,9c2a0db3-c7e6-4d04-8b65-6cb56ec6b9f7,2026-09-03 09:06:17.550685+00
7692664c-062e-4cf4-8b0e-b4989072d7da,2176 6567 3333 0499,unassigned,,,,,9c2a0db3-c7e6-4d04-8b65-6cb56ec6b9f7,2026-09-03 09:06:17.550685+00
76d68402-dbd7-4bbf-8a74-461b90060a76,8667 7863 7616 0350,merchant_allocated,75eff299-f162-4427-8b08-04f404141ef9,2026-09-09 10:29:54.922115+00,,,9c2a0db3-c7e6-4d04-8b65-6cb56ec6b9f7,2026-09-09 10:16:46.810748+00
76ffffdf-34eb-4b9f-a8cf-40e16e009df0,2173 6567 3333 0098,merchant_allocated,c74f8bef-6fd7-40f2-a363-1daa167d0439,2026-09-03 09:31:57.289663+00,,,9c2a0db3-c7e6-4d04-8b65-6cb56ec6b9f7,2026-09-03 09:26:26.769933+00
770a6916-549c-4c17-ac53-f16d47172ff5,8783 5621 8877 0245,merchant_allocated,b64a2ee7-5fc4-434d-9b92-1fa730df2810,2026-09-09 05:29:06.233162+00,,,9c2a0db3-c7e6-4d04-8b65-6cb56ec6b9f7,2026-09-09 05:20:59.714662+00
77113e64-5860-47e5-a295-ec1a008b9dbb,8783 5621 8877 0492,merchant_allocated,b64a2ee7-5fc4-434d-9b92-1fa730df2810,2026-09-09 05:29:06.233162+00,,,9c2a0db3-c7e6-4d04-8b65-6cb56ec6b9f7,2026-09-09 05:20:59.714662+00
77117fa1-f106-43f7-838b-b57cb016d2c7,4555 8645 9367 0376,merchant_allocated,63c2aeec-7410-4c78-9a68-beb45b1c622c,2026-08-27 11:40:23.347781+00,,,9c2a0db3-c7e6-4d04-8b65-6cb56ec6b9f7,2026-08-27 11:34:13.556736+00
77217668-d17c-4f5d-bd6f-06414ebc4f9e,2173 6567 3333 0433,merchant_allocated,c74f8bef-6fd7-40f2-a363-1daa167d0439,2026-09-03 09:31:57.289663+00,,,9c2a0db3-c7e6-4d04-8b65-6cb56ec6b9f7,2026-09-03 09:26:26.769933+00
772e28f7-0000-4a3d-a7ba-5e452c1f6274,7567 5342 8633 0060,merchant_allocated,4bf2fb6b-bdf3-49d3-ac1b-1e6e746c6643,2026-07-21 16:11:58.441179+00,,,9c2a0db3-c7e6-4d04-8b65-6cb56ec6b9f7,2026-07-21 16:10:31.33396+00
77441379-b1b9-47ab-b9e2-a6c7e6896f0b,2173 6567 3333 0154,merchant_allocated,c74f8bef-6fd7-40f2-a363-1daa167d0439,2026-09-03 09:31:57.289663+00,,,9c2a0db3-c7e6-4d04-8b65-6cb56ec6b9f7,2026-09-03 09:26:26.769933+00
775a7a85-6905-4c08-937c-13f7049865f1,4555 8645 9367 0401,merchant_allocated,63c2aeec-7410-4c78-9a68-beb45b1c622c,2026-08-27 11:40:23.347781+00,,,9c2a0db3-c7e6-4d04-8b65-6cb56ec6b9f7,2026-08-27 11:34:13.556736+00
775cbdc5-fa9f-4c51-bc57-170a5219491d,2173 6567 3333 0343,merchant_allocated,c74f8bef-6fd7-40f2-a363-1daa167d0439,2026-09-03 09:31:57.289663+00,,,9c2a0db3-c7e6-4d04-8b65-6cb56ec6b9f7,2026-09-03 09:26:26.769933+00
776a94b5-f357-491f-8993-e439497c22a6,8783 5621 8877 0299,merchant_allocated,b64a2ee7-5fc4-434d-9b92-1fa730df2810,2026-09-09 05:29:06.233162+00,,,9c2a0db3-c7e6-4d04-8b65-6cb56ec6b9f7,2026-09-09 05:20:59.714662+00
776ab91d-4bcb-4ef7-ae69-d7db223ae7be,4555 8645 9367 0230,merchant_allocated,63c2aeec-7410-4c78-9a68-beb45b1c622c,2026-08-27 11:40:23.347781+00,,,9c2a0db3-c7e6-4d04-8b65-6cb56ec6b9f7,2026-08-27 11:34:13.556736+00
778bb3a0-3072-4d85-8d0c-b8aa69030fc1,4555 8645 9367 0160,merchant_allocated,63c2aeec-7410-4c78-9a68-beb45b1c622c,2026-08-27 11:40:23.347781+00,,,9c2a0db3-c7e6-4d04-8b65-6cb56ec6b9f7,2026-08-27 11:34:13.556736+00
779ba431-6ac3-4392-afeb-c3a8f9b010ac,4555 8645 9367 0227,merchant_allocated,63c2aeec-7410-4c78-9a68-beb45b1c622c,2026-08-27 11:40:23.347781+00,,,9c2a0db3-c7e6-4d04-8b65-6cb56ec6b9f7,2026-08-27 11:34:13.556736+00
779d62ea-9467-4dee-b42c-6f4ba3989209,2173 6567 3333 0188,merchant_allocated,c74f8bef-6fd7-40f2-a363-1daa167d0439,2026-09-03 09:31:57.289663+00,,,9c2a0db3-c7e6-4d04-8b65-6cb56ec6b9f7,2026-09-03 09:26:26.769933+00
77ea65e9-4212-47a8-a647-11e2c9133e73,8783 5621 8877 0431,merchant_allocated,b64a2ee7-5fc4-434d-9b92-1fa730df2810,2026-09-09 05:29:06.233162+00,,,9c2a0db3-c7e6-4d04-8b65-6cb56ec6b9f7,2026-09-09 05:20:59.714662+00
781a13e0-1224-46f8-aa0a-cede5edbe0da,4821 6739 0000 0800,merchant_allocated,merch_  6,2026-07-28 06:48:05.660888+00,,,9c2a0db3-c7e6-4d04-8b65-6cb56ec6b9f7,2026-07-28 06:47:38.92065+00
781a4c57-fa3f-40e7-a323-7d747ee41d4d,4821 6739 0000 4800,merchant_allocated,merch_  6,2026-07-28 06:48:05.660888+00,,,9c2a0db3-c7e6-4d04-8b65-6cb56ec6b9f7,2026-07-28 06:47:38.92065+00
78311603-71a8-4480-979a-55d51389a620,2176 6567 3333 0182,unassigned,,,,,9c2a0db3-c7e6-4d04-8b65-6cb56ec6b9f7,2026-09-03 09:06:17.550685+00
7856f758-7706-4826-a95c-4eb4d8377f81,8689 6453 5689 0081,merchant_allocated,bc3951f9-ff8c-436b-8322-e5dd6592ca4b,2026-09-05 05:47:39.366708+00,,,9c2a0db3-c7e6-4d04-8b65-6cb56ec6b9f7,2026-09-05 05:42:03.795053+00
7861a029-d5ce-479c-97fb-14e26cc5ef04,8783 5621 8877 0125,merchant_allocated,b64a2ee7-5fc4-434d-9b92-1fa730df2810,2026-09-09 05:29:06.233162+00,,,9c2a0db3-c7e6-4d04-8b65-6cb56ec6b9f7,2026-09-09 05:20:59.714662+00
7867bae2-2280-4a68-b9a7-b3295c799609,4555 8645 9367 0247,merchant_allocated,63c2aeec-7410-4c78-9a68-beb45b1c622c,2026-08-27 11:40:23.347781+00,,,9c2a0db3-c7e6-4d04-8b65-6cb56ec6b9f7,2026-08-27 11:34:13.556736+00
78766af9-b3c7-49b5-ad9e-116a06f79669,2176 6567 3333 0041,unassigned,,,,,9c2a0db3-c7e6-4d04-8b65-6cb56ec6b9f7,2026-09-03 09:06:17.550685+00
7890f0f3-5cd9-4607-9e84-87e4140a5051,2173 6567 3333 0072,merchant_allocated,c74f8bef-6fd7-40f2-a363-1daa167d0439,2026-09-03 09:31:57.289663+00,,,9c2a0db3-c7e6-4d04-8b65-6cb56ec6b9f7,2026-09-03 09:26:26.769933+00
78a6df7f-995a-4e80-a66b-3a6627a3cfe2,2176 6567 3333 0162,unassigned,,,,,9c2a0db3-c7e6-4d04-8b65-6cb56ec6b9f7,2026-09-03 09:06:17.550685+00
78f0fffe-d28b-4eb2-9217-1cf0a1e11092,8689 6453 5689 0072,merchant_allocated,bc3951f9-ff8c-436b-8322-e5dd6592ca4b,2026-09-05 05:47:39.366708+00,,,9c2a0db3-c7e6-4d04-8b65-6cb56ec6b9f7,2026-09-05 05:42:03.795053+00
7944773c-7e4b-4e74-ab98-2252f8a39d3c,4555 8645 9367 0110,merchant_allocated,63c2aeec-7410-4c78-9a68-beb45b1c622c,2026-08-27 11:40:23.347781+00,,,9c2a0db3-c7e6-4d04-8b65-6cb56ec6b9f7,2026-08-27 11:34:13.556736+00
794f69cf-8c73-4128-bd23-c5f46fe4adaa,2176 6567 3333 0449,unassigned,,,,,9c2a0db3-c7e6-4d04-8b65-6cb56ec6b9f7,2026-09-03 09:06:17.550685+00
7953df1a-f298-4a16-8821-aeab8da39306,2173 6567 3333 0196,merchant_allocated,c74f8bef-6fd7-40f2-a363-1daa167d0439,2026-09-03 09:31:57.289663+00,,,9c2a0db3-c7e6-4d04-8b65-6cb56ec6b9f7,2026-09-03 09:26:26.769933+00
795f03c5-c9f3-4054-8aac-346d41667552,2173 6567 3333 0054,merchant_allocated,c74f8bef-6fd7-40f2-a363-1daa167d0439,2026-09-03 09:31:57.289663+00,,,9c2a0db3-c7e6-4d04-8b65-6cb56ec6b9f7,2026-09-03 09:26:26.769933+00
7962ab94-6287-435e-8ce0-418fcf2cb2ce,2173 6567 3333 0355,merchant_allocated,c74f8bef-6fd7-40f2-a363-1daa167d0439,2026-09-03 09:31:57.289663+00,,,9c2a0db3-c7e6-4d04-8b65-6cb56ec6b9f7,2026-09-03 09:26:26.769933+00
798a13d9-969a-4d44-af8e-a0f90e407961,8689 6453 5689 0008,merchant_allocated,bc3951f9-ff8c-436b-8322-e5dd6592ca4b,2026-09-05 05:47:39.366708+00,,,9c2a0db3-c7e6-4d04-8b65-6cb56ec6b9f7,2026-09-05 05:42:03.795053+00
7999defa-069c-4386-86b8-a23c92113092,8667 7863 7616 0242,merchant_allocated,75eff299-f162-4427-8b08-04f404141ef9,2026-09-09 10:29:54.922115+00,,,9c2a0db3-c7e6-4d04-8b65-6cb56ec6b9f7,2026-09-09 10:16:46.810748+00
79a6ce90-1eff-493a-b217-24a2a39ed60a,8783 5621 8877 0145,merchant_allocated,b64a2ee7-5fc4-434d-9b92-1fa730df2810,2026-09-09 05:29:06.233162+00,,,9c2a0db3-c7e6-4d04-8b65-6cb56ec6b9f7,2026-09-09 05:20:59.714662+00
79b68765-b1f4-479b-b99f-8af9e7add597,4555 8645 9367 0141,merchant_allocated,63c2aeec-7410-4c78-9a68-beb45b1c622c,2026-08-27 11:40:23.347781+00,,,9c2a0db3-c7e6-4d04-8b65-6cb56ec6b9f7,2026-08-27 11:34:13.556736+00
79d78bb7-f868-4820-beab-fe9c39dbd92f,4555 8645 9367 0430,merchant_allocated,63c2aeec-7410-4c78-9a68-beb45b1c622c,2026-08-27 11:40:23.347781+00,,,9c2a0db3-c7e6-4d04-8b65-6cb56ec6b9f7,2026-08-27 11:34:13.556736+00
79e59029-979f-419c-8873-a1e62355fb10,2176 6567 3333 0318,unassigned,,,,,9c2a0db3-c7e6-4d04-8b65-6cb56ec6b9f7,2026-09-03 09:06:17.550685+00
79eb02a0-3a63-4fca-a5b9-b8590a592856,4555 8645 9367 0444,merchant_allocated,63c2aeec-7410-4c78-9a68-beb45b1c622c,2026-08-27 11:40:23.347781+00,,,9c2a0db3-c7e6-4d04-8b65-6cb56ec6b9f7,2026-08-27 11:34:13.556736+00
79ef02cd-4aa2-4725-8cfb-bcaea11f0c1f,2173 6567 3333 0016,member_linked,c74f8bef-6fd7-40f2-a363-1daa167d0439,2026-09-03 09:31:57.289663+00,ba0641c0-3be8-4f62-b54e-39c327186927,2026-09-28 17:18:47.988561+00,9c2a0db3-c7e6-4d04-8b65-6cb56ec6b9f7,2026-09-03 09:26:26.769933+00
79f87ede-d139-4a7d-b9be-969479b5d22d,2176 6567 3333 0001,unassigned,,,,,9c2a0db3-c7e6-4d04-8b65-6cb56ec6b9f7,2026-09-03 09:06:17.550685+00
79fc20ef-1349-4a61-87cb-560465cf5fc6,8783 5621 8877 0256,merchant_allocated,b64a2ee7-5fc4-434d-9b92-1fa730df2810,2026-09-09 05:29:06.233162+00,,,9c2a0db3-c7e6-4d04-8b65-6cb56ec6b9f7,2026-09-09 05:20:59.714662+00
7a0e911a-1350-4c31-95eb-dfe535aedbc1,8783 5621 8877 0357,merchant_allocated,b64a2ee7-5fc4-434d-9b92-1fa730df2810,2026-09-09 05:29:06.233162+00,,,9c2a0db3-c7e6-4d04-8b65-6cb56ec6b9f7,2026-09-09 05:20:59.714662+00
7a496b3f-0830-4f56-8bba-4151aef0bb65,8667 7863 7616 0297,merchant_allocated,75eff299-f162-4427-8b08-04f404141ef9,2026-09-09 10:29:54.922115+00,,,9c2a0db3-c7e6-4d04-8b65-6cb56ec6b9f7,2026-09-09 10:16:46.810748+00
7a90753d-69f3-4e4b-b430-b4bd660b083b,2176 6567 3333 0105,unassigned,,,,,9c2a0db3-c7e6-4d04-8b65-6cb56ec6b9f7,2026-09-03 09:06:17.550685+00
7ab3e549-540e-4542-98af-0309d35b17f0,2173 6567 3333 0429,merchant_allocated,c74f8bef-6fd7-40f2-a363-1daa167d0439,2026-09-03 09:31:57.289663+00,,,9c2a0db3-c7e6-4d04-8b65-6cb56ec6b9f7,2026-09-03 09:26:26.769933+00
7ac56f87-9541-4359-9ccf-aa5bb2f568ad,2173 6567 3333 0303,merchant_allocated,c74f8bef-6fd7-40f2-a363-1daa167d0439,2026-09-03 09:31:57.289663+00,,,9c2a0db3-c7e6-4d04-8b65-6cb56ec6b9f7,2026-09-03 09:26:26.769933+00
7ac97aea-8797-40ef-8789-befa6c2fedbe,8783 5621 8877 0388,merchant_allocated,b64a2ee7-5fc4-434d-9b92-1fa730df2810,2026-09-09 05:29:06.233162+00,,,9c2a0db3-c7e6-4d04-8b65-6cb56ec6b9f7,2026-09-09 05:20:59.714662+00
7acdf6b5-e651-4159-adf1-c4f29cefed45,8667 7863 7616 0069,merchant_allocated,75eff299-f162-4427-8b08-04f404141ef9,2026-09-09 10:29:54.922115+00,,,9c2a0db3-c7e6-4d04-8b65-6cb56ec6b9f7,2026-09-09 10:16:46.810748+00
7adbe170-8ede-453a-91f6-f810f768b2e8,4555 8645 9367 0460,merchant_allocated,63c2aeec-7410-4c78-9a68-beb45b1c622c,2026-08-27 11:40:23.347781+00,,,9c2a0db3-c7e6-4d04-8b65-6cb56ec6b9f7,2026-08-27 11:34:13.556736+00
7ae7f476-75cd-4d97-aba7-04a64e96d1ba,4555 8645 9367 0169,merchant_allocated,63c2aeec-7410-4c78-9a68-beb45b1c622c,2026-08-27 11:40:23.347781+00,,,9c2a0db3-c7e6-4d04-8b65-6cb56ec6b9f7,2026-08-27 11:34:13.556736+00
7b2828c6-3de6-4f9e-bbf2-ccc95a3a1800,6635 8773 8388 0001,unassigned,,,,,9c2a0db3-c7e6-4d04-8b65-6cb56ec6b9f7,2026-08-19 07:38:00.609926+00
7b309395-b26d-4e2e-9233-c71f413b688c,8783 5621 8877 0338,merchant_allocated,b64a2ee7-5fc4-434d-9b92-1fa730df2810,2026-09-09 05:29:06.233162+00,,,9c2a0db3-c7e6-4d04-8b65-6cb56ec6b9f7,2026-09-09 05:20:59.714662+00
7b43e0e7-12c9-42d9-afdb-e6f4683b1858,4821 4444 0000 2800,merchant_allocated,merch_  7,2026-08-03 17:46:28.931088+00,,,9c2a0db3-c7e6-4d04-8b65-6cb56ec6b9f7,2026-08-03 17:45:59.017505+00
7b6d64fd-ec49-4488-b953-b6b1e35f6a06,2173 6567 3333 0465,merchant_allocated,c74f8bef-6fd7-40f2-a363-1daa167d0439,2026-09-03 09:31:57.289663+00,,,9c2a0db3-c7e6-4d04-8b65-6cb56ec6b9f7,2026-09-03 09:26:26.769933+00
7b8b459f-21e9-46af-8483-43b76e757e20,2176 6567 3333 0199,unassigned,,,,,9c2a0db3-c7e6-4d04-8b65-6cb56ec6b9f7,2026-09-03 09:06:17.550685+00
7be64337-8428-479e-b1dd-45d96d06aa19,2173 6567 3333 0330,merchant_allocated,c74f8bef-6fd7-40f2-a363-1daa167d0439,2026-09-03 09:31:57.289663+00,,,9c2a0db3-c7e6-4d04-8b65-6cb56ec6b9f7,2026-09-03 09:26:26.769933+00
7bec5990-f69f-4db9-9d51-ba5a9ea238cc,4555 8645 9367 0428,merchant_allocated,63c2aeec-7410-4c78-9a68-beb45b1c622c,2026-08-27 11:40:23.347781+00,,,9c2a0db3-c7e6-4d04-8b65-6cb56ec6b9f7,2026-08-27 11:34:13.556736+00
7c3b2f9c-0a37-4037-8b85-03544fb9d3ef,8667 7863 7616 0127,merchant_allocated,75eff299-f162-4427-8b08-04f404141ef9,2026-09-09 10:29:54.922115+00,,,9c2a0db3-c7e6-4d04-8b65-6cb56ec6b9f7,2026-09-09 10:16:46.810748+00
7c834ccb-b5a1-4afd-96ca-eae9a9467acb,2176 6567 3333 0338,unassigned,,,,,9c2a0db3-c7e6-4d04-8b65-6cb56ec6b9f7,2026-09-03 09:06:17.550685+00
7ca70e4c-d098-4c32-8060-8aaf81efd2c4,8667 7863 7616 0308,merchant_allocated,75eff299-f162-4427-8b08-04f404141ef9,2026-09-09 10:29:54.922115+00,,,9c2a0db3-c7e6-4d04-8b65-6cb56ec6b9f7,2026-09-09 10:16:46.810748+00
7cbd9ba4-8315-458b-adf4-a1b349367a7f,4555 8645 9367 0180,merchant_allocated,63c2aeec-7410-4c78-9a68-beb45b1c622c,2026-08-27 11:40:23.347781+00,,,9c2a0db3-c7e6-4d04-8b65-6cb56ec6b9f7,2026-08-27 11:34:13.556736+00
7cc131b9-a8fb-4768-8900-7f4d0a1a2cee,7567 5342 8633 0091,merchant_allocated,4bf2fb6b-bdf3-49d3-ac1b-1e6e746c6643,2026-07-21 16:11:58.441179+00,,,9c2a0db3-c7e6-4d04-8b65-6cb56ec6b9f7,2026-07-21 16:10:31.33396+00
7cd4c6f6-1952-4501-befa-03a18387c7c2,8783 5621 8877 0272,merchant_allocated,b64a2ee7-5fc4-434d-9b92-1fa730df2810,2026-09-09 05:29:06.233162+00,,,9c2a0db3-c7e6-4d04-8b65-6cb56ec6b9f7,2026-09-09 05:20:59.714662+00
7ce467aa-bf66-4d23-9e8a-030637e1dc55,4555 8645 9367 0129,merchant_allocated,63c2aeec-7410-4c78-9a68-beb45b1c622c,2026-08-27 11:40:23.347781+00,,,9c2a0db3-c7e6-4d04-8b65-6cb56ec6b9f7,2026-08-27 11:34:13.556736+00
7cfd007f-6818-4791-ab7a-51ca165fbc64,8689 6453 5689 0068,merchant_allocated,bc3951f9-ff8c-436b-8322-e5dd6592ca4b,2026-09-05 05:47:39.366708+00,,,9c2a0db3-c7e6-4d04-8b65-6cb56ec6b9f7,2026-09-05 05:42:03.795053+00
7d08314e-38b7-4226-af6e-b93bda11ea17,4555 8645 9367 0398,merchant_allocated,63c2aeec-7410-4c78-9a68-beb45b1c622c,2026-08-27 11:40:23.347781+00,,,9c2a0db3-c7e6-4d04-8b65-6cb56ec6b9f7,2026-08-27 11:34:13.556736+00
7d3dffbf-3081-42f1-a39f-556860cc8211,4555 8645 9367 0424,merchant_allocated,63c2aeec-7410-4c78-9a68-beb45b1c622c,2026-08-27 11:40:23.347781+00,,,9c2a0db3-c7e6-4d04-8b65-6cb56ec6b9f7,2026-08-27 11:34:13.556736+00
7d6f726f-1a6d-4284-8e51-4119ae6806f8,8783 5621 8877 0300,merchant_allocated,b64a2ee7-5fc4-434d-9b92-1fa730df2810,2026-09-09 05:29:06.233162+00,,,9c2a0db3-c7e6-4d04-8b65-6cb56ec6b9f7,2026-09-09 05:20:59.714662+00
7d8a1056-893c-4ada-a539-88b74d3b1eb7,2176 6567 3333 0445,unassigned,,,,,9c2a0db3-c7e6-4d04-8b65-6cb56ec6b9f7,2026-09-03 09:06:17.550685+00
7d9d4b64-09d8-4855-90e8-9795035e2e16,2173 6567 3333 0449,merchant_allocated,c74f8bef-6fd7-40f2-a363-1daa167d0439,2026-09-03 09:31:57.289663+00,,,9c2a0db3-c7e6-4d04-8b65-6cb56ec6b9f7,2026-09-03 09:26:26.769933+00
7d9e130c-9167-43ca-86e7-463acd90b59e,2173 6567 3333 0372,merchant_allocated,c74f8bef-6fd7-40f2-a363-1daa167d0439,2026-09-03 09:31:57.289663+00,,,9c2a0db3-c7e6-4d04-8b65-6cb56ec6b9f7,2026-09-03 09:26:26.769933+00
7db1cd56-e890-4015-be69-3e2e59a34184,8667 7863 7616 0128,merchant_allocated,75eff299-f162-4427-8b08-04f404141ef9,2026-09-09 10:29:54.922115+00,,,9c2a0db3-c7e6-4d04-8b65-6cb56ec6b9f7,2026-09-09 10:16:46.810748+00
7db43d60-03cb-4ca0-b86c-a5116e34834c,8783 5621 8877 0284,merchant_allocated,b64a2ee7-5fc4-434d-9b92-1fa730df2810,2026-09-09 05:29:06.233162+00,,,9c2a0db3-c7e6-4d04-8b65-6cb56ec6b9f7,2026-09-09 05:20:59.714662+00
7dbe96d1-e1ee-4ff3-a9e0-ea5176301e65,4821 6739 0000 1000,merchant_allocated,merch_  6,2026-07-28 06:48:05.660888+00,,,9c2a0db3-c7e6-4d04-8b65-6cb56ec6b9f7,2026-07-28 06:47:38.92065+00
7dcc43b5-a0e7-4ff1-8748-801ccfc43f78,2173 6567 3333 0148,merchant_allocated,c74f8bef-6fd7-40f2-a363-1daa167d0439,2026-09-03 09:31:57.289663+00,,,9c2a0db3-c7e6-4d04-8b65-6cb56ec6b9f7,2026-09-03 09:26:26.769933+00
7dd5acf2-6764-40aa-8687-b6539d3591a1,2173 6567 3333 0032,merchant_allocated,c74f8bef-6fd7-40f2-a363-1daa167d0439,2026-09-03 09:31:57.289663+00,,,9c2a0db3-c7e6-4d04-8b65-6cb56ec6b9f7,2026-09-03 09:26:26.769933+00
7de14429-8124-4006-ae5d-a5ad775d84fd,2176 6567 3333 0067,unassigned,,,,,9c2a0db3-c7e6-4d04-8b65-6cb56ec6b9f7,2026-09-03 09:06:17.550685+00
7df76937-1bab-4645-b290-ec0662eb6101,2173 6567 3333 0493,merchant_allocated,c74f8bef-6fd7-40f2-a363-1daa167d0439,2026-09-03 09:31:57.289663+00,,,9c2a0db3-c7e6-4d04-8b65-6cb56ec6b9f7,2026-09-03 09:26:26.769933+00
7dfb1558-ddf3-4709-8e76-d94f80572b01,8667 7863 7616 0091,merchant_allocated,75eff299-f162-4427-8b08-04f404141ef9,2026-09-09 10:29:54.922115+00,,,9c2a0db3-c7e6-4d04-8b65-6cb56ec6b9f7,2026-09-09 10:16:46.810748+00
7e50d4ca-a13c-4145-b326-5d446502df76,8783 5621 8877 0319,merchant_allocated,b64a2ee7-5fc4-434d-9b92-1fa730df2810,2026-09-09 05:29:06.233162+00,,,9c2a0db3-c7e6-4d04-8b65-6cb56ec6b9f7,2026-09-09 05:20:59.714662+00
7e98941e-1811-4921-9b1e-5c0f802c978f,2173 6567 3333 0087,merchant_allocated,c74f8bef-6fd7-40f2-a363-1daa167d0439,2026-09-03 09:31:57.289663+00,,,9c2a0db3-c7e6-4d04-8b65-6cb56ec6b9f7,2026-09-03 09:26:26.769933+00
7eb2d3af-41b1-41d4-ba85-1d6f99d9ba3a,2173 6567 3333 0221,merchant_allocated,c74f8bef-6fd7-40f2-a363-1daa167d0439,2026-09-03 09:31:57.289663+00,,,9c2a0db3-c7e6-4d04-8b65-6cb56ec6b9f7,2026-09-03 09:26:26.769933+00
7eb5cd17-42be-4a54-834b-80fc6741bd03,8783 5621 8877 0280,merchant_allocated,b64a2ee7-5fc4-434d-9b92-1fa730df2810,2026-09-09 05:29:06.233162+00,,,9c2a0db3-c7e6-4d04-8b65-6cb56ec6b9f7,2026-09-09 05:20:59.714662+00
7ebf1070-a082-436f-ac28-f89ab489d939,4555 8645 9367 0082,merchant_allocated,63c2aeec-7410-4c78-9a68-beb45b1c622c,2026-08-27 11:40:23.347781+00,,,9c2a0db3-c7e6-4d04-8b65-6cb56ec6b9f7,2026-08-27 11:34:13.556736+00
7ec0fd08-face-46ce-b3d0-ff0938dbc3ab,8667 7863 7616 0197,merchant_allocated,75eff299-f162-4427-8b08-04f404141ef9,2026-09-09 10:29:54.922115+00,,,9c2a0db3-c7e6-4d04-8b65-6cb56ec6b9f7,2026-09-09 10:16:46.810748+00
7ec2ccef-5296-4bc7-a6b3-0ff2f77bc97f,4821 6739 0000 0300,member_linked,merch_  6,2026-07-22 16:26:00.183232+00,44c69212-90b6-4de8-98ed-d74a12ab3013,2026-07-22 16:27:45.202213+00,9c2a0db3-c7e6-4d04-8b65-6cb56ec6b9f7,2026-07-22 16:25:31.51405+00
7ef3b449-d0b2-486a-9168-cf7063eb43a0,8689 6453 5689 0082,merchant_allocated,bc3951f9-ff8c-436b-8322-e5dd6592ca4b,2026-09-05 05:47:39.366708+00,,,9c2a0db3-c7e6-4d04-8b65-6cb56ec6b9f7,2026-09-05 05:42:03.795053+00
7f13ee6b-9643-4f6b-b282-1e771a127283,8667 7863 7616 0325,merchant_allocated,75eff299-f162-4427-8b08-04f404141ef9,2026-09-09 10:29:54.922115+00,,,9c2a0db3-c7e6-4d04-8b65-6cb56ec6b9f7,2026-09-09 10:16:46.810748+00
7f1b74dc-d6ff-4b4e-a7a1-e1abc9e73cd7,2176 6567 3333 0025,unassigned,,,,,9c2a0db3-c7e6-4d04-8b65-6cb56ec6b9f7,2026-09-03 09:06:17.550685+00
7f3eb381-eb1b-4ae8-92f1-348966251295,8783 5621 8877 0021,merchant_allocated,b64a2ee7-5fc4-434d-9b92-1fa730df2810,2026-09-09 05:29:06.233162+00,,,9c2a0db3-c7e6-4d04-8b65-6cb56ec6b9f7,2026-09-09 05:20:59.714662+00
7f64e62e-391a-47ce-9225-dd037fae8ef1,4821 6739 0000 2200,merchant_allocated,merch_  6,2026-07-28 06:48:05.660888+00,,,9c2a0db3-c7e6-4d04-8b65-6cb56ec6b9f7,2026-07-28 06:47:38.92065+00
7f74df43-7a27-4093-8d8d-b0017670c198,4821 6739 0000 0200,merchant_allocated,merch_  6,2026-07-22 16:26:00.183232+00,,,9c2a0db3-c7e6-4d04-8b65-6cb56ec6b9f7,2026-07-22 16:25:31.51405+00
7f75c0f7-ead9-47e2-bce6-5c0e4fe9317f,4821 6739 0000 3400,merchant_allocated,merch_  6,2026-07-28 06:48:05.660888+00,,,9c2a0db3-c7e6-4d04-8b65-6cb56ec6b9f7,2026-07-28 06:47:38.92065+00
7f7907b1-98e7-478c-8a50-118c08c53e20,8667 7863 7616 0245,merchant_allocated,75eff299-f162-4427-8b08-04f404141ef9,2026-09-09 10:29:54.922115+00,,,9c2a0db3-c7e6-4d04-8b65-6cb56ec6b9f7,2026-09-09 10:16:46.810748+00
7f7a628c-1cb4-414b-bec1-d4118cec7824,4555 8645 9367 0415,merchant_allocated,63c2aeec-7410-4c78-9a68-beb45b1c622c,2026-08-27 11:40:23.347781+00,,,9c2a0db3-c7e6-4d04-8b65-6cb56ec6b9f7,2026-08-27 11:34:13.556736+00
7f7f189f-854a-4a97-998a-4c197b2116bc,2176 6567 3333 0191,unassigned,,,,,9c2a0db3-c7e6-4d04-8b65-6cb56ec6b9f7,2026-09-03 09:06:17.550685+00
7f831a60-2842-4cc0-a675-aaa7a7b2307e,8667 7863 7616 0119,merchant_allocated,75eff299-f162-4427-8b08-04f404141ef9,2026-09-09 10:29:54.922115+00,,,9c2a0db3-c7e6-4d04-8b65-6cb56ec6b9f7,2026-09-09 10:16:46.810748+00
7fc52a75-8ddc-467a-8548-edaa6728c98b,8783 5621 8877 0108,merchant_allocated,b64a2ee7-5fc4-434d-9b92-1fa730df2810,2026-09-09 05:29:06.233162+00,,,9c2a0db3-c7e6-4d04-8b65-6cb56ec6b9f7,2026-09-09 05:20:59.714662+00
7fd2fdb8-0da8-43bb-9360-2f33392f75dd,8667 7863 7616 0285,merchant_allocated,75eff299-f162-4427-8b08-04f404141ef9,2026-09-09 10:29:54.922115+00,,,9c2a0db3-c7e6-4d04-8b65-6cb56ec6b9f7,2026-09-09 10:16:46.810748+00
7fe6d2ba-623a-4702-8241-1bb4c1de08da,2176 6567 3333 0389,unassigned,,,,,9c2a0db3-c7e6-4d04-8b65-6cb56ec6b9f7,2026-09-03 09:06:17.550685+00
7ff0cc5a-be74-451e-b1bb-a415a2c6feab,8667 7863 7616 0397,merchant_allocated,75eff299-f162-4427-8b08-04f404141ef9,2026-09-09 10:29:54.922115+00,,,9c2a0db3-c7e6-4d04-8b65-6cb56ec6b9f7,2026-09-09 10:16:46.810748+00
8012ccbc-e742-4240-91fb-ce05bd035106,8783 5621 8877 0030,merchant_allocated,b64a2ee7-5fc4-434d-9b92-1fa730df2810,2026-09-09 05:29:06.233162+00,,,9c2a0db3-c7e6-4d04-8b65-6cb56ec6b9f7,2026-09-09 05:20:59.714662+00
801f9dd5-0bd8-4897-ad7f-b62adc91fdee,8667 7863 7616 0496,merchant_allocated,75eff299-f162-4427-8b08-04f404141ef9,2026-09-09 10:29:54.922115+00,,,9c2a0db3-c7e6-4d04-8b65-6cb56ec6b9f7,2026-09-09 10:16:46.810748+00
8023210d-8ce4-4bdc-938e-2757e14c13c1,5656 7477 9399 0009,merchant_allocated,9f5a3fe4-f21f-4fed-beaf-67dcb9c6cffc,2026-07-22 09:15:44.905092+00,,,9c2a0db3-c7e6-4d04-8b65-6cb56ec6b9f7,2026-07-22 09:14:18.287281+00
802d2ce3-c0e2-4b03-be8f-68ba9cfefb3f,8783 5621 8877 0051,merchant_allocated,b64a2ee7-5fc4-434d-9b92-1fa730df2810,2026-09-09 05:29:06.233162+00,,,9c2a0db3-c7e6-4d04-8b65-6cb56ec6b9f7,2026-09-09 05:20:59.714662+00
802ef295-90d1-4624-85ad-26f66d7b650e,4821 4444 0000 2300,merchant_allocated,merch_  7,2026-08-03 17:46:28.931088+00,,,9c2a0db3-c7e6-4d04-8b65-6cb56ec6b9f7,2026-08-03 17:45:59.017505+00
80364aac-0707-4574-ae91-7159c36df010,8667 7863 7616 0431,merchant_allocated,75eff299-f162-4427-8b08-04f404141ef9,2026-09-09 10:29:54.922115+00,,,9c2a0db3-c7e6-4d04-8b65-6cb56ec6b9f7,2026-09-09 10:16:46.810748+00
8084b636-23d5-47b6-8f6f-1019a55b2614,2176 6567 3333 0476,unassigned,,,,,9c2a0db3-c7e6-4d04-8b65-6cb56ec6b9f7,2026-09-03 09:06:17.550685+00
808acd92-b79c-41a7-997c-09b21928007f,7567 5342 8633 0072,merchant_allocated,4bf2fb6b-bdf3-49d3-ac1b-1e6e746c6643,2026-07-21 16:11:58.441179+00,,,9c2a0db3-c7e6-4d04-8b65-6cb56ec6b9f7,2026-07-21 16:10:31.33396+00
80952a52-bdd4-463b-85ac-655ea549c6a9,8667 7863 7616 0384,merchant_allocated,75eff299-f162-4427-8b08-04f404141ef9,2026-09-09 10:29:54.922115+00,,,9c2a0db3-c7e6-4d04-8b65-6cb56ec6b9f7,2026-09-09 10:16:46.810748+00
8096ee40-768b-46f7-ae14-e6188b43f61d,8667 7863 7616 0173,merchant_allocated,75eff299-f162-4427-8b08-04f404141ef9,2026-09-09 10:29:54.922115+00,,,9c2a0db3-c7e6-4d04-8b65-6cb56ec6b9f7,2026-09-09 10:16:46.810748+00
80a161af-5482-42fc-a519-91c483423730,8667 7863 7616 0084,merchant_allocated,75eff299-f162-4427-8b08-04f404141ef9,2026-09-09 10:29:54.922115+00,,,9c2a0db3-c7e6-4d04-8b65-6cb56ec6b9f7,2026-09-09 10:16:46.810748+00
80afaa38-8cf0-4fc4-a0dd-14110ab211a0,8783 5621 8877 0269,merchant_allocated,b64a2ee7-5fc4-434d-9b92-1fa730df2810,2026-09-09 05:29:06.233162+00,,,9c2a0db3-c7e6-4d04-8b65-6cb56ec6b9f7,2026-09-09 05:20:59.714662+00
80c9d580-2459-436c-a170-2972242b01d8,2176 6567 3333 0301,unassigned,,,,,9c2a0db3-c7e6-4d04-8b65-6cb56ec6b9f7,2026-09-03 09:06:17.550685+00
80f05329-bc5a-4e4d-a77f-3bc782fe3fbb,2173 6567 3333 0052,merchant_allocated,c74f8bef-6fd7-40f2-a363-1daa167d0439,2026-09-03 09:31:57.289663+00,,,9c2a0db3-c7e6-4d04-8b65-6cb56ec6b9f7,2026-09-03 09:26:26.769933+00
80f894a4-321f-4844-a9c3-603339b275f4,4555 8645 9367 0142,merchant_allocated,63c2aeec-7410-4c78-9a68-beb45b1c622c,2026-08-27 11:40:23.347781+00,,,9c2a0db3-c7e6-4d04-8b65-6cb56ec6b9f7,2026-08-27 11:34:13.556736+00
810596f5-68ce-493a-91fe-fc9bffcdb651,8667 7863 7616 0301,merchant_allocated,75eff299-f162-4427-8b08-04f404141ef9,2026-09-09 10:29:54.922115+00,,,9c2a0db3-c7e6-4d04-8b65-6cb56ec6b9f7,2026-09-09 10:16:46.810748+00
81167bec-d7fb-422d-a47f-8ed07f10d5f9,4555 8645 9367 0046,merchant_allocated,63c2aeec-7410-4c78-9a68-beb45b1c622c,2026-08-27 11:40:23.347781+00,,,9c2a0db3-c7e6-4d04-8b65-6cb56ec6b9f7,2026-08-27 11:34:13.556736+00
81264b5f-0e20-490f-8817-d0309c6ab01c,2176 6567 3333 0109,unassigned,,,,,9c2a0db3-c7e6-4d04-8b65-6cb56ec6b9f7,2026-09-03 09:06:17.550685+00
8147f00a-e7c3-45c9-8909-a4ec4a44f3f6,4821 6739 0000 2900,merchant_allocated,merch_  6,2026-07-28 06:48:05.660888+00,,,9c2a0db3-c7e6-4d04-8b65-6cb56ec6b9f7,2026-07-28 06:47:38.92065+00
8154c6ba-e14e-45be-99ef-57bae053e426,8783 5621 8877 0148,merchant_allocated,b64a2ee7-5fc4-434d-9b92-1fa730df2810,2026-09-09 05:29:06.233162+00,,,9c2a0db3-c7e6-4d04-8b65-6cb56ec6b9f7,2026-09-09 05:20:59.714662+00
8161df9e-4dc3-4bc0-8125-67a06aba4d3f,8783 5621 8877 0198,merchant_allocated,b64a2ee7-5fc4-434d-9b92-1fa730df2810,2026-09-09 05:29:06.233162+00,,,9c2a0db3-c7e6-4d04-8b65-6cb56ec6b9f7,2026-09-09 05:20:59.714662+00
8163a0ac-b3db-49f8-90e1-aa59d6a716b0,2176 6567 3333 0404,unassigned,,,,,9c2a0db3-c7e6-4d04-8b65-6cb56ec6b9f7,2026-09-03 09:06:17.550685+00
81688639-dc4d-4135-b144-b487efd6e88b,8667 7863 7616 0339,merchant_allocated,75eff299-f162-4427-8b08-04f404141ef9,2026-09-09 10:29:54.922115+00,,,9c2a0db3-c7e6-4d04-8b65-6cb56ec6b9f7,2026-09-09 10:16:46.810748+00
8173519d-5955-4650-b284-d2a9ef28ef59,7567 5342 8633 0092,merchant_allocated,4bf2fb6b-bdf3-49d3-ac1b-1e6e746c6643,2026-07-21 16:11:58.441179+00,,,9c2a0db3-c7e6-4d04-8b65-6cb56ec6b9f7,2026-07-21 16:10:31.33396+00
8179fb3f-90ff-47ff-8dd5-2bcf01f87bdf,2173 6567 3333 0227,merchant_allocated,c74f8bef-6fd7-40f2-a363-1daa167d0439,2026-09-03 09:31:57.289663+00,,,9c2a0db3-c7e6-4d04-8b65-6cb56ec6b9f7,2026-09-03 09:26:26.769933+00
817b8169-55fb-465a-a279-67542446fded,2173 6567 3333 0114,merchant_allocated,c74f8bef-6fd7-40f2-a363-1daa167d0439,2026-09-03 09:31:57.289663+00,,,9c2a0db3-c7e6-4d04-8b65-6cb56ec6b9f7,2026-09-03 09:26:26.769933+00
8192cb54-3154-4d18-95b7-e968523e792d,8667 7863 7616 0417,merchant_allocated,75eff299-f162-4427-8b08-04f404141ef9,2026-09-09 10:29:54.922115+00,,,9c2a0db3-c7e6-4d04-8b65-6cb56ec6b9f7,2026-09-09 10:16:46.810748+00
81abc3c4-de93-4d7f-becb-eae2a35b7388,2176 6567 3333 0238,unassigned,,,,,9c2a0db3-c7e6-4d04-8b65-6cb56ec6b9f7,2026-09-03 09:06:17.550685+00
81c88636-0d20-4fa5-bc61-bea22fded344,2173 6567 3333 0200,merchant_allocated,c74f8bef-6fd7-40f2-a363-1daa167d0439,2026-09-03 09:31:57.289663+00,,,9c2a0db3-c7e6-4d04-8b65-6cb56ec6b9f7,2026-09-03 09:26:26.769933+00
81cbea06-2449-45f8-9383-7a722d730ef1,4555 8645 9367 0378,merchant_allocated,63c2aeec-7410-4c78-9a68-beb45b1c622c,2026-08-27 11:40:23.347781+00,,,9c2a0db3-c7e6-4d04-8b65-6cb56ec6b9f7,2026-08-27 11:34:13.556736+00
81cf8001-922b-441c-992e-afd5551fa59c,7567 5342 8633 0051,merchant_allocated,4bf2fb6b-bdf3-49d3-ac1b-1e6e746c6643,2026-07-21 16:11:58.441179+00,,,9c2a0db3-c7e6-4d04-8b65-6cb56ec6b9f7,2026-07-21 16:10:31.33396+00
81d3cc7c-8d96-4625-9dd7-2adb380efe0b,8689 6453 5689 0079,merchant_allocated,bc3951f9-ff8c-436b-8322-e5dd6592ca4b,2026-09-05 05:47:39.366708+00,,,9c2a0db3-c7e6-4d04-8b65-6cb56ec6b9f7,2026-09-05 05:42:03.795053+00
81d8cc48-7794-40ac-ab42-7cc0580e2d71,8689 6453 5689 0038,merchant_allocated,bc3951f9-ff8c-436b-8322-e5dd6592ca4b,2026-09-05 05:47:39.366708+00,,,9c2a0db3-c7e6-4d04-8b65-6cb56ec6b9f7,2026-09-05 05:42:03.795053+00
81f29a17-6100-4105-845e-29a4fade6e7e,4555 8645 9367 0349,merchant_allocated,63c2aeec-7410-4c78-9a68-beb45b1c622c,2026-08-27 11:40:23.347781+00,,,9c2a0db3-c7e6-4d04-8b65-6cb56ec6b9f7,2026-08-27 11:34:13.556736+00
82020d33-4b53-4488-beca-bfd9b5aaa781,8667 7863 7616 0021,merchant_allocated,75eff299-f162-4427-8b08-04f404141ef9,2026-09-09 10:29:54.922115+00,,,9c2a0db3-c7e6-4d04-8b65-6cb56ec6b9f7,2026-09-09 10:16:46.810748+00
820cea65-9e7b-453b-a478-c16fb8bb08ea,2176 6567 3333 0487,unassigned,,,,,9c2a0db3-c7e6-4d04-8b65-6cb56ec6b9f7,2026-09-03 09:06:17.550685+00
822fb944-79b8-4cf0-af84-b909ff4a81ff,8783 5621 8877 0430,merchant_allocated,b64a2ee7-5fc4-434d-9b92-1fa730df2810,2026-09-09 05:29:06.233162+00,,,9c2a0db3-c7e6-4d04-8b65-6cb56ec6b9f7,2026-09-09 05:20:59.714662+00
82536c6a-11ef-4224-94f8-6e9b8530c258,4555 8645 9367 0020,merchant_allocated,63c2aeec-7410-4c78-9a68-beb45b1c622c,2026-08-27 11:40:23.347781+00,,,9c2a0db3-c7e6-4d04-8b65-6cb56ec6b9f7,2026-08-27 11:34:13.556736+00
827794fb-2889-4a72-b4a7-a735328f0305,8783 5621 8877 0473,merchant_allocated,b64a2ee7-5fc4-434d-9b92-1fa730df2810,2026-09-09 05:29:06.233162+00,,,9c2a0db3-c7e6-4d04-8b65-6cb56ec6b9f7,2026-09-09 05:20:59.714662+00
828577a8-be2e-42a7-8558-cb4c45b02051,4555 8645 9367 0090,merchant_allocated,63c2aeec-7410-4c78-9a68-beb45b1c622c,2026-08-27 11:40:23.347781+00,,,9c2a0db3-c7e6-4d04-8b65-6cb56ec6b9f7,2026-08-27 11:34:13.556736+00
828dccc3-af51-411f-9edd-e94cdce7847e,2173 6567 3333 0036,merchant_allocated,c74f8bef-6fd7-40f2-a363-1daa167d0439,2026-09-03 09:31:57.289663+00,,,9c2a0db3-c7e6-4d04-8b65-6cb56ec6b9f7,2026-09-03 09:26:26.769933+00
82d7f68e-b106-4d8d-8a17-08d7021b7155,2173 6567 3333 0485,merchant_allocated,c74f8bef-6fd7-40f2-a363-1daa167d0439,2026-09-03 09:31:57.289663+00,,,9c2a0db3-c7e6-4d04-8b65-6cb56ec6b9f7,2026-09-03 09:26:26.769933+00
82e2b2f7-c210-4959-bf49-37c4073a05b8,4555 8645 9367 0276,merchant_allocated,63c2aeec-7410-4c78-9a68-beb45b1c622c,2026-08-27 11:40:23.347781+00,,,9c2a0db3-c7e6-4d04-8b65-6cb56ec6b9f7,2026-08-27 11:34:13.556736+00
8311d1e7-c867-473b-8a03-c3f58869d6c3,2173 6567 3333 0120,merchant_allocated,c74f8bef-6fd7-40f2-a363-1daa167d0439,2026-09-03 09:31:57.289663+00,,,9c2a0db3-c7e6-4d04-8b65-6cb56ec6b9f7,2026-09-03 09:26:26.769933+00
8312073c-dd91-415d-a588-1ac400d9db7f,2176 6567 3333 0350,unassigned,,,,,9c2a0db3-c7e6-4d04-8b65-6cb56ec6b9f7,2026-09-03 09:06:17.550685+00
83582fe6-95d4-4f63-b04d-36d9a5f86923,7567 5342 8633 0026,merchant_allocated,4bf2fb6b-bdf3-49d3-ac1b-1e6e746c6643,2026-07-21 16:11:58.441179+00,,,9c2a0db3-c7e6-4d04-8b65-6cb56ec6b9f7,2026-07-21 16:10:31.33396+00
83803427-f23f-4e19-832b-58f98f606db9,4821 6739 0000 4500,member_linked,merch_  6,2026-07-28 06:48:05.660888+00,7b6c1f61-6a6d-4b9b-bc3a-2a016c672235,2026-08-01 16:36:20.305843+00,9c2a0db3-c7e6-4d04-8b65-6cb56ec6b9f7,2026-07-28 06:47:38.92065+00
838ddaed-4c77-4b27-a11b-a41e5bbf205a,2176 6567 3333 0486,unassigned,,,,,9c2a0db3-c7e6-4d04-8b65-6cb56ec6b9f7,2026-09-03 09:06:17.550685+00
83b9485c-b62b-43ac-9cf9-3258d024eb1d,8667 7863 7616 0450,merchant_allocated,75eff299-f162-4427-8b08-04f404141ef9,2026-09-09 10:29:54.922115+00,,,9c2a0db3-c7e6-4d04-8b65-6cb56ec6b9f7,2026-09-09 10:16:46.810748+00
83bd10c9-511d-4d96-afdb-dbdd1bf2827e,2173 6567 3333 0301,merchant_allocated,c74f8bef-6fd7-40f2-a363-1daa167d0439,2026-09-03 09:31:57.289663+00,,,9c2a0db3-c7e6-4d04-8b65-6cb56ec6b9f7,2026-09-03 09:26:26.769933+00
83cdb7ee-2733-423c-a1ac-307189e95f52,8667 7863 7616 0068,merchant_allocated,75eff299-f162-4427-8b08-04f404141ef9,2026-09-09 10:29:54.922115+00,,,9c2a0db3-c7e6-4d04-8b65-6cb56ec6b9f7,2026-09-09 10:16:46.810748+00
83ed6b5a-54f7-4af2-a566-14ebe7a175e3,8783 5621 8877 0267,merchant_allocated,b64a2ee7-5fc4-434d-9b92-1fa730df2810,2026-09-09 05:29:06.233162+00,,,9c2a0db3-c7e6-4d04-8b65-6cb56ec6b9f7,2026-09-09 05:20:59.714662+00
83eff816-a36d-47ba-b52d-71829a7b3f79,2176 6567 3333 0163,unassigned,,,,,9c2a0db3-c7e6-4d04-8b65-6cb56ec6b9f7,2026-09-03 09:06:17.550685+00
840a2ae5-0ee1-4aaa-8f34-88560b255068,2173 6567 3333 0271,merchant_allocated,c74f8bef-6fd7-40f2-a363-1daa167d0439,2026-09-03 09:31:57.289663+00,,,9c2a0db3-c7e6-4d04-8b65-6cb56ec6b9f7,2026-09-03 09:26:26.769933+00
840c59f6-e8e5-4ca8-915b-42535a2f9e63,4555 8645 9367 0254,merchant_allocated,63c2aeec-7410-4c78-9a68-beb45b1c622c,2026-08-27 11:40:23.347781+00,,,9c2a0db3-c7e6-4d04-8b65-6cb56ec6b9f7,2026-08-27 11:34:13.556736+00
8416a753-1f87-40ab-95d7-51d9411e830d,2173 6567 3333 0105,merchant_allocated,c74f8bef-6fd7-40f2-a363-1daa167d0439,2026-09-03 09:31:57.289663+00,,,9c2a0db3-c7e6-4d04-8b65-6cb56ec6b9f7,2026-09-03 09:26:26.769933+00
8436acab-5988-4acb-b1f9-f16a59bf2fc2,8667 7863 7616 0281,merchant_allocated,75eff299-f162-4427-8b08-04f404141ef9,2026-09-09 10:29:54.922115+00,,,9c2a0db3-c7e6-4d04-8b65-6cb56ec6b9f7,2026-09-09 10:16:46.810748+00
84507677-6ab2-450f-a6e4-322af0d1ce4f,2173 6567 3333 0427,merchant_allocated,c74f8bef-6fd7-40f2-a363-1daa167d0439,2026-09-03 09:31:57.289663+00,,,9c2a0db3-c7e6-4d04-8b65-6cb56ec6b9f7,2026-09-03 09:26:26.769933+00
845f42e7-0952-4418-85b6-c14c23e4648e,4555 8645 9367 0035,merchant_allocated,63c2aeec-7410-4c78-9a68-beb45b1c622c,2026-08-27 11:40:23.347781+00,,,9c2a0db3-c7e6-4d04-8b65-6cb56ec6b9f7,2026-08-27 11:34:13.556736+00
8476aff0-9a50-4755-a7f0-f88d1a86bf2a,2176 6567 3333 0427,unassigned,,,,,9c2a0db3-c7e6-4d04-8b65-6cb56ec6b9f7,2026-09-03 09:06:17.550685+00
849d6144-a17a-401b-9cef-bd733a07d561,8667 7863 7616 0484,merchant_allocated,75eff299-f162-4427-8b08-04f404141ef9,2026-09-09 10:29:54.922115+00,,,9c2a0db3-c7e6-4d04-8b65-6cb56ec6b9f7,2026-09-09 10:16:46.810748+00
84e52ec2-c412-4d82-8f63-e92045d13a37,8783 5621 8877 0186,merchant_allocated,b64a2ee7-5fc4-434d-9b92-1fa730df2810,2026-09-09 05:29:06.233162+00,,,9c2a0db3-c7e6-4d04-8b65-6cb56ec6b9f7,2026-09-09 05:20:59.714662+00
84f99154-719d-43ac-a0e8-aa7e195b3515,4555 8645 9367 0362,merchant_allocated,63c2aeec-7410-4c78-9a68-beb45b1c622c,2026-08-27 11:40:23.347781+00,,,9c2a0db3-c7e6-4d04-8b65-6cb56ec6b9f7,2026-08-27 11:34:13.556736+00
85071bf1-502b-42d7-ba20-67fde9081e77,8689 6453 5689 0076,merchant_allocated,bc3951f9-ff8c-436b-8322-e5dd6592ca4b,2026-09-05 05:47:39.366708+00,,,9c2a0db3-c7e6-4d04-8b65-6cb56ec6b9f7,2026-09-05 05:42:03.795053+00
850a5b7f-e8e4-470a-ad5f-09f7554de351,8689 6453 5689 0049,merchant_allocated,bc3951f9-ff8c-436b-8322-e5dd6592ca4b,2026-09-05 05:47:39.366708+00,,,9c2a0db3-c7e6-4d04-8b65-6cb56ec6b9f7,2026-09-05 05:42:03.795053+00
85889ec8-a780-44d4-b175-a6a8ee9dbcfd,2173 6567 3333 0457,merchant_allocated,c74f8bef-6fd7-40f2-a363-1daa167d0439,2026-09-03 09:31:57.289663+00,,,9c2a0db3-c7e6-4d04-8b65-6cb56ec6b9f7,2026-09-03 09:26:26.769933+00
858d1014-bf6d-42ef-ba4f-d5bb5a333b47,2176 6567 3333 0458,unassigned,,,,,9c2a0db3-c7e6-4d04-8b65-6cb56ec6b9f7,2026-09-03 09:06:17.550685+00
858d5c3e-64d3-46bb-be9f-6158b97d3398,8783 5621 8877 0374,merchant_allocated,b64a2ee7-5fc4-434d-9b92-1fa730df2810,2026-09-09 05:29:06.233162+00,,,9c2a0db3-c7e6-4d04-8b65-6cb56ec6b9f7,2026-09-09 05:20:59.714662+00
85ac57ad-3b5e-49ac-9a85-b258dde1e229,8667 7863 7616 0462,merchant_allocated,75eff299-f162-4427-8b08-04f404141ef9,2026-09-09 10:29:54.922115+00,,,9c2a0db3-c7e6-4d04-8b65-6cb56ec6b9f7,2026-09-09 10:16:46.810748+00
85bc5e8f-10c5-4d75-afee-bf690a661dac,4555 8645 9367 0204,merchant_allocated,63c2aeec-7410-4c78-9a68-beb45b1c622c,2026-08-27 11:40:23.347781+00,,,9c2a0db3-c7e6-4d04-8b65-6cb56ec6b9f7,2026-08-27 11:34:13.556736+00
85ccc636-629b-4959-83c6-7f553dc75ee7,7567 5342 8633 0049,merchant_allocated,4bf2fb6b-bdf3-49d3-ac1b-1e6e746c6643,2026-07-21 16:11:58.441179+00,,,9c2a0db3-c7e6-4d04-8b65-6cb56ec6b9f7,2026-07-21 16:10:31.33396+00
86615857-7936-4fca-a0c3-769ddc961812,8783 5621 8877 0475,merchant_allocated,b64a2ee7-5fc4-434d-9b92-1fa730df2810,2026-09-09 05:29:06.233162+00,,,9c2a0db3-c7e6-4d04-8b65-6cb56ec6b9f7,2026-09-09 05:20:59.714662+00
8669017d-5ceb-43d5-8a8c-c9e9e5295163,8667 7863 7616 0461,merchant_allocated,75eff299-f162-4427-8b08-04f404141ef9,2026-09-09 10:29:54.922115+00,,,9c2a0db3-c7e6-4d04-8b65-6cb56ec6b9f7,2026-09-09 10:16:46.810748+00
8681c0e4-4fb1-4488-94f1-92ebb02eaffd,4555 8645 9367 0457,merchant_allocated,63c2aeec-7410-4c78-9a68-beb45b1c622c,2026-08-27 11:40:23.347781+00,,,9c2a0db3-c7e6-4d04-8b65-6cb56ec6b9f7,2026-08-27 11:34:13.556736+00
86e30a8d-a32f-4c02-a236-1e24c2bd7d6a,4555 8645 9367 0249,merchant_allocated,63c2aeec-7410-4c78-9a68-beb45b1c622c,2026-08-27 11:40:23.347781+00,,,9c2a0db3-c7e6-4d04-8b65-6cb56ec6b9f7,2026-08-27 11:34:13.556736+00
86e4b479-f1d7-48f8-a235-b600f3994ea2,4555 8645 9367 0409,merchant_allocated,63c2aeec-7410-4c78-9a68-beb45b1c622c,2026-08-27 11:40:23.347781+00,,,9c2a0db3-c7e6-4d04-8b65-6cb56ec6b9f7,2026-08-27 11:34:13.556736+00
86e6ae4c-c1c6-4b17-bbd6-232669ba4caf,8667 7863 7616 0276,merchant_allocated,75eff299-f162-4427-8b08-04f404141ef9,2026-09-09 10:29:54.922115+00,,,9c2a0db3-c7e6-4d04-8b65-6cb56ec6b9f7,2026-09-09 10:16:46.810748+00
86e978ef-914e-4a63-b8ce-6926da4a9a26,2176 6567 3333 0103,unassigned,,,,,9c2a0db3-c7e6-4d04-8b65-6cb56ec6b9f7,2026-09-03 09:06:17.550685+00
86f853ca-2c13-495a-ac06-ef1b4d21a120,8667 7863 7616 0003,member_linked,75eff299-f162-4427-8b08-04f404141ef9,2026-09-09 10:29:54.922115+00,852f7899-d75f-4635-a45c-b7fed92792e1,2026-09-26 12:13:24.400816+00,9c2a0db3-c7e6-4d04-8b65-6cb56ec6b9f7,2026-09-09 10:16:46.810748+00
870af519-9924-4221-b44f-bf3a4eee6a5b,2176 6567 3333 0289,unassigned,,,,,9c2a0db3-c7e6-4d04-8b65-6cb56ec6b9f7,2026-09-03 09:06:17.550685+00
8711497c-a115-4496-882c-33663c7ec528,2173 6567 3333 0494,merchant_allocated,c74f8bef-6fd7-40f2-a363-1daa167d0439,2026-09-03 09:31:57.289663+00,,,9c2a0db3-c7e6-4d04-8b65-6cb56ec6b9f7,2026-09-03 09:26:26.769933+00
87201088-fefc-43ca-838f-816ab2debb48,8783 5621 8877 0206,merchant_allocated,b64a2ee7-5fc4-434d-9b92-1fa730df2810,2026-09-09 05:29:06.233162+00,,,9c2a0db3-c7e6-4d04-8b65-6cb56ec6b9f7,2026-09-09 05:20:59.714662+00
874768d0-1bbd-44be-8a4f-bff8addf287f,2176 6567 3333 0482,unassigned,,,,,9c2a0db3-c7e6-4d04-8b65-6cb56ec6b9f7,2026-09-03 09:06:17.550685+00
87791c74-d5d0-47f2-9e36-3cd668aba201,2173 6567 3333 0259,merchant_allocated,c74f8bef-6fd7-40f2-a363-1daa167d0439,2026-09-03 09:31:57.289663+00,,,9c2a0db3-c7e6-4d04-8b65-6cb56ec6b9f7,2026-09-03 09:26:26.769933+00
877bece1-68e0-4810-a9be-0a12b47f278a,8783 5621 8877 0196,merchant_allocated,b64a2ee7-5fc4-434d-9b92-1fa730df2810,2026-09-09 05:29:06.233162+00,,,9c2a0db3-c7e6-4d04-8b65-6cb56ec6b9f7,2026-09-09 05:20:59.714662+00
87865234-5535-4af4-bdf8-78f5f44e235f,8667 7863 7616 0472,merchant_allocated,75eff299-f162-4427-8b08-04f404141ef9,2026-09-09 10:29:54.922115+00,,,9c2a0db3-c7e6-4d04-8b65-6cb56ec6b9f7,2026-09-09 10:16:46.810748+00
87a40d27-a461-4936-89d7-77baeac6d562,8783 5621 8877 0074,merchant_allocated,b64a2ee7-5fc4-434d-9b92-1fa730df2810,2026-09-09 05:29:06.233162+00,,,9c2a0db3-c7e6-4d04-8b65-6cb56ec6b9f7,2026-09-09 05:20:59.714662+00
87a9f8b0-b45f-4f89-acfc-64bd4fa08b09,2176 6567 3333 0456,unassigned,,,,,9c2a0db3-c7e6-4d04-8b65-6cb56ec6b9f7,2026-09-03 09:06:17.550685+00
87d44833-7371-4c98-b72c-052d83486754,8783 5621 8877 0419,merchant_allocated,b64a2ee7-5fc4-434d-9b92-1fa730df2810,2026-09-09 05:29:06.233162+00,,,9c2a0db3-c7e6-4d04-8b65-6cb56ec6b9f7,2026-09-09 05:20:59.714662+00
87fb0265-53af-44a3-a089-007681139fad,8783 5621 8877 0425,merchant_allocated,b64a2ee7-5fc4-434d-9b92-1fa730df2810,2026-09-09 05:29:06.233162+00,,,9c2a0db3-c7e6-4d04-8b65-6cb56ec6b9f7,2026-09-09 05:20:59.714662+00
881745b7-c95c-432d-80e4-560a76e20a1c,5656 7477 9399 0005,merchant_allocated,9f5a3fe4-f21f-4fed-beaf-67dcb9c6cffc,2026-07-22 09:15:44.905092+00,,,9c2a0db3-c7e6-4d04-8b65-6cb56ec6b9f7,2026-07-22 09:14:18.287281+00
8819129e-ea8c-44f1-8be5-6da4321ac27e,8667 7863 7616 0499,merchant_allocated,75eff299-f162-4427-8b08-04f404141ef9,2026-09-09 10:29:54.922115+00,,,9c2a0db3-c7e6-4d04-8b65-6cb56ec6b9f7,2026-09-09 10:16:46.810748+00
881cda62-f07a-4fa3-9f32-23cfcdb18c0b,8783 5621 8877 0056,merchant_allocated,b64a2ee7-5fc4-434d-9b92-1fa730df2810,2026-09-09 05:29:06.233162+00,,,9c2a0db3-c7e6-4d04-8b65-6cb56ec6b9f7,2026-09-09 05:20:59.714662+00
8827aac1-36b6-48f8-b13f-137e69cdb68c,8667 7863 7616 0455,merchant_allocated,75eff299-f162-4427-8b08-04f404141ef9,2026-09-09 10:29:54.922115+00,,,9c2a0db3-c7e6-4d04-8b65-6cb56ec6b9f7,2026-09-09 10:16:46.810748+00
8835994b-5438-494c-aa77-9ac94c920761,8783 5621 8877 0219,merchant_allocated,b64a2ee7-5fc4-434d-9b92-1fa730df2810,2026-09-09 05:29:06.233162+00,,,9c2a0db3-c7e6-4d04-8b65-6cb56ec6b9f7,2026-09-09 05:20:59.714662+00
884e6d13-ad8d-4160-9c4e-f8e310befb7c,8783 5621 8877 0113,merchant_allocated,b64a2ee7-5fc4-434d-9b92-1fa730df2810,2026-09-09 05:29:06.233162+00,,,9c2a0db3-c7e6-4d04-8b65-6cb56ec6b9f7,2026-09-09 05:20:59.714662+00
8854bafc-4c66-4e99-8408-52dc68ce52b8,2176 6567 3333 0148,unassigned,,,,,9c2a0db3-c7e6-4d04-8b65-6cb56ec6b9f7,2026-09-03 09:06:17.550685+00
88610a0f-506a-4ee4-a80f-d3eed761852d,2176 6567 3333 0039,unassigned,,,,,9c2a0db3-c7e6-4d04-8b65-6cb56ec6b9f7,2026-09-03 09:06:17.550685+00
886b5109-9a0e-4795-9c11-4f3b4628a32b,4555 8645 9367 0054,merchant_allocated,63c2aeec-7410-4c78-9a68-beb45b1c622c,2026-08-27 11:40:23.347781+00,,,9c2a0db3-c7e6-4d04-8b65-6cb56ec6b9f7,2026-08-27 11:34:13.556736+00
886db242-1aec-44f3-b2ed-85f7709ff6aa,2176 6567 3333 0391,unassigned,,,,,9c2a0db3-c7e6-4d04-8b65-6cb56ec6b9f7,2026-09-03 09:06:17.550685+00
886db69a-a02c-42ef-a89f-e0ed13d6645e,8783 5621 8877 0477,merchant_allocated,b64a2ee7-5fc4-434d-9b92-1fa730df2810,2026-09-09 05:29:06.233162+00,,,9c2a0db3-c7e6-4d04-8b65-6cb56ec6b9f7,2026-09-09 05:20:59.714662+00
88b76576-987d-4846-a3d8-c0f7303f1521,2173 6567 3333 0383,merchant_allocated,c74f8bef-6fd7-40f2-a363-1daa167d0439,2026-09-03 09:31:57.289663+00,,,9c2a0db3-c7e6-4d04-8b65-6cb56ec6b9f7,2026-09-03 09:26:26.769933+00
88ba82f4-4978-44e4-a786-90a089438ac5,2173 6567 3333 0017,member_linked,c74f8bef-6fd7-40f2-a363-1daa167d0439,2026-09-03 09:31:57.289663+00,b11ff622-9402-447b-b07a-ac5c853ed9b7,2026-09-30 06:39:31.61444+00,9c2a0db3-c7e6-4d04-8b65-6cb56ec6b9f7,2026-09-03 09:26:26.769933+00
88da4e8f-9dad-4703-9dd4-bd6e8377c9b9,8689 6453 5689 0040,merchant_allocated,bc3951f9-ff8c-436b-8322-e5dd6592ca4b,2026-09-05 05:47:39.366708+00,,,9c2a0db3-c7e6-4d04-8b65-6cb56ec6b9f7,2026-09-05 05:42:03.795053+00
88f615ec-6707-408e-9dd5-8d6d779ff5b9,2173 6567 3333 0336,merchant_allocated,c74f8bef-6fd7-40f2-a363-1daa167d0439,2026-09-03 09:31:57.289663+00,,,9c2a0db3-c7e6-4d04-8b65-6cb56ec6b9f7,2026-09-03 09:26:26.769933+00
88f8b508-b741-4c54-8529-757aa779d0ab,8783 5621 8877 0116,merchant_allocated,b64a2ee7-5fc4-434d-9b92-1fa730df2810,2026-09-09 05:29:06.233162+00,,,9c2a0db3-c7e6-4d04-8b65-6cb56ec6b9f7,2026-09-09 05:20:59.714662+00
89073818-dc7e-431c-8f8a-743181ae0028,4555 8645 9367 0168,merchant_allocated,63c2aeec-7410-4c78-9a68-beb45b1c622c,2026-08-27 11:40:23.347781+00,,,9c2a0db3-c7e6-4d04-8b65-6cb56ec6b9f7,2026-08-27 11:34:13.556736+00
892a899e-5c99-41ec-a5d3-c038dcab23da,4821 4444 0000 1100,merchant_allocated,merch_  7,2026-08-03 17:46:28.931088+00,,,9c2a0db3-c7e6-4d04-8b65-6cb56ec6b9f7,2026-08-03 17:45:59.017505+00
894c8501-64a7-49f8-967c-40a2c989a091,2176 6567 3333 0425,unassigned,,,,,9c2a0db3-c7e6-4d04-8b65-6cb56ec6b9f7,2026-09-03 09:06:17.550685+00
8984c625-adc4-47ea-80d5-1312908a8b64,8667 7863 7616 0138,merchant_allocated,75eff299-f162-4427-8b08-04f404141ef9,2026-09-09 10:29:54.922115+00,,,9c2a0db3-c7e6-4d04-8b65-6cb56ec6b9f7,2026-09-09 10:16:46.810748+00
89871339-f83e-4bb4-80f1-bf2c3bebd2f8,8667 7863 7616 0214,merchant_allocated,75eff299-f162-4427-8b08-04f404141ef9,2026-09-09 10:29:54.922115+00,,,9c2a0db3-c7e6-4d04-8b65-6cb56ec6b9f7,2026-09-09 10:16:46.810748+00
89b98fb8-9304-4e40-ba4f-bdd49ea6a308,2176 6567 3333 0255,unassigned,,,,,9c2a0db3-c7e6-4d04-8b65-6cb56ec6b9f7,2026-09-03 09:06:17.550685+00
89beb7d6-db16-46f2-a5d8-c9452a4fe1c9,4821 4444 0000 4600,merchant_allocated,merch_  7,2026-08-03 17:46:28.931088+00,,,9c2a0db3-c7e6-4d04-8b65-6cb56ec6b9f7,2026-08-03 17:45:59.017505+00
89d955dc-ead7-46f8-92cf-2542354dcd4b,7567 5342 8633 0012,merchant_allocated,4bf2fb6b-bdf3-49d3-ac1b-1e6e746c6643,2026-07-21 16:11:58.441179+00,,,9c2a0db3-c7e6-4d04-8b65-6cb56ec6b9f7,2026-07-21 16:10:31.33396+00
89f8b004-eec1-4fe5-be9c-e0044b6b4203,2176 6567 3333 0349,unassigned,,,,,9c2a0db3-c7e6-4d04-8b65-6cb56ec6b9f7,2026-09-03 09:06:17.550685+00
8a23fb37-8123-4fc6-a390-4ce88eed2b70,2173 6567 3333 0033,merchant_allocated,c74f8bef-6fd7-40f2-a363-1daa167d0439,2026-09-03 09:31:57.289663+00,,,9c2a0db3-c7e6-4d04-8b65-6cb56ec6b9f7,2026-09-03 09:26:26.769933+00
8a2685f9-a992-4119-ad57-ef613d4341ad,8783 5621 8877 0157,merchant_allocated,b64a2ee7-5fc4-434d-9b92-1fa730df2810,2026-09-09 05:29:06.233162+00,,,9c2a0db3-c7e6-4d04-8b65-6cb56ec6b9f7,2026-09-09 05:20:59.714662+00
8a2e2a39-72bb-4ac4-a718-50b38766e0a1,2173 6567 3333 0409,merchant_allocated,c74f8bef-6fd7-40f2-a363-1daa167d0439,2026-09-03 09:31:57.289663+00,,,9c2a0db3-c7e6-4d04-8b65-6cb56ec6b9f7,2026-09-03 09:26:26.769933+00
8adff9e4-4a8b-4933-aff3-7faca12c5d22,8783 5621 8877 0460,merchant_allocated,b64a2ee7-5fc4-434d-9b92-1fa730df2810,2026-09-09 05:29:06.233162+00,,,9c2a0db3-c7e6-4d04-8b65-6cb56ec6b9f7,2026-09-09 05:20:59.714662+00
8b0b586c-4e19-43f7-8982-8e9a69c5c59f,8689 6453 5689 0010,merchant_allocated,bc3951f9-ff8c-436b-8322-e5dd6592ca4b,2026-09-05 05:47:39.366708+00,,,9c2a0db3-c7e6-4d04-8b65-6cb56ec6b9f7,2026-09-05 05:42:03.795053+00
8b1313a7-7059-48ec-a601-b698796db12b,8783 5621 8877 0222,merchant_allocated,b64a2ee7-5fc4-434d-9b92-1fa730df2810,2026-09-09 05:29:06.233162+00,,,9c2a0db3-c7e6-4d04-8b65-6cb56ec6b9f7,2026-09-09 05:20:59.714662+00
8b363163-5a48-4985-a7c7-851975ea9619,7567 5342 8633 0028,merchant_allocated,4bf2fb6b-bdf3-49d3-ac1b-1e6e746c6643,2026-07-21 16:11:58.441179+00,,,9c2a0db3-c7e6-4d04-8b65-6cb56ec6b9f7,2026-07-21 16:10:31.33396+00
8b47a060-c971-4dc8-9dbf-4f5ccfcc56f7,8667 7863 7616 0198,merchant_allocated,75eff299-f162-4427-8b08-04f404141ef9,2026-09-09 10:29:54.922115+00,,,9c2a0db3-c7e6-4d04-8b65-6cb56ec6b9f7,2026-09-09 10:16:46.810748+00
8b65f9db-5f52-4dbb-938d-a441718cddd2,2176 6567 3333 0421,unassigned,,,,,9c2a0db3-c7e6-4d04-8b65-6cb56ec6b9f7,2026-09-03 09:06:17.550685+00
8b66ceab-7a9c-40ed-878d-4fdc800062a6,4821 4444 0000 4300,merchant_allocated,merch_  7,2026-08-03 17:46:28.931088+00,,,9c2a0db3-c7e6-4d04-8b65-6cb56ec6b9f7,2026-08-03 17:45:59.017505+00
8b755f0d-8d00-4cdf-bf5a-22611e5e759f,2176 6567 3333 0136,unassigned,,,,,9c2a0db3-c7e6-4d04-8b65-6cb56ec6b9f7,2026-09-03 09:06:17.550685+00
8b8e538b-9548-4b3f-b3bc-3ba9cd78744a,2173 6567 3333 0403,merchant_allocated,c74f8bef-6fd7-40f2-a363-1daa167d0439,2026-09-03 09:31:57.289663+00,,,9c2a0db3-c7e6-4d04-8b65-6cb56ec6b9f7,2026-09-03 09:26:26.769933+00
8b92df75-2094-477e-912f-bcbde1d7fed5,8667 7863 7616 0362,merchant_allocated,75eff299-f162-4427-8b08-04f404141ef9,2026-09-09 10:29:54.922115+00,,,9c2a0db3-c7e6-4d04-8b65-6cb56ec6b9f7,2026-09-09 10:16:46.810748+00
8ba594b7-5506-424d-a254-f18b3588bf9f,4555 8645 9367 0421,merchant_allocated,63c2aeec-7410-4c78-9a68-beb45b1c622c,2026-08-27 11:40:23.347781+00,,,9c2a0db3-c7e6-4d04-8b65-6cb56ec6b9f7,2026-08-27 11:34:13.556736+00
8bfe1744-aafc-4d82-900b-260db2b1e04d,8783 5621 8877 0258,merchant_allocated,b64a2ee7-5fc4-434d-9b92-1fa730df2810,2026-09-09 05:29:06.233162+00,,,9c2a0db3-c7e6-4d04-8b65-6cb56ec6b9f7,2026-09-09 05:20:59.714662+00
8bff33f1-c141-4202-986d-4d6951148d11,8783 5621 8877 0040,merchant_allocated,b64a2ee7-5fc4-434d-9b92-1fa730df2810,2026-09-09 05:29:06.233162+00,,,9c2a0db3-c7e6-4d04-8b65-6cb56ec6b9f7,2026-09-09 05:20:59.714662+00
8c111be6-65f5-4955-8a34-dbefa8271ff4,2176 6567 3333 0382,unassigned,,,,,9c2a0db3-c7e6-4d04-8b65-6cb56ec6b9f7,2026-09-03 09:06:17.550685+00
8c22129e-0f72-400b-9d62-8926905fa18c,4555 8645 9367 0155,merchant_allocated,63c2aeec-7410-4c78-9a68-beb45b1c622c,2026-08-27 11:40:23.347781+00,,,9c2a0db3-c7e6-4d04-8b65-6cb56ec6b9f7,2026-08-27 11:34:13.556736+00
8c226a02-2f6a-488b-a020-3690cf25e32f,2176 6567 3333 0479,unassigned,,,,,9c2a0db3-c7e6-4d04-8b65-6cb56ec6b9f7,2026-09-03 09:06:17.550685+00
8c23acc7-13a0-4f8a-a16a-aa5d2c04fffc,2176 6567 3333 0108,unassigned,,,,,9c2a0db3-c7e6-4d04-8b65-6cb56ec6b9f7,2026-09-03 09:06:17.550685+00
8c34fc60-396c-41c9-81b8-0e089c80a62b,8667 7863 7616 0151,merchant_allocated,75eff299-f162-4427-8b08-04f404141ef9,2026-09-09 10:29:54.922115+00,,,9c2a0db3-c7e6-4d04-8b65-6cb56ec6b9f7,2026-09-09 10:16:46.810748+00
8c374e3b-4acb-4dbe-8205-456e5ed8313a,4555 8645 9367 0058,merchant_allocated,63c2aeec-7410-4c78-9a68-beb45b1c622c,2026-08-27 11:40:23.347781+00,,,9c2a0db3-c7e6-4d04-8b65-6cb56ec6b9f7,2026-08-27 11:34:13.556736+00
8c3c7fbe-2b70-44dd-84bd-e6e3041299b3,2176 6567 3333 0123,unassigned,,,,,9c2a0db3-c7e6-4d04-8b65-6cb56ec6b9f7,2026-09-03 09:06:17.550685+00
8c51406e-0e0f-4b6a-9eaa-de6438a2dde3,8689 6453 5689 0080,merchant_allocated,bc3951f9-ff8c-436b-8322-e5dd6592ca4b,2026-09-05 05:47:39.366708+00,,,9c2a0db3-c7e6-4d04-8b65-6cb56ec6b9f7,2026-09-05 05:42:03.795053+00
8c5822cc-8708-4196-98a2-715ade064f1f,8667 7863 7616 0217,merchant_allocated,75eff299-f162-4427-8b08-04f404141ef9,2026-09-09 10:29:54.922115+00,,,9c2a0db3-c7e6-4d04-8b65-6cb56ec6b9f7,2026-09-09 10:16:46.810748+00
8ca2f6d2-31ab-40c8-91cf-5e7b2aec3659,2173 6567 3333 0352,merchant_allocated,c74f8bef-6fd7-40f2-a363-1daa167d0439,2026-09-03 09:31:57.289663+00,,,9c2a0db3-c7e6-4d04-8b65-6cb56ec6b9f7,2026-09-03 09:26:26.769933+00
8cda569b-5c13-458b-bb61-757ef8f73b2d,8667 7863 7616 0023,merchant_allocated,75eff299-f162-4427-8b08-04f404141ef9,2026-09-09 10:29:54.922115+00,,,9c2a0db3-c7e6-4d04-8b65-6cb56ec6b9f7,2026-09-09 10:16:46.810748+00
8ce198ce-4c92-4921-affe-0bf25552a664,4555 8645 9367 0288,merchant_allocated,63c2aeec-7410-4c78-9a68-beb45b1c622c,2026-08-27 11:40:23.347781+00,,,9c2a0db3-c7e6-4d04-8b65-6cb56ec6b9f7,2026-08-27 11:34:13.556736+00
8d08326b-694e-4bd5-81bd-9cbd8837d51a,8667 7863 7616 0013,merchant_allocated,75eff299-f162-4427-8b08-04f404141ef9,2026-09-09 10:29:54.922115+00,,,9c2a0db3-c7e6-4d04-8b65-6cb56ec6b9f7,2026-09-09 10:16:46.810748+00
8d1e20c0-ea26-4364-9baa-90dc0afd1e8a,8783 5621 8877 0167,merchant_allocated,b64a2ee7-5fc4-434d-9b92-1fa730df2810,2026-09-09 05:29:06.233162+00,,,9c2a0db3-c7e6-4d04-8b65-6cb56ec6b9f7,2026-09-09 05:20:59.714662+00
8d3c8efc-c9ae-4862-bc7a-faafce903bbe,4555 8645 9367 0209,merchant_allocated,63c2aeec-7410-4c78-9a68-beb45b1c622c,2026-08-27 11:40:23.347781+00,,,9c2a0db3-c7e6-4d04-8b65-6cb56ec6b9f7,2026-08-27 11:34:13.556736+00
8d4bc452-cc1a-4ba4-a889-2fe51ce11afe,8783 5621 8877 0305,member_linked,b64a2ee7-5fc4-434d-9b92-1fa730df2810,2026-09-09 05:29:06.233162+00,577814cd-30ad-4726-8a6a-b1929ed79b21,2026-09-28 05:48:40.164256+00,9c2a0db3-c7e6-4d04-8b65-6cb56ec6b9f7,2026-09-09 05:20:59.714662+00
8d8e6cf4-9a49-4317-b9fd-dade5e28d80c,4555 8645 9367 0157,merchant_allocated,63c2aeec-7410-4c78-9a68-beb45b1c622c,2026-08-27 11:40:23.347781+00,,,9c2a0db3-c7e6-4d04-8b65-6cb56ec6b9f7,2026-08-27 11:34:13.556736+00
8d9c8513-aba3-497d-9bf1-465e9a90c871,4555 8645 9367 0064,merchant_allocated,63c2aeec-7410-4c78-9a68-beb45b1c622c,2026-08-27 11:40:23.347781+00,,,9c2a0db3-c7e6-4d04-8b65-6cb56ec6b9f7,2026-08-27 11:34:13.556736+00
8dbfc023-9b86-4898-9a0f-eed2318d6711,4555 8645 9367 0032,merchant_allocated,63c2aeec-7410-4c78-9a68-beb45b1c622c,2026-08-27 11:40:23.347781+00,,,9c2a0db3-c7e6-4d04-8b65-6cb56ec6b9f7,2026-08-27 11:34:13.556736+00
8ddabf43-dc99-4887-bd07-a53fd3bcac05,8783 5621 8877 0188,merchant_allocated,b64a2ee7-5fc4-434d-9b92-1fa730df2810,2026-09-09 05:29:06.233162+00,,,9c2a0db3-c7e6-4d04-8b65-6cb56ec6b9f7,2026-09-09 05:20:59.714662+00
8ddf497f-8473-427a-a9f2-173714338212,8667 7863 7616 0268,merchant_allocated,75eff299-f162-4427-8b08-04f404141ef9,2026-09-09 10:29:54.922115+00,,,9c2a0db3-c7e6-4d04-8b65-6cb56ec6b9f7,2026-09-09 10:16:46.810748+00
8dead570-0b33-499c-9600-a390c7cb2660,4555 8645 9367 0257,merchant_allocated,63c2aeec-7410-4c78-9a68-beb45b1c622c,2026-08-27 11:40:23.347781+00,,,9c2a0db3-c7e6-4d04-8b65-6cb56ec6b9f7,2026-08-27 11:34:13.556736+00
8e0d2956-9c96-4b34-b40e-c4be1b414eae,8783 5621 8877 0204,merchant_allocated,b64a2ee7-5fc4-434d-9b92-1fa730df2810,2026-09-09 05:29:06.233162+00,,,9c2a0db3-c7e6-4d04-8b65-6cb56ec6b9f7,2026-09-09 05:20:59.714662+00
8e134f7a-2f8b-43cf-a9fd-1373dcb6a372,8783 5621 8877 0223,merchant_allocated,b64a2ee7-5fc4-434d-9b92-1fa730df2810,2026-09-09 05:29:06.233162+00,,,9c2a0db3-c7e6-4d04-8b65-6cb56ec6b9f7,2026-09-09 05:20:59.714662+00
8e6a319d-ca19-457a-a990-dd4e9b8993b0,4555 8645 9367 0111,merchant_allocated,63c2aeec-7410-4c78-9a68-beb45b1c622c,2026-08-27 11:40:23.347781+00,,,9c2a0db3-c7e6-4d04-8b65-6cb56ec6b9f7,2026-08-27 11:34:13.556736+00
8e6a6d9e-f848-43fd-96c9-568643310741,8667 7863 7616 0064,merchant_allocated,75eff299-f162-4427-8b08-04f404141ef9,2026-09-09 10:29:54.922115+00,,,9c2a0db3-c7e6-4d04-8b65-6cb56ec6b9f7,2026-09-09 10:16:46.810748+00
8e6f4bd1-774b-4254-a49d-9049c7350b42,2173 6567 3333 0219,merchant_allocated,c74f8bef-6fd7-40f2-a363-1daa167d0439,2026-09-03 09:31:57.289663+00,,,9c2a0db3-c7e6-4d04-8b65-6cb56ec6b9f7,2026-09-03 09:26:26.769933+00
8e72395a-c656-4580-a3d9-56669171272e,2173 6567 3333 0042,merchant_allocated,c74f8bef-6fd7-40f2-a363-1daa167d0439,2026-09-03 09:31:57.289663+00,,,9c2a0db3-c7e6-4d04-8b65-6cb56ec6b9f7,2026-09-03 09:26:26.769933+00
8e72c7e5-5cc0-41c4-82a7-04180f7120d2,8783 5621 8877 0282,merchant_allocated,b64a2ee7-5fc4-434d-9b92-1fa730df2810,2026-09-09 05:29:06.233162+00,,,9c2a0db3-c7e6-4d04-8b65-6cb56ec6b9f7,2026-09-09 05:20:59.714662+00
8e72c8eb-e759-4761-9646-f27ede3c683a,2173 6567 3333 0131,merchant_allocated,c74f8bef-6fd7-40f2-a363-1daa167d0439,2026-09-03 09:31:57.289663+00,,,9c2a0db3-c7e6-4d04-8b65-6cb56ec6b9f7,2026-09-03 09:26:26.769933+00
8e7e2f96-0d8a-461f-a19c-6fc3d651d84f,2176 6567 3333 0070,unassigned,,,,,9c2a0db3-c7e6-4d04-8b65-6cb56ec6b9f7,2026-09-03 09:06:17.550685+00
8e7e57c0-3bf7-454a-9a30-8c2a64188f5f,2176 6567 3333 0368,unassigned,,,,,9c2a0db3-c7e6-4d04-8b65-6cb56ec6b9f7,2026-09-03 09:06:17.550685+00
8e883265-2eeb-439c-acc2-646c130382d5,2176 6567 3333 0398,unassigned,,,,,9c2a0db3-c7e6-4d04-8b65-6cb56ec6b9f7,2026-09-03 09:06:17.550685+00
8e8b1569-90b5-4ba9-a65a-d4a1c7f6f4df,2173 6567 3333 0258,merchant_allocated,c74f8bef-6fd7-40f2-a363-1daa167d0439,2026-09-03 09:31:57.289663+00,,,9c2a0db3-c7e6-4d04-8b65-6cb56ec6b9f7,2026-09-03 09:26:26.769933+00
8e8fdcbc-a434-40fe-bfc7-5ef84018e41b,4821 4444 0000 3500,merchant_allocated,merch_  7,2026-08-03 17:46:28.931088+00,,,9c2a0db3-c7e6-4d04-8b65-6cb56ec6b9f7,2026-08-03 17:45:59.017505+00
8e97c6dc-68b1-40c5-95f1-cef5204b25e5,2173 6567 3333 0138,merchant_allocated,c74f8bef-6fd7-40f2-a363-1daa167d0439,2026-09-03 09:31:57.289663+00,,,9c2a0db3-c7e6-4d04-8b65-6cb56ec6b9f7,2026-09-03 09:26:26.769933+00
8ea49763-bdde-42b1-a472-781acdda81c6,2176 6567 3333 0453,unassigned,,,,,9c2a0db3-c7e6-4d04-8b65-6cb56ec6b9f7,2026-09-03 09:06:17.550685+00
8eb09fcf-1d8c-4f76-8bbf-dbd36337e50a,8667 7863 7616 0040,merchant_allocated,75eff299-f162-4427-8b08-04f404141ef9,2026-09-09 10:29:54.922115+00,,,9c2a0db3-c7e6-4d04-8b65-6cb56ec6b9f7,2026-09-09 10:16:46.810748+00
8eb32070-8a49-4518-aaaa-e6a105df700b,4821 6739 0000 2700,merchant_allocated,merch_  6,2026-07-28 06:48:05.660888+00,,,9c2a0db3-c7e6-4d04-8b65-6cb56ec6b9f7,2026-07-28 06:47:38.92065+00
8ee7b099-7236-412a-990c-ac2933486d3a,8783 5621 8877 0288,merchant_allocated,b64a2ee7-5fc4-434d-9b92-1fa730df2810,2026-09-09 05:29:06.233162+00,,,9c2a0db3-c7e6-4d04-8b65-6cb56ec6b9f7,2026-09-09 05:20:59.714662+00
8f07bf71-9e24-426d-a9fe-5c39320d9539,2173 6567 3333 0245,merchant_allocated,c74f8bef-6fd7-40f2-a363-1daa167d0439,2026-09-03 09:31:57.289663+00,,,9c2a0db3-c7e6-4d04-8b65-6cb56ec6b9f7,2026-09-03 09:26:26.769933+00
8f07d7a1-d9bb-4cdb-b994-e634152f7d6c,8783 5621 8877 0052,merchant_allocated,b64a2ee7-5fc4-434d-9b92-1fa730df2810,2026-09-09 05:29:06.233162+00,,,9c2a0db3-c7e6-4d04-8b65-6cb56ec6b9f7,2026-09-09 05:20:59.714662+00
8f11ea2b-c43d-4bd2-a19e-22f348f4f7cb,4555 8645 9367 0011,member_linked,63c2aeec-7410-4c78-9a68-beb45b1c622c,2026-08-27 11:40:23.347781+00,5c931bbb-8fee-4280-9f07-3ee38768845b,2026-09-23 15:00:56.17351+00,9c2a0db3-c7e6-4d04-8b65-6cb56ec6b9f7,2026-08-27 11:34:13.556736+00
8f266dac-f746-4e04-b095-28d19c599978,2176 6567 3333 0418,unassigned,,,,,9c2a0db3-c7e6-4d04-8b65-6cb56ec6b9f7,2026-09-03 09:06:17.550685+00
8f465b9c-8978-419f-9855-141c5b9d01fe,7567 5342 8633 0086,merchant_allocated,4bf2fb6b-bdf3-49d3-ac1b-1e6e746c6643,2026-07-21 16:11:58.441179+00,,,9c2a0db3-c7e6-4d04-8b65-6cb56ec6b9f7,2026-07-21 16:10:31.33396+00
8f4bdab4-1ee1-48bc-87cd-4e62d685db33,2173 6567 3333 0119,merchant_allocated,c74f8bef-6fd7-40f2-a363-1daa167d0439,2026-09-03 09:31:57.289663+00,,,9c2a0db3-c7e6-4d04-8b65-6cb56ec6b9f7,2026-09-03 09:26:26.769933+00
8f60ff57-c00b-4b46-9a0a-767ee38e847d,2173 6567 3333 0416,merchant_allocated,c74f8bef-6fd7-40f2-a363-1daa167d0439,2026-09-03 09:31:57.289663+00,,,9c2a0db3-c7e6-4d04-8b65-6cb56ec6b9f7,2026-09-03 09:26:26.769933+00
8f61ecfa-2ae2-415a-932b-5498c9a568c1,2176 6567 3333 0219,unassigned,,,,,9c2a0db3-c7e6-4d04-8b65-6cb56ec6b9f7,2026-09-03 09:06:17.550685+00
8f625957-cabb-4e71-a95b-03ca5b555661,2176 6567 3333 0043,unassigned,,,,,9c2a0db3-c7e6-4d04-8b65-6cb56ec6b9f7,2026-09-03 09:06:17.550685+00
8f62d4ef-4858-492b-a102-e0f98d797bc4,2176 6567 3333 0008,unassigned,,,,,9c2a0db3-c7e6-4d04-8b65-6cb56ec6b9f7,2026-09-03 09:06:17.550685+00
8f91a56b-e542-45a2-b0f1-78c893cebc1b,8783 5621 8877 0095,merchant_allocated,b64a2ee7-5fc4-434d-9b92-1fa730df2810,2026-09-09 05:29:06.233162+00,,,9c2a0db3-c7e6-4d04-8b65-6cb56ec6b9f7,2026-09-09 05:20:59.714662+00
8f93e707-0adc-4173-adad-125f113843d9,2173 6567 3333 0335,merchant_allocated,c74f8bef-6fd7-40f2-a363-1daa167d0439,2026-09-03 09:31:57.289663+00,,,9c2a0db3-c7e6-4d04-8b65-6cb56ec6b9f7,2026-09-03 09:26:26.769933+00
8fd467a8-09c6-4aee-81d9-2a96d3fae3c4,8783 5621 8877 0443,merchant_allocated,b64a2ee7-5fc4-434d-9b92-1fa730df2810,2026-09-09 05:29:06.233162+00,,,9c2a0db3-c7e6-4d04-8b65-6cb56ec6b9f7,2026-09-09 05:20:59.714662+00
8fe483b4-a798-423c-bf0b-41ac25a61c4d,8667 7863 7616 0208,merchant_allocated,75eff299-f162-4427-8b08-04f404141ef9,2026-09-09 10:29:54.922115+00,,,9c2a0db3-c7e6-4d04-8b65-6cb56ec6b9f7,2026-09-09 10:16:46.810748+00
902e9e48-50d6-459d-b4a7-e241adfe5245,2173 6567 3333 0158,merchant_allocated,c74f8bef-6fd7-40f2-a363-1daa167d0439,2026-09-03 09:31:57.289663+00,,,9c2a0db3-c7e6-4d04-8b65-6cb56ec6b9f7,2026-09-03 09:26:26.769933+00
90305680-210d-4c52-bb5d-dccafcf01844,2176 6567 3333 0139,unassigned,,,,,9c2a0db3-c7e6-4d04-8b65-6cb56ec6b9f7,2026-09-03 09:06:17.550685+00
90450356-e4cd-4fef-af36-b5ed503d2c63,4555 8645 9367 0284,merchant_allocated,63c2aeec-7410-4c78-9a68-beb45b1c622c,2026-08-27 11:40:23.347781+00,,,9c2a0db3-c7e6-4d04-8b65-6cb56ec6b9f7,2026-08-27 11:34:13.556736+00
907b5351-9c4e-4c7e-b170-ef2d495d1b2f,2173 6567 3333 0451,merchant_allocated,c74f8bef-6fd7-40f2-a363-1daa167d0439,2026-09-03 09:31:57.289663+00,,,9c2a0db3-c7e6-4d04-8b65-6cb56ec6b9f7,2026-09-03 09:26:26.769933+00
9091b5f7-032c-4e1b-859f-fccdfea4dc11,2173 6567 3333 0450,merchant_allocated,c74f8bef-6fd7-40f2-a363-1daa167d0439,2026-09-03 09:31:57.289663+00,,,9c2a0db3-c7e6-4d04-8b65-6cb56ec6b9f7,2026-09-03 09:26:26.769933+00
90c38687-9b73-4f25-aa14-d2d8f851a228,8783 5621 8877 0464,merchant_allocated,b64a2ee7-5fc4-434d-9b92-1fa730df2810,2026-09-09 05:29:06.233162+00,,,9c2a0db3-c7e6-4d04-8b65-6cb56ec6b9f7,2026-09-09 05:20:59.714662+00
90d2a824-69bc-4fd4-9a1a-ce43e33ae0b8,8783 5621 8877 0450,merchant_allocated,b64a2ee7-5fc4-434d-9b92-1fa730df2810,2026-09-09 05:29:06.233162+00,,,9c2a0db3-c7e6-4d04-8b65-6cb56ec6b9f7,2026-09-09 05:20:59.714662+00
9105a170-d45a-4311-8e89-784ca29b01bc,4555 8645 9367 0487,merchant_allocated,63c2aeec-7410-4c78-9a68-beb45b1c622c,2026-08-27 11:40:23.347781+00,,,9c2a0db3-c7e6-4d04-8b65-6cb56ec6b9f7,2026-08-27 11:34:13.556736+00
913d29d2-d376-4bf8-97b2-f95f9428232e,2176 6567 3333 0460,unassigned,,,,,9c2a0db3-c7e6-4d04-8b65-6cb56ec6b9f7,2026-09-03 09:06:17.550685+00
914487d7-8bf1-4955-b686-ada63c567841,8667 7863 7616 0207,merchant_allocated,75eff299-f162-4427-8b08-04f404141ef9,2026-09-09 10:29:54.922115+00,,,9c2a0db3-c7e6-4d04-8b65-6cb56ec6b9f7,2026-09-09 10:16:46.810748+00
91502a00-d7ef-4c5e-9588-3e5d1b81bef3,4555 8645 9367 0222,merchant_allocated,63c2aeec-7410-4c78-9a68-beb45b1c622c,2026-08-27 11:40:23.347781+00,,,9c2a0db3-c7e6-4d04-8b65-6cb56ec6b9f7,2026-08-27 11:34:13.556736+00
9156a9d5-35ef-4734-b74f-c7ca2ad14f38,8667 7863 7616 0126,merchant_allocated,75eff299-f162-4427-8b08-04f404141ef9,2026-09-09 10:29:54.922115+00,,,9c2a0db3-c7e6-4d04-8b65-6cb56ec6b9f7,2026-09-09 10:16:46.810748+00
91584045-bc60-4007-bccd-4fa040cfca02,2176 6567 3333 0483,unassigned,,,,,9c2a0db3-c7e6-4d04-8b65-6cb56ec6b9f7,2026-09-03 09:06:17.550685+00
91606af7-af17-4d98-9054-c114fd9d8aa2,8667 7863 7616 0027,merchant_allocated,75eff299-f162-4427-8b08-04f404141ef9,2026-09-09 10:29:54.922115+00,,,9c2a0db3-c7e6-4d04-8b65-6cb56ec6b9f7,2026-09-09 10:16:46.810748+00
91752de3-7cd7-4cb0-846a-526654c22dfa,2176 6567 3333 0284,unassigned,,,,,9c2a0db3-c7e6-4d04-8b65-6cb56ec6b9f7,2026-09-03 09:06:17.550685+00
9186d04c-7c7d-4cc5-aa32-c0a404372883,8783 5621 8877 0063,merchant_allocated,b64a2ee7-5fc4-434d-9b92-1fa730df2810,2026-09-09 05:29:06.233162+00,,,9c2a0db3-c7e6-4d04-8b65-6cb56ec6b9f7,2026-09-09 05:20:59.714662+00
919171d7-6dba-463e-9f67-36bbb253db1c,8667 7863 7616 0240,merchant_allocated,75eff299-f162-4427-8b08-04f404141ef9,2026-09-09 10:29:54.922115+00,,,9c2a0db3-c7e6-4d04-8b65-6cb56ec6b9f7,2026-09-09 10:16:46.810748+00
91b90b6d-9300-464e-9918-9250b14e293f,2173 6567 3333 0081,merchant_allocated,c74f8bef-6fd7-40f2-a363-1daa167d0439,2026-09-03 09:31:57.289663+00,,,9c2a0db3-c7e6-4d04-8b65-6cb56ec6b9f7,2026-09-03 09:26:26.769933+00
91bdee97-b71b-47a1-b754-d66358dc8470,2176 6567 3333 0245,unassigned,,,,,9c2a0db3-c7e6-4d04-8b65-6cb56ec6b9f7,2026-09-03 09:06:17.550685+00
91d7630e-8df3-459a-89a0-e0a36c4ee828,2176 6567 3333 0441,unassigned,,,,,9c2a0db3-c7e6-4d04-8b65-6cb56ec6b9f7,2026-09-03 09:06:17.550685+00
91f30cc1-e616-47f9-9143-7d0f379508bd,8689 6453 5689 0073,merchant_allocated,bc3951f9-ff8c-436b-8322-e5dd6592ca4b,2026-09-05 05:47:39.366708+00,,,9c2a0db3-c7e6-4d04-8b65-6cb56ec6b9f7,2026-09-05 05:42:03.795053+00
9249855b-f922-4a84-84c9-07d2cd7e46de,8667 7863 7616 0082,merchant_allocated,75eff299-f162-4427-8b08-04f404141ef9,2026-09-09 10:29:54.922115+00,,,9c2a0db3-c7e6-4d04-8b65-6cb56ec6b9f7,2026-09-09 10:16:46.810748+00
9255e447-c305-419f-a695-de19a6a45a1c,2176 6567 3333 0376,unassigned,,,,,9c2a0db3-c7e6-4d04-8b65-6cb56ec6b9f7,2026-09-03 09:06:17.550685+00
926ba367-9edf-4041-bd3f-044044db87c3,2173 6567 3333 0334,merchant_allocated,c74f8bef-6fd7-40f2-a363-1daa167d0439,2026-09-03 09:31:57.289663+00,,,9c2a0db3-c7e6-4d04-8b65-6cb56ec6b9f7,2026-09-03 09:26:26.769933+00
92725af5-72e1-4aef-89c5-c786f8be2b30,8689 6453 5689 0109,merchant_allocated,bc3951f9-ff8c-436b-8322-e5dd6592ca4b,2026-09-05 05:47:39.366708+00,,,9c2a0db3-c7e6-4d04-8b65-6cb56ec6b9f7,2026-09-05 05:42:03.795053+00
92818aee-4734-4135-a7c0-6f9f0a862646,8783 5621 8877 0155,merchant_allocated,b64a2ee7-5fc4-434d-9b92-1fa730df2810,2026-09-09 05:29:06.233162+00,,,9c2a0db3-c7e6-4d04-8b65-6cb56ec6b9f7,2026-09-09 05:20:59.714662+00
928334aa-89b3-497c-8bb8-5b225e4c84f5,8783 5621 8877 0168,merchant_allocated,b64a2ee7-5fc4-434d-9b92-1fa730df2810,2026-09-09 05:29:06.233162+00,,,9c2a0db3-c7e6-4d04-8b65-6cb56ec6b9f7,2026-09-09 05:20:59.714662+00
92c48c56-fb5e-4b6b-b1c3-09ff060b0b79,4555 8645 9367 0450,merchant_allocated,63c2aeec-7410-4c78-9a68-beb45b1c622c,2026-08-27 11:40:23.347781+00,,,9c2a0db3-c7e6-4d04-8b65-6cb56ec6b9f7,2026-08-27 11:34:13.556736+00
92c575c4-45aa-4945-904e-4a0c4de5ce56,2173 6567 3333 0398,merchant_allocated,c74f8bef-6fd7-40f2-a363-1daa167d0439,2026-09-03 09:31:57.289663+00,,,9c2a0db3-c7e6-4d04-8b65-6cb56ec6b9f7,2026-09-03 09:26:26.769933+00
92dfa619-c769-4542-89d2-0f6f44ecdfed,4555 8645 9367 0366,merchant_allocated,63c2aeec-7410-4c78-9a68-beb45b1c622c,2026-08-27 11:40:23.347781+00,,,9c2a0db3-c7e6-4d04-8b65-6cb56ec6b9f7,2026-08-27 11:34:13.556736+00
92f3caed-6e1b-4cc1-95da-5b1a3a1e24e1,8783 5621 8877 0019,merchant_allocated,b64a2ee7-5fc4-434d-9b92-1fa730df2810,2026-09-09 05:29:06.233162+00,,,9c2a0db3-c7e6-4d04-8b65-6cb56ec6b9f7,2026-09-09 05:20:59.714662+00
93088459-d9f4-4894-b1d5-4b9b31e982eb,8783 5621 8877 0043,merchant_allocated,b64a2ee7-5fc4-434d-9b92-1fa730df2810,2026-09-09 05:29:06.233162+00,,,9c2a0db3-c7e6-4d04-8b65-6cb56ec6b9f7,2026-09-09 05:20:59.714662+00
932701b5-8358-4ecd-9b00-19267acbe63a,2176 6567 3333 0173,unassigned,,,,,9c2a0db3-c7e6-4d04-8b65-6cb56ec6b9f7,2026-09-03 09:06:17.550685+00
9327475a-79ce-4f84-b0f3-fcb3ed163047,8667 7863 7616 0020,merchant_allocated,75eff299-f162-4427-8b08-04f404141ef9,2026-09-09 10:29:54.922115+00,,,9c2a0db3-c7e6-4d04-8b65-6cb56ec6b9f7,2026-09-09 10:16:46.810748+00
932ab3fe-f122-422a-a2ab-f076465c458c,8667 7863 7616 0289,merchant_allocated,75eff299-f162-4427-8b08-04f404141ef9,2026-09-09 10:29:54.922115+00,,,9c2a0db3-c7e6-4d04-8b65-6cb56ec6b9f7,2026-09-09 10:16:46.810748+00
933d896d-d6ca-4401-a470-437f56526b55,2176 6567 3333 0278,unassigned,,,,,9c2a0db3-c7e6-4d04-8b65-6cb56ec6b9f7,2026-09-03 09:06:17.550685+00
935114a8-e210-42a5-8fba-8de036fb86b0,4821 4444 0000 2100,merchant_allocated,merch_  7,2026-08-03 17:46:28.931088+00,,,9c2a0db3-c7e6-4d04-8b65-6cb56ec6b9f7,2026-08-03 17:45:59.017505+00
93841b0a-9c37-42fa-8dd5-e0c0be6cc8a9,2173 6567 3333 0177,merchant_allocated,c74f8bef-6fd7-40f2-a363-1daa167d0439,2026-09-03 09:31:57.289663+00,,,9c2a0db3-c7e6-4d04-8b65-6cb56ec6b9f7,2026-09-03 09:26:26.769933+00
938af9ba-a48e-433e-8278-e0ef4cc412e9,2173 6567 3333 0076,merchant_allocated,c74f8bef-6fd7-40f2-a363-1daa167d0439,2026-09-03 09:31:57.289663+00,,,9c2a0db3-c7e6-4d04-8b65-6cb56ec6b9f7,2026-09-03 09:26:26.769933+00
938db4a3-8431-4a52-8399-9e7db6aee833,2173 6567 3333 0071,merchant_allocated,c74f8bef-6fd7-40f2-a363-1daa167d0439,2026-09-03 09:31:57.289663+00,,,9c2a0db3-c7e6-4d04-8b65-6cb56ec6b9f7,2026-09-03 09:26:26.769933+00
93980326-4715-4e71-8ea1-c51a1a098cda,2173 6567 3333 0097,merchant_allocated,c74f8bef-6fd7-40f2-a363-1daa167d0439,2026-09-03 09:31:57.289663+00,,,9c2a0db3-c7e6-4d04-8b65-6cb56ec6b9f7,2026-09-03 09:26:26.769933+00
93a33b55-cd52-42da-9b5d-8b629b93a3dc,8667 7863 7616 0424,merchant_allocated,75eff299-f162-4427-8b08-04f404141ef9,2026-09-09 10:29:54.922115+00,,,9c2a0db3-c7e6-4d04-8b65-6cb56ec6b9f7,2026-09-09 10:16:46.810748+00
93aac3d6-f137-48bf-b8c3-506e566b799b,2176 6567 3333 0208,unassigned,,,,,9c2a0db3-c7e6-4d04-8b65-6cb56ec6b9f7,2026-09-03 09:06:17.550685+00
93ac080a-e94e-4996-a721-73015c6885ff,8783 5621 8877 0200,merchant_allocated,b64a2ee7-5fc4-434d-9b92-1fa730df2810,2026-09-09 05:29:06.233162+00,,,9c2a0db3-c7e6-4d04-8b65-6cb56ec6b9f7,2026-09-09 05:20:59.714662+00
93bec970-73d0-43b5-b519-76421173fcbe,8667 7863 7616 0205,merchant_allocated,75eff299-f162-4427-8b08-04f404141ef9,2026-09-09 10:29:54.922115+00,,,9c2a0db3-c7e6-4d04-8b65-6cb56ec6b9f7,2026-09-09 10:16:46.810748+00
93fac4d6-c81c-4d9e-ab08-c4e84553c2ce,8783 5621 8877 0311,merchant_allocated,b64a2ee7-5fc4-434d-9b92-1fa730df2810,2026-09-09 05:29:06.233162+00,,,9c2a0db3-c7e6-4d04-8b65-6cb56ec6b9f7,2026-09-09 05:20:59.714662+00
9413df1b-3725-4f47-8bf3-ee5b79d1473c,4555 8645 9367 0277,merchant_allocated,63c2aeec-7410-4c78-9a68-beb45b1c622c,2026-08-27 11:40:23.347781+00,,,9c2a0db3-c7e6-4d04-8b65-6cb56ec6b9f7,2026-08-27 11:34:13.556736+00
943d32b2-abfd-427a-ae62-259ac17e20ae,2173 6567 3333 0108,merchant_allocated,c74f8bef-6fd7-40f2-a363-1daa167d0439,2026-09-03 09:31:57.289663+00,,,9c2a0db3-c7e6-4d04-8b65-6cb56ec6b9f7,2026-09-03 09:26:26.769933+00
9452a1a8-d5e7-4190-906f-541e19536307,2176 6567 3333 0298,unassigned,,,,,9c2a0db3-c7e6-4d04-8b65-6cb56ec6b9f7,2026-09-03 09:06:17.550685+00
94672f49-f8e5-4f07-bc1c-17bd1502fcfb,8783 5621 8877 0248,merchant_allocated,b64a2ee7-5fc4-434d-9b92-1fa730df2810,2026-09-09 05:29:06.233162+00,,,9c2a0db3-c7e6-4d04-8b65-6cb56ec6b9f7,2026-09-09 05:20:59.714662+00
94774c3b-adac-426c-9f90-a278d4530f4a,4555 8645 9367 0343,merchant_allocated,63c2aeec-7410-4c78-9a68-beb45b1c622c,2026-08-27 11:40:23.347781+00,,,9c2a0db3-c7e6-4d04-8b65-6cb56ec6b9f7,2026-08-27 11:34:13.556736+00
94782075-28d0-4570-9acb-6b0fc4f0df04,8783 5621 8877 0193,merchant_allocated,b64a2ee7-5fc4-434d-9b92-1fa730df2810,2026-09-09 05:29:06.233162+00,,,9c2a0db3-c7e6-4d04-8b65-6cb56ec6b9f7,2026-09-09 05:20:59.714662+00
9483720d-4c63-4746-b9ea-6914b0f918b9,8783 5621 8877 0474,merchant_allocated,b64a2ee7-5fc4-434d-9b92-1fa730df2810,2026-09-09 05:29:06.233162+00,,,9c2a0db3-c7e6-4d04-8b65-6cb56ec6b9f7,2026-09-09 05:20:59.714662+00
94984e64-72cb-4032-b813-9e015c035934,8783 5621 8877 0022,merchant_allocated,b64a2ee7-5fc4-434d-9b92-1fa730df2810,2026-09-09 05:29:06.233162+00,,,9c2a0db3-c7e6-4d04-8b65-6cb56ec6b9f7,2026-09-09 05:20:59.714662+00
94d1f4bb-d5b1-48f3-a63c-b62c485bb533,8667 7863 7616 0009,member_linked,75eff299-f162-4427-8b08-04f404141ef9,2026-09-09 10:29:54.922115+00,1c40355f-1b0e-4f7d-b533-02a0c0bbf62d,2026-09-26 12:08:54.833212+00,9c2a0db3-c7e6-4d04-8b65-6cb56ec6b9f7,2026-09-09 10:16:46.810748+00
9501c202-1b2c-4f10-989b-a4d53b4a4b41,2173 6567 3333 0274,merchant_allocated,c74f8bef-6fd7-40f2-a363-1daa167d0439,2026-09-03 09:31:57.289663+00,,,9c2a0db3-c7e6-4d04-8b65-6cb56ec6b9f7,2026-09-03 09:26:26.769933+00
9511a816-172f-4c2b-9ab9-f4a9d49df850,2173 6567 3333 0353,merchant_allocated,c74f8bef-6fd7-40f2-a363-1daa167d0439,2026-09-03 09:31:57.289663+00,,,9c2a0db3-c7e6-4d04-8b65-6cb56ec6b9f7,2026-09-03 09:26:26.769933+00
9512d858-b5e6-4a1a-83f5-3206e8d1d32f,8783 5621 8877 0307,member_linked,b64a2ee7-5fc4-434d-9b92-1fa730df2810,2026-09-09 05:29:06.233162+00,a52b28f6-d5a3-4f37-b120-cba038e8f519,2026-09-29 08:39:16.627435+00,9c2a0db3-c7e6-4d04-8b65-6cb56ec6b9f7,2026-09-09 05:20:59.714662+00
9528777c-3baa-40b5-b96e-f3b6eda354cf,8667 7863 7616 0117,merchant_allocated,75eff299-f162-4427-8b08-04f404141ef9,2026-09-09 10:29:54.922115+00,,,9c2a0db3-c7e6-4d04-8b65-6cb56ec6b9f7,2026-09-09 10:16:46.810748+00
952a1036-8237-40c8-8e09-e213153054f4,4555 8645 9367 0137,merchant_allocated,63c2aeec-7410-4c78-9a68-beb45b1c622c,2026-08-27 11:40:23.347781+00,,,9c2a0db3-c7e6-4d04-8b65-6cb56ec6b9f7,2026-08-27 11:34:13.556736+00
9537c4e6-fa29-4460-92df-75b7ab46f81b,2173 6567 3333 0455,merchant_allocated,c74f8bef-6fd7-40f2-a363-1daa167d0439,2026-09-03 09:31:57.289663+00,,,9c2a0db3-c7e6-4d04-8b65-6cb56ec6b9f7,2026-09-03 09:26:26.769933+00
9551c625-1f5f-40a9-b840-33ab909566cb,2176 6567 3333 0366,unassigned,,,,,9c2a0db3-c7e6-4d04-8b65-6cb56ec6b9f7,2026-09-03 09:06:17.550685+00
956a27ea-712d-4706-9623-afb4d05d258a,8783 5621 8877 0389,merchant_allocated,b64a2ee7-5fc4-434d-9b92-1fa730df2810,2026-09-09 05:29:06.233162+00,,,9c2a0db3-c7e6-4d04-8b65-6cb56ec6b9f7,2026-09-09 05:20:59.714662+00
956c8c22-eaf3-4353-b6da-58670c893d69,8783 5621 8877 0197,merchant_allocated,b64a2ee7-5fc4-434d-9b92-1fa730df2810,2026-09-09 05:29:06.233162+00,,,9c2a0db3-c7e6-4d04-8b65-6cb56ec6b9f7,2026-09-09 05:20:59.714662+00
958cbdb3-ae84-4126-bccc-7a2333d25c5a,2176 6567 3333 0261,unassigned,,,,,9c2a0db3-c7e6-4d04-8b65-6cb56ec6b9f7,2026-09-03 09:06:17.550685+00
95c490c2-4bec-40a3-acc2-c2bfbc5baa7a,8667 7863 7616 0407,merchant_allocated,75eff299-f162-4427-8b08-04f404141ef9,2026-09-09 10:29:54.922115+00,,,9c2a0db3-c7e6-4d04-8b65-6cb56ec6b9f7,2026-09-09 10:16:46.810748+00
95d1567a-5834-499e-bf3a-86080d2af7fe,8667 7863 7616 0147,merchant_allocated,75eff299-f162-4427-8b08-04f404141ef9,2026-09-09 10:29:54.922115+00,,,9c2a0db3-c7e6-4d04-8b65-6cb56ec6b9f7,2026-09-09 10:16:46.810748+00
95d2ad9c-8c86-4638-891a-ade43eaa0842,4555 8645 9367 0299,merchant_allocated,63c2aeec-7410-4c78-9a68-beb45b1c622c,2026-08-27 11:40:23.347781+00,,,9c2a0db3-c7e6-4d04-8b65-6cb56ec6b9f7,2026-08-27 11:34:13.556736+00
95ffa8c9-7159-4ec5-bb3d-9161c4e24912,2173 6567 3333 0046,merchant_allocated,c74f8bef-6fd7-40f2-a363-1daa167d0439,2026-09-03 09:31:57.289663+00,,,9c2a0db3-c7e6-4d04-8b65-6cb56ec6b9f7,2026-09-03 09:26:26.769933+00
96307322-3440-45d0-989d-3c7be4919067,2173 6567 3333 0333,merchant_allocated,c74f8bef-6fd7-40f2-a363-1daa167d0439,2026-09-03 09:31:57.289663+00,,,9c2a0db3-c7e6-4d04-8b65-6cb56ec6b9f7,2026-09-03 09:26:26.769933+00
964bed5b-e9dd-4e27-a5fa-cef951ac3d88,8783 5621 8877 0309,merchant_allocated,b64a2ee7-5fc4-434d-9b92-1fa730df2810,2026-09-09 05:29:06.233162+00,,,9c2a0db3-c7e6-4d04-8b65-6cb56ec6b9f7,2026-09-09 05:20:59.714662+00
9656ee5c-aa6b-45f6-b5be-ceb2313d3ced,4555 8645 9367 0136,merchant_allocated,63c2aeec-7410-4c78-9a68-beb45b1c622c,2026-08-27 11:40:23.347781+00,,,9c2a0db3-c7e6-4d04-8b65-6cb56ec6b9f7,2026-08-27 11:34:13.556736+00
965b6012-78e6-4d03-afe8-e728431e320f,2176 6567 3333 0332,unassigned,,,,,9c2a0db3-c7e6-4d04-8b65-6cb56ec6b9f7,2026-09-03 09:06:17.550685+00
96640362-bc11-49e0-b343-718ff2b46911,2176 6567 3333 0268,unassigned,,,,,9c2a0db3-c7e6-4d04-8b65-6cb56ec6b9f7,2026-09-03 09:06:17.550685+00
96809a63-36bf-4091-9981-6fc047f90801,4555 8645 9367 0369,merchant_allocated,63c2aeec-7410-4c78-9a68-beb45b1c622c,2026-08-27 11:40:23.347781+00,,,9c2a0db3-c7e6-4d04-8b65-6cb56ec6b9f7,2026-08-27 11:34:13.556736+00
96b56eeb-c078-45ad-bf06-e74f06cde734,8783 5621 8877 0264,merchant_allocated,b64a2ee7-5fc4-434d-9b92-1fa730df2810,2026-09-09 05:29:06.233162+00,,,9c2a0db3-c7e6-4d04-8b65-6cb56ec6b9f7,2026-09-09 05:20:59.714662+00
96bfc8f7-5a99-422e-8713-b4fa0abfb374,2176 6567 3333 0381,unassigned,,,,,9c2a0db3-c7e6-4d04-8b65-6cb56ec6b9f7,2026-09-03 09:06:17.550685+00
96c4b2b1-0c0e-4df7-b928-5a8669e92ec3,2173 6567 3333 0268,merchant_allocated,c74f8bef-6fd7-40f2-a363-1daa167d0439,2026-09-03 09:31:57.289663+00,,,9c2a0db3-c7e6-4d04-8b65-6cb56ec6b9f7,2026-09-03 09:26:26.769933+00
96d4ae01-0513-4bb6-8614-ba3a4ec72970,8689 6453 5689 0085,merchant_allocated,bc3951f9-ff8c-436b-8322-e5dd6592ca4b,2026-09-05 05:47:39.366708+00,,,9c2a0db3-c7e6-4d04-8b65-6cb56ec6b9f7,2026-09-05 05:42:03.795053+00
971d334b-a19e-49ef-ba1f-b8cfbe595df6,8783 5621 8877 0158,merchant_allocated,b64a2ee7-5fc4-434d-9b92-1fa730df2810,2026-09-09 05:29:06.233162+00,,,9c2a0db3-c7e6-4d04-8b65-6cb56ec6b9f7,2026-09-09 05:20:59.714662+00
9740b36c-3e82-44a5-9285-8dbb8a130f2d,8783 5621 8877 0330,merchant_allocated,b64a2ee7-5fc4-434d-9b92-1fa730df2810,2026-09-09 05:29:06.233162+00,,,9c2a0db3-c7e6-4d04-8b65-6cb56ec6b9f7,2026-09-09 05:20:59.714662+00
974e7fbe-a335-4ba7-be5a-4006af5e161f,8783 5621 8877 0029,merchant_allocated,b64a2ee7-5fc4-434d-9b92-1fa730df2810,2026-09-09 05:29:06.233162+00,,,9c2a0db3-c7e6-4d04-8b65-6cb56ec6b9f7,2026-09-09 05:20:59.714662+00
97757a04-74cb-42d0-ad28-cf8d4f376785,2173 6567 3333 0367,merchant_allocated,c74f8bef-6fd7-40f2-a363-1daa167d0439,2026-09-03 09:31:57.289663+00,,,9c2a0db3-c7e6-4d04-8b65-6cb56ec6b9f7,2026-09-03 09:26:26.769933+00
9776ad5b-7dd4-4d3e-ab8b-eae86f24dd14,8783 5621 8877 0091,merchant_allocated,b64a2ee7-5fc4-434d-9b92-1fa730df2810,2026-09-09 05:29:06.233162+00,,,9c2a0db3-c7e6-4d04-8b65-6cb56ec6b9f7,2026-09-09 05:20:59.714662+00
9795a051-9285-4af8-a3c3-b34a2f80dfa1,2176 6567 3333 0277,unassigned,,,,,9c2a0db3-c7e6-4d04-8b65-6cb56ec6b9f7,2026-09-03 09:06:17.550685+00
97a6348f-2482-4894-93a7-ac3b65d75f54,8783 5621 8877 0087,merchant_allocated,b64a2ee7-5fc4-434d-9b92-1fa730df2810,2026-09-09 05:29:06.233162+00,,,9c2a0db3-c7e6-4d04-8b65-6cb56ec6b9f7,2026-09-09 05:20:59.714662+00
97b6d1c8-6a4f-467e-8399-3093c673c4f5,4821 4444 0000 3100,merchant_allocated,merch_  7,2026-08-03 17:46:28.931088+00,,,9c2a0db3-c7e6-4d04-8b65-6cb56ec6b9f7,2026-08-03 17:45:59.017505+00
97ec89a2-cd14-40ad-8e9a-a17b48a21f7d,8667 7863 7616 0014,merchant_allocated,75eff299-f162-4427-8b08-04f404141ef9,2026-09-09 10:29:54.922115+00,,,9c2a0db3-c7e6-4d04-8b65-6cb56ec6b9f7,2026-09-09 10:16:46.810748+00
97ee3ee2-0a90-4601-9570-83646e35b4d4,4555 8645 9367 0426,merchant_allocated,63c2aeec-7410-4c78-9a68-beb45b1c622c,2026-08-27 11:40:23.347781+00,,,9c2a0db3-c7e6-4d04-8b65-6cb56ec6b9f7,2026-08-27 11:34:13.556736+00
97f92741-4a56-44a7-80e0-9c60596bc351,8783 5621 8877 0254,merchant_allocated,b64a2ee7-5fc4-434d-9b92-1fa730df2810,2026-09-09 05:29:06.233162+00,,,9c2a0db3-c7e6-4d04-8b65-6cb56ec6b9f7,2026-09-09 05:20:59.714662+00
9801060b-9ac2-4432-aef2-14dd0de7a707,2176 6567 3333 0131,unassigned,,,,,9c2a0db3-c7e6-4d04-8b65-6cb56ec6b9f7,2026-09-03 09:06:17.550685+00
980a10a0-4951-45d7-af65-3ceb44125576,4555 8645 9367 0389,merchant_allocated,63c2aeec-7410-4c78-9a68-beb45b1c622c,2026-08-27 11:40:23.347781+00,,,9c2a0db3-c7e6-4d04-8b65-6cb56ec6b9f7,2026-08-27 11:34:13.556736+00
981d8a92-5838-499b-aa64-82418cbffd42,8667 7863 7616 0494,merchant_allocated,75eff299-f162-4427-8b08-04f404141ef9,2026-09-09 10:29:54.922115+00,,,9c2a0db3-c7e6-4d04-8b65-6cb56ec6b9f7,2026-09-09 10:16:46.810748+00
983e2f71-88f8-4de8-8f10-f267ad04d687,2173 6567 3333 0319,merchant_allocated,c74f8bef-6fd7-40f2-a363-1daa167d0439,2026-09-03 09:31:57.289663+00,,,9c2a0db3-c7e6-4d04-8b65-6cb56ec6b9f7,2026-09-03 09:26:26.769933+00
985449ed-0ad7-47b1-8d27-4d38fc752023,8689 6453 5689 0061,merchant_allocated,bc3951f9-ff8c-436b-8322-e5dd6592ca4b,2026-09-05 05:47:39.366708+00,,,9c2a0db3-c7e6-4d04-8b65-6cb56ec6b9f7,2026-09-05 05:42:03.795053+00
988aa089-cf33-4cc2-8406-dbd4c43f7907,4555 8645 9367 0323,merchant_allocated,63c2aeec-7410-4c78-9a68-beb45b1c622c,2026-08-27 11:40:23.347781+00,,,9c2a0db3-c7e6-4d04-8b65-6cb56ec6b9f7,2026-08-27 11:34:13.556736+00
989206e5-75e5-4518-8092-c6773e570124,8689 6453 5689 0007,merchant_allocated,bc3951f9-ff8c-436b-8322-e5dd6592ca4b,2026-09-05 05:47:39.366708+00,,,9c2a0db3-c7e6-4d04-8b65-6cb56ec6b9f7,2026-09-05 05:42:03.795053+00
9894dd86-c623-4114-a6af-3ee7b866096d,8667 7863 7616 0329,merchant_allocated,75eff299-f162-4427-8b08-04f404141ef9,2026-09-09 10:29:54.922115+00,,,9c2a0db3-c7e6-4d04-8b65-6cb56ec6b9f7,2026-09-09 10:16:46.810748+00
98a182af-8f07-43bb-87f3-855c902fe555,2173 6567 3333 0389,merchant_allocated,c74f8bef-6fd7-40f2-a363-1daa167d0439,2026-09-03 09:31:57.289663+00,,,9c2a0db3-c7e6-4d04-8b65-6cb56ec6b9f7,2026-09-03 09:26:26.769933+00
98b0f672-b573-42c5-a0b8-0f4c9ff60f19,2176 6567 3333 0413,unassigned,,,,,9c2a0db3-c7e6-4d04-8b65-6cb56ec6b9f7,2026-09-03 09:06:17.550685+00
98ba9ee1-f275-47cb-948d-dc624b971d70,2176 6567 3333 0371,unassigned,,,,,9c2a0db3-c7e6-4d04-8b65-6cb56ec6b9f7,2026-09-03 09:06:17.550685+00
98fe38d9-8515-4a7e-8da6-60603de2ab1b,8783 5621 8877 0445,merchant_allocated,b64a2ee7-5fc4-434d-9b92-1fa730df2810,2026-09-09 05:29:06.233162+00,,,9c2a0db3-c7e6-4d04-8b65-6cb56ec6b9f7,2026-09-09 05:20:59.714662+00
992155c1-efaf-4b7c-8b1e-62e51ead42df,8667 7863 7616 0286,merchant_allocated,75eff299-f162-4427-8b08-04f404141ef9,2026-09-09 10:29:54.922115+00,,,9c2a0db3-c7e6-4d04-8b65-6cb56ec6b9f7,2026-09-09 10:16:46.810748+00
99746495-3a0b-4cc5-aef9-b125c81d1757,7567 5342 8633 0095,merchant_allocated,4bf2fb6b-bdf3-49d3-ac1b-1e6e746c6643,2026-07-21 16:11:58.441179+00,,,9c2a0db3-c7e6-4d04-8b65-6cb56ec6b9f7,2026-07-21 16:10:31.33396+00
99773e2e-38cf-4d9d-9400-38f3abda94e2,4555 8645 9367 0333,merchant_allocated,63c2aeec-7410-4c78-9a68-beb45b1c622c,2026-08-27 11:40:23.347781+00,,,9c2a0db3-c7e6-4d04-8b65-6cb56ec6b9f7,2026-08-27 11:34:13.556736+00
9995e1e5-8c23-4e34-bfc2-e83bfa7e394c,8667 7863 7616 0445,merchant_allocated,75eff299-f162-4427-8b08-04f404141ef9,2026-09-09 10:29:54.922115+00,,,9c2a0db3-c7e6-4d04-8b65-6cb56ec6b9f7,2026-09-09 10:16:46.810748+00
999ffa5c-e68c-43dc-b3ff-4f8e0148497f,4555 8645 9367 0229,merchant_allocated,63c2aeec-7410-4c78-9a68-beb45b1c622c,2026-08-27 11:40:23.347781+00,,,9c2a0db3-c7e6-4d04-8b65-6cb56ec6b9f7,2026-08-27 11:34:13.556736+00
99bc1a4d-853b-4bd4-89d5-1f6628065054,8667 7863 7616 0244,merchant_allocated,75eff299-f162-4427-8b08-04f404141ef9,2026-09-09 10:29:54.922115+00,,,9c2a0db3-c7e6-4d04-8b65-6cb56ec6b9f7,2026-09-09 10:16:46.810748+00
99d2c5e2-30fa-4f87-ab18-fc12dcce64b0,4821 6739 0000 1900,merchant_allocated,merch_  6,2026-07-28 06:48:05.660888+00,,,9c2a0db3-c7e6-4d04-8b65-6cb56ec6b9f7,2026-07-28 06:47:38.92065+00
99e2ff10-2433-40f9-b07a-c040cd4336c7,8667 7863 7616 0257,merchant_allocated,75eff299-f162-4427-8b08-04f404141ef9,2026-09-09 10:29:54.922115+00,,,9c2a0db3-c7e6-4d04-8b65-6cb56ec6b9f7,2026-09-09 10:16:46.810748+00
9a0b3305-99ac-4208-8e33-cf3870fd8443,2173 6567 3333 0414,merchant_allocated,c74f8bef-6fd7-40f2-a363-1daa167d0439,2026-09-03 09:31:57.289663+00,,,9c2a0db3-c7e6-4d04-8b65-6cb56ec6b9f7,2026-09-03 09:26:26.769933+00
9a2dedaa-c936-477e-aabf-7e88fa4ed903,4555 8645 9367 0272,merchant_allocated,63c2aeec-7410-4c78-9a68-beb45b1c622c,2026-08-27 11:40:23.347781+00,,,9c2a0db3-c7e6-4d04-8b65-6cb56ec6b9f7,2026-08-27 11:34:13.556736+00
9a2f7812-54d6-431b-bdd1-2f2eb377c46a,4821 6739 0000 0700,merchant_allocated,merch_  6,2026-07-28 06:48:05.660888+00,,,9c2a0db3-c7e6-4d04-8b65-6cb56ec6b9f7,2026-07-28 06:47:38.92065+00
9a3a0fd6-d475-4dfe-9546-af14126cd530,4555 8645 9367 0488,merchant_allocated,63c2aeec-7410-4c78-9a68-beb45b1c622c,2026-08-27 11:40:23.347781+00,,,9c2a0db3-c7e6-4d04-8b65-6cb56ec6b9f7,2026-08-27 11:34:13.556736+00
9a3a8ad2-01ca-49c7-bb98-db4238f1789f,8667 7863 7616 0076,merchant_allocated,75eff299-f162-4427-8b08-04f404141ef9,2026-09-09 10:29:54.922115+00,,,9c2a0db3-c7e6-4d04-8b65-6cb56ec6b9f7,2026-09-09 10:16:46.810748+00
9a6258f0-9925-4647-96b0-6dded31626ed,4555 8645 9367 0308,merchant_allocated,63c2aeec-7410-4c78-9a68-beb45b1c622c,2026-08-27 11:40:23.347781+00,,,9c2a0db3-c7e6-4d04-8b65-6cb56ec6b9f7,2026-08-27 11:34:13.556736+00
9a71218f-d6c7-44e6-bbc2-ce39da58c332,8667 7863 7616 0348,merchant_allocated,75eff299-f162-4427-8b08-04f404141ef9,2026-09-09 10:29:54.922115+00,,,9c2a0db3-c7e6-4d04-8b65-6cb56ec6b9f7,2026-09-09 10:16:46.810748+00
9b26bc8b-218b-4abd-9087-fcaca6ed1fdf,8667 7863 7616 0382,merchant_allocated,75eff299-f162-4427-8b08-04f404141ef9,2026-09-09 10:29:54.922115+00,,,9c2a0db3-c7e6-4d04-8b65-6cb56ec6b9f7,2026-09-09 10:16:46.810748+00
9b342f5f-2986-466a-a8aa-62342b15d4df,2176 6567 3333 0004,unassigned,,,,,9c2a0db3-c7e6-4d04-8b65-6cb56ec6b9f7,2026-09-03 09:06:17.550685+00
9b453cb1-969a-41fc-9ca4-0c08618d55b0,8667 7863 7616 0294,merchant_allocated,75eff299-f162-4427-8b08-04f404141ef9,2026-09-09 10:29:54.922115+00,,,9c2a0db3-c7e6-4d04-8b65-6cb56ec6b9f7,2026-09-09 10:16:46.810748+00
9b62d450-32fa-4817-8d1b-15a8b3767276,2173 6567 3333 0027,merchant_allocated,c74f8bef-6fd7-40f2-a363-1daa167d0439,2026-09-03 09:31:57.289663+00,,,9c2a0db3-c7e6-4d04-8b65-6cb56ec6b9f7,2026-09-03 09:26:26.769933+00
9b6d823c-c887-4826-9a84-d7a198b158cc,8689 6453 5689 0065,merchant_allocated,bc3951f9-ff8c-436b-8322-e5dd6592ca4b,2026-09-05 05:47:39.366708+00,,,9c2a0db3-c7e6-4d04-8b65-6cb56ec6b9f7,2026-09-05 05:42:03.795053+00
9bbf6126-95c7-46ff-b851-799b38a07c35,7567 5342 8633 0021,merchant_allocated,4bf2fb6b-bdf3-49d3-ac1b-1e6e746c6643,2026-07-21 16:11:58.441179+00,,,9c2a0db3-c7e6-4d04-8b65-6cb56ec6b9f7,2026-07-21 16:10:31.33396+00
9bbfd4f4-996c-4bce-81f6-5db225652865,8667 7863 7616 0186,merchant_allocated,75eff299-f162-4427-8b08-04f404141ef9,2026-09-09 10:29:54.922115+00,,,9c2a0db3-c7e6-4d04-8b65-6cb56ec6b9f7,2026-09-09 10:16:46.810748+00
9bc2ee31-1199-4c39-9226-68d7a7af555f,4555 8645 9367 0264,merchant_allocated,63c2aeec-7410-4c78-9a68-beb45b1c622c,2026-08-27 11:40:23.347781+00,,,9c2a0db3-c7e6-4d04-8b65-6cb56ec6b9f7,2026-08-27 11:34:13.556736+00
9bcb73a3-e097-4965-95af-735702e46caf,2173 6567 3333 0129,merchant_allocated,c74f8bef-6fd7-40f2-a363-1daa167d0439,2026-09-03 09:31:57.289663+00,,,9c2a0db3-c7e6-4d04-8b65-6cb56ec6b9f7,2026-09-03 09:26:26.769933+00
9bce2b25-adfa-4161-a0b7-481e1ac75185,8689 6453 5689 0098,merchant_allocated,bc3951f9-ff8c-436b-8322-e5dd6592ca4b,2026-09-05 05:47:39.366708+00,,,9c2a0db3-c7e6-4d04-8b65-6cb56ec6b9f7,2026-09-05 05:42:03.795053+00
9be53cd4-8919-429f-b690-597dff3cd36c,2176 6567 3333 0244,unassigned,,,,,9c2a0db3-c7e6-4d04-8b65-6cb56ec6b9f7,2026-09-03 09:06:17.550685+00
9bf84125-a8e9-4f66-9973-26550754dac3,2176 6567 3333 0032,unassigned,,,,,9c2a0db3-c7e6-4d04-8b65-6cb56ec6b9f7,2026-09-03 09:06:17.550685+00
9c0c9d1e-8916-46df-a9ea-32a4ac0051fb,8783 5621 8877 0117,merchant_allocated,b64a2ee7-5fc4-434d-9b92-1fa730df2810,2026-09-09 05:29:06.233162+00,,,9c2a0db3-c7e6-4d04-8b65-6cb56ec6b9f7,2026-09-09 05:20:59.714662+00
9c1d0d8f-a7ab-49a5-b4ed-c2a970254e45,2176 6567 3333 0426,unassigned,,,,,9c2a0db3-c7e6-4d04-8b65-6cb56ec6b9f7,2026-09-03 09:06:17.550685+00
9c1f485c-7827-457f-b86c-92f10d0cac08,2173 6567 3333 0454,merchant_allocated,c74f8bef-6fd7-40f2-a363-1daa167d0439,2026-09-03 09:31:57.289663+00,,,9c2a0db3-c7e6-4d04-8b65-6cb56ec6b9f7,2026-09-03 09:26:26.769933+00
9c3fecaa-1c4c-43ec-97f7-a643acf87306,2176 6567 3333 0058,unassigned,,,,,9c2a0db3-c7e6-4d04-8b65-6cb56ec6b9f7,2026-09-03 09:06:17.550685+00
9c7e0d7d-1bfa-4bf1-b10b-c93c1a32ea18,4555 8645 9367 0403,merchant_allocated,63c2aeec-7410-4c78-9a68-beb45b1c622c,2026-08-27 11:40:23.347781+00,,,9c2a0db3-c7e6-4d04-8b65-6cb56ec6b9f7,2026-08-27 11:34:13.556736+00
9c7eaf35-ceeb-4c6f-924a-bee23f860b61,2173 6567 3333 0121,merchant_allocated,c74f8bef-6fd7-40f2-a363-1daa167d0439,2026-09-03 09:31:57.289663+00,,,9c2a0db3-c7e6-4d04-8b65-6cb56ec6b9f7,2026-09-03 09:26:26.769933+00
9c802a43-6afb-4256-af0c-63987f1f62b8,8667 7863 7616 0338,merchant_allocated,75eff299-f162-4427-8b08-04f404141ef9,2026-09-09 10:29:54.922115+00,,,9c2a0db3-c7e6-4d04-8b65-6cb56ec6b9f7,2026-09-09 10:16:46.810748+00
9ca03fb1-9d69-4ed6-b657-950e481d74ee,4555 8645 9367 0238,merchant_allocated,63c2aeec-7410-4c78-9a68-beb45b1c622c,2026-08-27 11:40:23.347781+00,,,9c2a0db3-c7e6-4d04-8b65-6cb56ec6b9f7,2026-08-27 11:34:13.556736+00
9cb4969f-58a2-4923-a7cf-c5cdba7c24a0,8667 7863 7616 0050,merchant_allocated,75eff299-f162-4427-8b08-04f404141ef9,2026-09-09 10:29:54.922115+00,,,9c2a0db3-c7e6-4d04-8b65-6cb56ec6b9f7,2026-09-09 10:16:46.810748+00
9cbbd7f1-6d2a-46e0-86f6-53e4b05430f4,8689 6453 5689 0087,merchant_allocated,bc3951f9-ff8c-436b-8322-e5dd6592ca4b,2026-09-05 05:47:39.366708+00,,,9c2a0db3-c7e6-4d04-8b65-6cb56ec6b9f7,2026-09-05 05:42:03.795053+00
9cc0a6b9-6fac-4ee4-bd56-ce88b3c2a93c,7567 5342 8633 0047,merchant_allocated,4bf2fb6b-bdf3-49d3-ac1b-1e6e746c6643,2026-07-21 16:11:58.441179+00,,,9c2a0db3-c7e6-4d04-8b65-6cb56ec6b9f7,2026-07-21 16:10:31.33396+00
9cc7bc11-1814-490d-b4c6-e6a747101a8f,2176 6567 3333 0209,unassigned,,,,,9c2a0db3-c7e6-4d04-8b65-6cb56ec6b9f7,2026-09-03 09:06:17.550685+00
9ccaf2f1-2dfe-435c-9c17-f335db96b180,2176 6567 3333 0469,unassigned,,,,,9c2a0db3-c7e6-4d04-8b65-6cb56ec6b9f7,2026-09-03 09:06:17.550685+00
9cf17092-dcac-4fa7-a4e3-bc77636eca88,8667 7863 7616 0209,merchant_allocated,75eff299-f162-4427-8b08-04f404141ef9,2026-09-09 10:29:54.922115+00,,,9c2a0db3-c7e6-4d04-8b65-6cb56ec6b9f7,2026-09-09 10:16:46.810748+00
9cfa6f27-56cb-4b4e-8075-2f311d2d73ce,8667 7863 7616 0083,merchant_allocated,75eff299-f162-4427-8b08-04f404141ef9,2026-09-09 10:29:54.922115+00,,,9c2a0db3-c7e6-4d04-8b65-6cb56ec6b9f7,2026-09-09 10:16:46.810748+00
9d13e75d-5c7e-4cfe-abc7-e731095f34c8,8667 7863 7616 0485,merchant_allocated,75eff299-f162-4427-8b08-04f404141ef9,2026-09-09 10:29:54.922115+00,,,9c2a0db3-c7e6-4d04-8b65-6cb56ec6b9f7,2026-09-09 10:16:46.810748+00
9d24a618-dff8-475d-88e8-0d8195424460,4555 8645 9367 0188,merchant_allocated,63c2aeec-7410-4c78-9a68-beb45b1c622c,2026-08-27 11:40:23.347781+00,,,9c2a0db3-c7e6-4d04-8b65-6cb56ec6b9f7,2026-08-27 11:34:13.556736+00
9d41f5e5-d673-407d-911e-d51cad779bb5,2176 6567 3333 0229,unassigned,,,,,9c2a0db3-c7e6-4d04-8b65-6cb56ec6b9f7,2026-09-03 09:06:17.550685+00
9d5d7f17-defc-4446-b14d-0f615de58282,2176 6567 3333 0328,unassigned,,,,,9c2a0db3-c7e6-4d04-8b65-6cb56ec6b9f7,2026-09-03 09:06:17.550685+00
9d6c3934-4644-400a-a60c-f0cad38413bb,2176 6567 3333 0117,unassigned,,,,,9c2a0db3-c7e6-4d04-8b65-6cb56ec6b9f7,2026-09-03 09:06:17.550685+00
9d72106e-8d92-4b3f-9d00-c7804e1ce785,2173 6567 3333 0063,merchant_allocated,c74f8bef-6fd7-40f2-a363-1daa167d0439,2026-09-03 09:31:57.289663+00,,,9c2a0db3-c7e6-4d04-8b65-6cb56ec6b9f7,2026-09-03 09:26:26.769933+00
9d8458f9-9076-47f3-b31d-5dd8ace991f0,2176 6567 3333 0410,unassigned,,,,,9c2a0db3-c7e6-4d04-8b65-6cb56ec6b9f7,2026-09-03 09:06:17.550685+00
9d8e36cd-dfdf-4004-b885-69cd645a532f,8667 7863 7616 0481,merchant_allocated,75eff299-f162-4427-8b08-04f404141ef9,2026-09-09 10:29:54.922115+00,,,9c2a0db3-c7e6-4d04-8b65-6cb56ec6b9f7,2026-09-09 10:16:46.810748+00
9d904166-9855-48eb-9e48-a2b48197db3b,8783 5621 8877 0387,merchant_allocated,b64a2ee7-5fc4-434d-9b92-1fa730df2810,2026-09-09 05:29:06.233162+00,,,9c2a0db3-c7e6-4d04-8b65-6cb56ec6b9f7,2026-09-09 05:20:59.714662+00
9d9f9b31-ef47-415f-a52e-24cb5a2e1746,2176 6567 3333 0201,unassigned,,,,,9c2a0db3-c7e6-4d04-8b65-6cb56ec6b9f7,2026-09-03 09:06:17.550685+00
9da8b576-11e2-4cc2-a662-c182f4a79de8,7567 5342 8633 0055,merchant_allocated,4bf2fb6b-bdf3-49d3-ac1b-1e6e746c6643,2026-07-21 16:11:58.441179+00,,,9c2a0db3-c7e6-4d04-8b65-6cb56ec6b9f7,2026-07-21 16:10:31.33396+00
9dcb8ae0-5a02-446e-bfad-d7e787efb53e,8689 6453 5689 0066,merchant_allocated,bc3951f9-ff8c-436b-8322-e5dd6592ca4b,2026-09-05 05:47:39.366708+00,,,9c2a0db3-c7e6-4d04-8b65-6cb56ec6b9f7,2026-09-05 05:42:03.795053+00
9e32b41e-fc15-4e52-a2c2-07f8186a40eb,2176 6567 3333 0095,unassigned,,,,,9c2a0db3-c7e6-4d04-8b65-6cb56ec6b9f7,2026-09-03 09:06:17.550685+00
9e4d1d4e-ec41-4458-8644-8abdcbe35d3e,4555 8645 9367 0434,merchant_allocated,63c2aeec-7410-4c78-9a68-beb45b1c622c,2026-08-27 11:40:23.347781+00,,,9c2a0db3-c7e6-4d04-8b65-6cb56ec6b9f7,2026-08-27 11:34:13.556736+00
9e6abe72-98e2-449a-b901-d8272911e58d,4555 8645 9367 0068,merchant_allocated,63c2aeec-7410-4c78-9a68-beb45b1c622c,2026-08-27 11:40:23.347781+00,,,9c2a0db3-c7e6-4d04-8b65-6cb56ec6b9f7,2026-08-27 11:34:13.556736+00
9e9a3604-3f31-4f28-befe-12cd0ee9873f,2173 6567 3333 0370,merchant_allocated,c74f8bef-6fd7-40f2-a363-1daa167d0439,2026-09-03 09:31:57.289663+00,,,9c2a0db3-c7e6-4d04-8b65-6cb56ec6b9f7,2026-09-03 09:26:26.769933+00
9ea0b7ed-93f8-4ce1-9489-99f1f69ea171,8783 5621 8877 0376,merchant_allocated,b64a2ee7-5fc4-434d-9b92-1fa730df2810,2026-09-09 05:29:06.233162+00,,,9c2a0db3-c7e6-4d04-8b65-6cb56ec6b9f7,2026-09-09 05:20:59.714662+00
9ea0e76b-ea3f-4a58-8f6f-67095c3bbea5,8783 5621 8877 0016,merchant_allocated,b64a2ee7-5fc4-434d-9b92-1fa730df2810,2026-09-09 05:29:06.233162+00,,,9c2a0db3-c7e6-4d04-8b65-6cb56ec6b9f7,2026-09-09 05:20:59.714662+00
9eafbf83-1743-4902-9886-50556f90a484,8783 5621 8877 0106,merchant_allocated,b64a2ee7-5fc4-434d-9b92-1fa730df2810,2026-09-09 05:29:06.233162+00,,,9c2a0db3-c7e6-4d04-8b65-6cb56ec6b9f7,2026-09-09 05:20:59.714662+00
9ebf2d13-2e16-465c-ae8e-4c061bf93c77,4555 8645 9367 0086,merchant_allocated,63c2aeec-7410-4c78-9a68-beb45b1c622c,2026-08-27 11:40:23.347781+00,,,9c2a0db3-c7e6-4d04-8b65-6cb56ec6b9f7,2026-08-27 11:34:13.556736+00
9ec3cd13-a27b-498c-990b-3d78116889a9,8667 7863 7616 0181,merchant_allocated,75eff299-f162-4427-8b08-04f404141ef9,2026-09-09 10:29:54.922115+00,,,9c2a0db3-c7e6-4d04-8b65-6cb56ec6b9f7,2026-09-09 10:16:46.810748+00
9ed56c23-bd03-453a-8e4c-c7939940a753,2173 6567 3333 0180,merchant_allocated,c74f8bef-6fd7-40f2-a363-1daa167d0439,2026-09-03 09:31:57.289663+00,,,9c2a0db3-c7e6-4d04-8b65-6cb56ec6b9f7,2026-09-03 09:26:26.769933+00
9ee43e27-0d1d-4056-881b-d42140ebc45b,8783 5621 8877 0134,merchant_allocated,b64a2ee7-5fc4-434d-9b92-1fa730df2810,2026-09-09 05:29:06.233162+00,,,9c2a0db3-c7e6-4d04-8b65-6cb56ec6b9f7,2026-09-09 05:20:59.714662+00
9ef7f71f-a278-46f2-bd65-c455ebaf06cc,8783 5621 8877 0212,merchant_allocated,b64a2ee7-5fc4-434d-9b92-1fa730df2810,2026-09-09 05:29:06.233162+00,,,9c2a0db3-c7e6-4d04-8b65-6cb56ec6b9f7,2026-09-09 05:20:59.714662+00
9f13c4a3-cfac-44a8-b25d-1b74847d015b,4555 8645 9367 0292,merchant_allocated,63c2aeec-7410-4c78-9a68-beb45b1c622c,2026-08-27 11:40:23.347781+00,,,9c2a0db3-c7e6-4d04-8b65-6cb56ec6b9f7,2026-08-27 11:34:13.556736+00
9f30ff0a-29d5-4d13-a0e8-970b2db08665,8667 7863 7616 0041,merchant_allocated,75eff299-f162-4427-8b08-04f404141ef9,2026-09-09 10:29:54.922115+00,,,9c2a0db3-c7e6-4d04-8b65-6cb56ec6b9f7,2026-09-09 10:16:46.810748+00
9f4d9ee4-09f9-44b2-8360-61816d301bd9,2176 6567 3333 0106,unassigned,,,,,9c2a0db3-c7e6-4d04-8b65-6cb56ec6b9f7,2026-09-03 09:06:17.550685+00
9f87ed05-f532-4f76-bd71-da8f059c3925,4555 8645 9367 0418,merchant_allocated,63c2aeec-7410-4c78-9a68-beb45b1c622c,2026-08-27 11:40:23.347781+00,,,9c2a0db3-c7e6-4d04-8b65-6cb56ec6b9f7,2026-08-27 11:34:13.556736+00
9f923505-8c9a-47fe-b001-4df33143f17f,7567 5342 8633 0043,merchant_allocated,4bf2fb6b-bdf3-49d3-ac1b-1e6e746c6643,2026-07-21 16:11:58.441179+00,,,9c2a0db3-c7e6-4d04-8b65-6cb56ec6b9f7,2026-07-21 16:10:31.33396+00
9fab6f48-9ef6-4597-9837-1d6c9339ff6b,8783 5621 8877 0064,merchant_allocated,b64a2ee7-5fc4-434d-9b92-1fa730df2810,2026-09-09 05:29:06.233162+00,,,9c2a0db3-c7e6-4d04-8b65-6cb56ec6b9f7,2026-09-09 05:20:59.714662+00
9fb0a5d2-0dbc-4feb-af72-037f19aee52d,8667 7863 7616 0380,merchant_allocated,75eff299-f162-4427-8b08-04f404141ef9,2026-09-09 10:29:54.922115+00,,,9c2a0db3-c7e6-4d04-8b65-6cb56ec6b9f7,2026-09-09 10:16:46.810748+00
9fbd3e80-3514-4bdd-ac29-64ad928fbe50,2173 6567 3333 0053,merchant_allocated,c74f8bef-6fd7-40f2-a363-1daa167d0439,2026-09-03 09:31:57.289663+00,,,9c2a0db3-c7e6-4d04-8b65-6cb56ec6b9f7,2026-09-03 09:26:26.769933+00
9fe5fda0-f40f-4f6b-85ad-e6c514b92911,4555 8645 9367 0263,merchant_allocated,63c2aeec-7410-4c78-9a68-beb45b1c622c,2026-08-27 11:40:23.347781+00,,,9c2a0db3-c7e6-4d04-8b65-6cb56ec6b9f7,2026-08-27 11:34:13.556736+00
a0031520-f399-415c-aee3-2568137c04c1,8783 5621 8877 0035,merchant_allocated,b64a2ee7-5fc4-434d-9b92-1fa730df2810,2026-09-09 05:29:06.233162+00,,,9c2a0db3-c7e6-4d04-8b65-6cb56ec6b9f7,2026-09-09 05:20:59.714662+00
a036aa9b-a62f-4aad-8a0c-060fa3ce83ab,8783 5621 8877 0262,merchant_allocated,b64a2ee7-5fc4-434d-9b92-1fa730df2810,2026-09-09 05:29:06.233162+00,,,9c2a0db3-c7e6-4d04-8b65-6cb56ec6b9f7,2026-09-09 05:20:59.714662+00
a08e05d6-7bd3-482d-8cf9-029b3980215c,2176 6567 3333 0305,unassigned,,,,,9c2a0db3-c7e6-4d04-8b65-6cb56ec6b9f7,2026-09-03 09:06:17.550685+00
a092c8c4-2c31-43e1-8464-9ce424d43f97,2176 6567 3333 0086,unassigned,,,,,9c2a0db3-c7e6-4d04-8b65-6cb56ec6b9f7,2026-09-03 09:06:17.550685+00
a0baf8b9-8005-49bf-b707-3e389583f9be,2176 6567 3333 0110,unassigned,,,,,9c2a0db3-c7e6-4d04-8b65-6cb56ec6b9f7,2026-09-03 09:06:17.550685+00
a0dc837b-53ba-479f-95c2-36559744ca5f,4555 8645 9367 0495,merchant_allocated,63c2aeec-7410-4c78-9a68-beb45b1c622c,2026-08-27 11:40:23.347781+00,,,9c2a0db3-c7e6-4d04-8b65-6cb56ec6b9f7,2026-08-27 11:34:13.556736+00
a0fa05a4-592a-48b4-8f8e-ee0c9f6218ec,8783 5621 8877 0144,merchant_allocated,b64a2ee7-5fc4-434d-9b92-1fa730df2810,2026-09-09 05:29:06.233162+00,,,9c2a0db3-c7e6-4d04-8b65-6cb56ec6b9f7,2026-09-09 05:20:59.714662+00
a0fe90b8-454b-4cbc-96e4-86aadfa36b44,8667 7863 7616 0377,merchant_allocated,75eff299-f162-4427-8b08-04f404141ef9,2026-09-09 10:29:54.922115+00,,,9c2a0db3-c7e6-4d04-8b65-6cb56ec6b9f7,2026-09-09 10:16:46.810748+00
a10bc667-38ac-4c51-a0b6-213d3e924e03,4555 8645 9367 0404,merchant_allocated,63c2aeec-7410-4c78-9a68-beb45b1c622c,2026-08-27 11:40:23.347781+00,,,9c2a0db3-c7e6-4d04-8b65-6cb56ec6b9f7,2026-08-27 11:34:13.556736+00
a13846f8-3b99-4c49-9f45-d1890c95840f,8689 6453 5689 0035,merchant_allocated,bc3951f9-ff8c-436b-8322-e5dd6592ca4b,2026-09-05 05:47:39.366708+00,,,9c2a0db3-c7e6-4d04-8b65-6cb56ec6b9f7,2026-09-05 05:42:03.795053+00
a13e5db6-9879-4a43-a717-a7ea8fa8151d,4821 4444 0000 0200,merchant_allocated,merch_  7,2026-08-03 17:46:28.931088+00,,,9c2a0db3-c7e6-4d04-8b65-6cb56ec6b9f7,2026-08-03 17:45:59.017505+00
a14e3f2a-3392-42e4-a663-ee1d7c08822a,2173 6567 3333 0411,merchant_allocated,c74f8bef-6fd7-40f2-a363-1daa167d0439,2026-09-03 09:31:57.289663+00,,,9c2a0db3-c7e6-4d04-8b65-6cb56ec6b9f7,2026-09-03 09:26:26.769933+00
a16f7d77-cab5-431f-9c35-2c4851000685,4821 4444 0000 5000,merchant_allocated,merch_  7,2026-08-03 17:46:28.931088+00,,,9c2a0db3-c7e6-4d04-8b65-6cb56ec6b9f7,2026-08-03 17:45:59.017505+00
a174399d-2e54-440e-b467-97798491a882,4555 8645 9367 0031,merchant_allocated,63c2aeec-7410-4c78-9a68-beb45b1c622c,2026-08-27 11:40:23.347781+00,,,9c2a0db3-c7e6-4d04-8b65-6cb56ec6b9f7,2026-08-27 11:34:13.556736+00
a183039e-06ad-4b80-b2ca-f8fe090a4bb2,8783 5621 8877 0096,merchant_allocated,b64a2ee7-5fc4-434d-9b92-1fa730df2810,2026-09-09 05:29:06.233162+00,,,9c2a0db3-c7e6-4d04-8b65-6cb56ec6b9f7,2026-09-09 05:20:59.714662+00
a184883d-3711-4b60-b363-83f778bc9847,8783 5621 8877 0014,merchant_allocated,b64a2ee7-5fc4-434d-9b92-1fa730df2810,2026-09-09 05:29:06.233162+00,,,9c2a0db3-c7e6-4d04-8b65-6cb56ec6b9f7,2026-09-09 05:20:59.714662+00
a184c3b3-f3d0-4c90-b6bf-c656ac784b2d,4555 8645 9367 0392,merchant_allocated,63c2aeec-7410-4c78-9a68-beb45b1c622c,2026-08-27 11:40:23.347781+00,,,9c2a0db3-c7e6-4d04-8b65-6cb56ec6b9f7,2026-08-27 11:34:13.556736+00
a1b1b1c7-342b-4fde-aa38-1666f039cf66,2173 6567 3333 0280,merchant_allocated,c74f8bef-6fd7-40f2-a363-1daa167d0439,2026-09-03 09:31:57.289663+00,,,9c2a0db3-c7e6-4d04-8b65-6cb56ec6b9f7,2026-09-03 09:26:26.769933+00
a1b7444a-465e-4060-b532-669e9986884c,8667 7863 7616 0233,merchant_allocated,75eff299-f162-4427-8b08-04f404141ef9,2026-09-09 10:29:54.922115+00,,,9c2a0db3-c7e6-4d04-8b65-6cb56ec6b9f7,2026-09-09 10:16:46.810748+00
a1bc30c5-8607-4c7a-915e-fc2edb459230,2176 6567 3333 0431,unassigned,,,,,9c2a0db3-c7e6-4d04-8b65-6cb56ec6b9f7,2026-09-03 09:06:17.550685+00
a1c17fd5-6540-4cd5-9b22-d9666256ebb8,8783 5621 8877 0094,merchant_allocated,b64a2ee7-5fc4-434d-9b92-1fa730df2810,2026-09-09 05:29:06.233162+00,,,9c2a0db3-c7e6-4d04-8b65-6cb56ec6b9f7,2026-09-09 05:20:59.714662+00
a1e1c78a-b552-475a-8ebd-623071833843,2173 6567 3333 0115,merchant_allocated,c74f8bef-6fd7-40f2-a363-1daa167d0439,2026-09-03 09:31:57.289663+00,,,9c2a0db3-c7e6-4d04-8b65-6cb56ec6b9f7,2026-09-03 09:26:26.769933+00
a1fd4d60-145d-41d1-b38a-aebc77f23fdb,2176 6567 3333 0306,unassigned,,,,,9c2a0db3-c7e6-4d04-8b65-6cb56ec6b9f7,2026-09-03 09:06:17.550685+00
a20a1c8d-50fc-4f95-8436-8f0081c58abd,2176 6567 3333 0319,unassigned,,,,,9c2a0db3-c7e6-4d04-8b65-6cb56ec6b9f7,2026-09-03 09:06:17.550685+00
a20ad6ab-609b-42da-9625-1c16b9f4fd5c,2176 6567 3333 0435,unassigned,,,,,9c2a0db3-c7e6-4d04-8b65-6cb56ec6b9f7,2026-09-03 09:06:17.550685+00
a21bce35-d386-449b-bcef-b2e7e7393d69,2176 6567 3333 0078,unassigned,,,,,9c2a0db3-c7e6-4d04-8b65-6cb56ec6b9f7,2026-09-03 09:06:17.550685+00
a220751c-29b1-4e5d-9a40-0af4cf854de5,8667 7863 7616 0279,merchant_allocated,75eff299-f162-4427-8b08-04f404141ef9,2026-09-09 10:29:54.922115+00,,,9c2a0db3-c7e6-4d04-8b65-6cb56ec6b9f7,2026-09-09 10:16:46.810748+00
a232089c-2fde-40ee-a823-620584b6c77e,8783 5621 8877 0226,merchant_allocated,b64a2ee7-5fc4-434d-9b92-1fa730df2810,2026-09-09 05:29:06.233162+00,,,9c2a0db3-c7e6-4d04-8b65-6cb56ec6b9f7,2026-09-09 05:20:59.714662+00
a295bd45-470b-4a65-a370-d11c3d55d165,8667 7863 7616 0190,merchant_allocated,75eff299-f162-4427-8b08-04f404141ef9,2026-09-09 10:29:54.922115+00,,,9c2a0db3-c7e6-4d04-8b65-6cb56ec6b9f7,2026-09-09 10:16:46.810748+00
a2af6fb0-dca1-4dc4-aa37-3ae2e7bcc113,8667 7863 7616 0368,merchant_allocated,75eff299-f162-4427-8b08-04f404141ef9,2026-09-09 10:29:54.922115+00,,,9c2a0db3-c7e6-4d04-8b65-6cb56ec6b9f7,2026-09-09 10:16:46.810748+00
a2caca1f-5e70-4029-b141-9c2257e680f5,4555 8645 9367 0433,merchant_allocated,63c2aeec-7410-4c78-9a68-beb45b1c622c,2026-08-27 11:40:23.347781+00,,,9c2a0db3-c7e6-4d04-8b65-6cb56ec6b9f7,2026-08-27 11:34:13.556736+00
a2e0da3d-9c60-46fc-9b94-d3528d774a5e,4555 8645 9367 0443,merchant_allocated,63c2aeec-7410-4c78-9a68-beb45b1c622c,2026-08-27 11:40:23.347781+00,,,9c2a0db3-c7e6-4d04-8b65-6cb56ec6b9f7,2026-08-27 11:34:13.556736+00
a2f62e33-8912-43ee-af4a-5f4703198b76,8783 5621 8877 0085,merchant_allocated,b64a2ee7-5fc4-434d-9b92-1fa730df2810,2026-09-09 05:29:06.233162+00,,,9c2a0db3-c7e6-4d04-8b65-6cb56ec6b9f7,2026-09-09 05:20:59.714662+00
a305f910-85c8-4f5b-b733-32c597581830,2173 6567 3333 0078,merchant_allocated,c74f8bef-6fd7-40f2-a363-1daa167d0439,2026-09-03 09:31:57.289663+00,,,9c2a0db3-c7e6-4d04-8b65-6cb56ec6b9f7,2026-09-03 09:26:26.769933+00
a30c4428-80c2-43db-8ea8-72b117093cb3,8783 5621 8877 0224,merchant_allocated,b64a2ee7-5fc4-434d-9b92-1fa730df2810,2026-09-09 05:29:06.233162+00,,,9c2a0db3-c7e6-4d04-8b65-6cb56ec6b9f7,2026-09-09 05:20:59.714662+00
a312d062-1b70-47d1-879b-a9e9970fab33,4555 8645 9367 0166,merchant_allocated,63c2aeec-7410-4c78-9a68-beb45b1c622c,2026-08-27 11:40:23.347781+00,,,9c2a0db3-c7e6-4d04-8b65-6cb56ec6b9f7,2026-08-27 11:34:13.556736+00
a3319c9c-796e-46fe-a9b1-b17254637708,4555 8645 9367 0087,merchant_allocated,63c2aeec-7410-4c78-9a68-beb45b1c622c,2026-08-27 11:40:23.347781+00,,,9c2a0db3-c7e6-4d04-8b65-6cb56ec6b9f7,2026-08-27 11:34:13.556736+00
a3326e0b-6043-4618-9573-520fcae7b9ff,4555 8645 9367 0158,merchant_allocated,63c2aeec-7410-4c78-9a68-beb45b1c622c,2026-08-27 11:40:23.347781+00,,,9c2a0db3-c7e6-4d04-8b65-6cb56ec6b9f7,2026-08-27 11:34:13.556736+00
a37a75dd-0e08-4f5b-8c2a-2b67825a984c,2176 6567 3333 0197,unassigned,,,,,9c2a0db3-c7e6-4d04-8b65-6cb56ec6b9f7,2026-09-03 09:06:17.550685+00
a385eb0e-e911-4fbe-87de-2398e961313a,2173 6567 3333 0003,member_linked,c74f8bef-6fd7-40f2-a363-1daa167d0439,2026-09-03 09:31:57.289663+00,dbabc7d0-d15e-41ba-96a5-416f5a93609f,2026-09-09 11:54:36.483772+00,9c2a0db3-c7e6-4d04-8b65-6cb56ec6b9f7,2026-09-03 09:26:26.769933+00
a3bda6ef-2652-43e4-bd9b-7d173695d711,8783 5621 8877 0115,merchant_allocated,b64a2ee7-5fc4-434d-9b92-1fa730df2810,2026-09-09 05:29:06.233162+00,,,9c2a0db3-c7e6-4d04-8b65-6cb56ec6b9f7,2026-09-09 05:20:59.714662+00
a3cb7132-c636-4f3d-89a4-dd934fc479f1,7567 5342 8633 0094,merchant_allocated,4bf2fb6b-bdf3-49d3-ac1b-1e6e746c6643,2026-07-21 16:11:58.441179+00,,,9c2a0db3-c7e6-4d04-8b65-6cb56ec6b9f7,2026-07-21 16:10:31.33396+00
a3cffd43-e765-4c9f-b43d-fd442f6a835b,8667 7863 7616 0318,merchant_allocated,75eff299-f162-4427-8b08-04f404141ef9,2026-09-09 10:29:54.922115+00,,,9c2a0db3-c7e6-4d04-8b65-6cb56ec6b9f7,2026-09-09 10:16:46.810748+00
a42782a4-adb7-4fb8-b81b-b8190a640e17,8783 5621 8877 0230,merchant_allocated,b64a2ee7-5fc4-434d-9b92-1fa730df2810,2026-09-09 05:29:06.233162+00,,,9c2a0db3-c7e6-4d04-8b65-6cb56ec6b9f7,2026-09-09 05:20:59.714662+00
a42d688b-da71-4287-8280-a83a98e0ae5e,8667 7863 7616 0098,merchant_allocated,75eff299-f162-4427-8b08-04f404141ef9,2026-09-09 10:29:54.922115+00,,,9c2a0db3-c7e6-4d04-8b65-6cb56ec6b9f7,2026-09-09 10:16:46.810748+00
a43b3c86-eee3-4900-bf2a-187c66253026,2173 6567 3333 0143,merchant_allocated,c74f8bef-6fd7-40f2-a363-1daa167d0439,2026-09-03 09:31:57.289663+00,,,9c2a0db3-c7e6-4d04-8b65-6cb56ec6b9f7,2026-09-03 09:26:26.769933+00
a47aded7-a5cd-48c1-a9db-ac7342ea149d,4555 8645 9367 0423,merchant_allocated,63c2aeec-7410-4c78-9a68-beb45b1c622c,2026-08-27 11:40:23.347781+00,,,9c2a0db3-c7e6-4d04-8b65-6cb56ec6b9f7,2026-08-27 11:34:13.556736+00
a483e562-1776-442c-ac86-e3fc9833f18f,8667 7863 7616 0469,merchant_allocated,75eff299-f162-4427-8b08-04f404141ef9,2026-09-09 10:29:54.922115+00,,,9c2a0db3-c7e6-4d04-8b65-6cb56ec6b9f7,2026-09-09 10:16:46.810748+00
a484b62c-8578-425c-8b60-90f82254205e,8667 7863 7616 0401,merchant_allocated,75eff299-f162-4427-8b08-04f404141ef9,2026-09-09 10:29:54.922115+00,,,9c2a0db3-c7e6-4d04-8b65-6cb56ec6b9f7,2026-09-09 10:16:46.810748+00
a4858199-8279-4925-affb-6d081f3337c3,2176 6567 3333 0130,unassigned,,,,,9c2a0db3-c7e6-4d04-8b65-6cb56ec6b9f7,2026-09-03 09:06:17.550685+00
a4a5ba65-c4da-4ee0-8b7e-434442fb4c6a,2176 6567 3333 0104,unassigned,,,,,9c2a0db3-c7e6-4d04-8b65-6cb56ec6b9f7,2026-09-03 09:06:17.550685+00
a4b1323e-6d9c-4d93-81bc-5d0f04ee0734,4555 8645 9367 0335,merchant_allocated,63c2aeec-7410-4c78-9a68-beb45b1c622c,2026-08-27 11:40:23.347781+00,,,9c2a0db3-c7e6-4d04-8b65-6cb56ec6b9f7,2026-08-27 11:34:13.556736+00
a4d27795-2f4f-4b83-bce8-53937db8cc7f,8667 7863 7616 0172,merchant_allocated,75eff299-f162-4427-8b08-04f404141ef9,2026-09-09 10:29:54.922115+00,,,9c2a0db3-c7e6-4d04-8b65-6cb56ec6b9f7,2026-09-09 10:16:46.810748+00
a53c7794-0f44-46e6-806b-b7a35af13bc7,8667 7863 7616 0374,merchant_allocated,75eff299-f162-4427-8b08-04f404141ef9,2026-09-09 10:29:54.922115+00,,,9c2a0db3-c7e6-4d04-8b65-6cb56ec6b9f7,2026-09-09 10:16:46.810748+00
a542ee48-df73-466a-b0a8-18c0e01ddb10,7567 5342 8633 0046,merchant_allocated,4bf2fb6b-bdf3-49d3-ac1b-1e6e746c6643,2026-07-21 16:11:58.441179+00,,,9c2a0db3-c7e6-4d04-8b65-6cb56ec6b9f7,2026-07-21 16:10:31.33396+00
a5439d10-6897-40f7-85a1-4f04b14bc157,8783 5621 8877 0402,merchant_allocated,b64a2ee7-5fc4-434d-9b92-1fa730df2810,2026-09-09 05:29:06.233162+00,,,9c2a0db3-c7e6-4d04-8b65-6cb56ec6b9f7,2026-09-09 05:20:59.714662+00
a545454d-5e7c-41ce-802a-8ac8d149eead,2173 6567 3333 0002,member_linked,c74f8bef-6fd7-40f2-a363-1daa167d0439,2026-09-03 09:31:57.289663+00,ddf90c13-3d8a-4af2-8e34-fe8a2d95cc6b,2026-09-09 11:22:52.963667+00,9c2a0db3-c7e6-4d04-8b65-6cb56ec6b9f7,2026-09-03 09:26:26.769933+00
a550be46-854a-42bc-952b-dab5c60bcfd1,2173 6567 3333 0275,merchant_allocated,c74f8bef-6fd7-40f2-a363-1daa167d0439,2026-09-03 09:31:57.289663+00,,,9c2a0db3-c7e6-4d04-8b65-6cb56ec6b9f7,2026-09-03 09:26:26.769933+00
a552ba6a-0c6e-47bf-ab88-503b9401e52d,2176 6567 3333 0249,unassigned,,,,,9c2a0db3-c7e6-4d04-8b65-6cb56ec6b9f7,2026-09-03 09:06:17.550685+00
a55807bf-bc43-4633-a399-2f5410496d1a,4555 8645 9367 0345,merchant_allocated,63c2aeec-7410-4c78-9a68-beb45b1c622c,2026-08-27 11:40:23.347781+00,,,9c2a0db3-c7e6-4d04-8b65-6cb56ec6b9f7,2026-08-27 11:34:13.556736+00
a58d6a97-b433-4a0f-af7a-272619c0f9e9,2173 6567 3333 0150,merchant_allocated,c74f8bef-6fd7-40f2-a363-1daa167d0439,2026-09-03 09:31:57.289663+00,,,9c2a0db3-c7e6-4d04-8b65-6cb56ec6b9f7,2026-09-03 09:26:26.769933+00
a591d252-51ee-42d8-95fb-c5d90fce4480,8783 5621 8877 0368,merchant_allocated,b64a2ee7-5fc4-434d-9b92-1fa730df2810,2026-09-09 05:29:06.233162+00,,,9c2a0db3-c7e6-4d04-8b65-6cb56ec6b9f7,2026-09-09 05:20:59.714662+00
a5e865f6-1693-41f7-8160-286ee45055ae,8667 7863 7616 0364,merchant_allocated,75eff299-f162-4427-8b08-04f404141ef9,2026-09-09 10:29:54.922115+00,,,9c2a0db3-c7e6-4d04-8b65-6cb56ec6b9f7,2026-09-09 10:16:46.810748+00
a5f38fe1-ef2a-4f19-9995-9cd8daaa3a79,8689 6453 5689 0031,merchant_allocated,bc3951f9-ff8c-436b-8322-e5dd6592ca4b,2026-09-05 05:47:39.366708+00,,,9c2a0db3-c7e6-4d04-8b65-6cb56ec6b9f7,2026-09-05 05:42:03.795053+00
a60ef231-f7bc-40db-a3a3-5bd0f7198513,4555 8645 9367 0009,member_linked,63c2aeec-7410-4c78-9a68-beb45b1c622c,2026-08-27 11:40:23.347781+00,bf213f54-e048-4bd6-974f-47456ac9b90c,2026-09-23 14:14:47.552342+00,9c2a0db3-c7e6-4d04-8b65-6cb56ec6b9f7,2026-08-27 11:34:13.556736+00
a62f97b4-2c99-4417-a206-1b40fec00f19,6635 8773 8388 0006,unassigned,,,,,9c2a0db3-c7e6-4d04-8b65-6cb56ec6b9f7,2026-08-19 07:38:00.609926+00
a630e4d0-7ef3-4247-8c04-74d8eefb40b1,8783 5621 8877 0187,merchant_allocated,b64a2ee7-5fc4-434d-9b92-1fa730df2810,2026-09-09 05:29:06.233162+00,,,9c2a0db3-c7e6-4d04-8b65-6cb56ec6b9f7,2026-09-09 05:20:59.714662+00
a652115f-6417-49b5-a81a-e7af9815d430,8667 7863 7616 0361,merchant_allocated,75eff299-f162-4427-8b08-04f404141ef9,2026-09-09 10:29:54.922115+00,,,9c2a0db3-c7e6-4d04-8b65-6cb56ec6b9f7,2026-09-09 10:16:46.810748+00
a65fba28-8bfa-452b-a067-95cefaa5589b,2176 6567 3333 0017,unassigned,,,,,9c2a0db3-c7e6-4d04-8b65-6cb56ec6b9f7,2026-09-03 09:06:17.550685+00
a666d2db-96db-4797-ad33-be22aa0a0476,8783 5621 8877 0455,merchant_allocated,b64a2ee7-5fc4-434d-9b92-1fa730df2810,2026-09-09 05:29:06.233162+00,,,9c2a0db3-c7e6-4d04-8b65-6cb56ec6b9f7,2026-09-09 05:20:59.714662+00
a66f2519-13ea-441d-986b-12748c6157fd,2176 6567 3333 0415,unassigned,,,,,9c2a0db3-c7e6-4d04-8b65-6cb56ec6b9f7,2026-09-03 09:06:17.550685+00
a67a7964-57cd-4af1-a0de-99a39e1ebea1,7567 5342 8633 0042,merchant_allocated,4bf2fb6b-bdf3-49d3-ac1b-1e6e746c6643,2026-07-21 16:11:58.441179+00,,,9c2a0db3-c7e6-4d04-8b65-6cb56ec6b9f7,2026-07-21 16:10:31.33396+00
a6939766-ec4a-492b-a8a5-612498210918,8689 6453 5689 0032,merchant_allocated,bc3951f9-ff8c-436b-8322-e5dd6592ca4b,2026-09-05 05:47:39.366708+00,,,9c2a0db3-c7e6-4d04-8b65-6cb56ec6b9f7,2026-09-05 05:42:03.795053+00
a699fd4e-b4b3-4dbd-a2bf-26c92612859e,8783 5621 8877 0411,merchant_allocated,b64a2ee7-5fc4-434d-9b92-1fa730df2810,2026-09-09 05:29:06.233162+00,,,9c2a0db3-c7e6-4d04-8b65-6cb56ec6b9f7,2026-09-09 05:20:59.714662+00
a69cc6b8-c067-4316-93db-7e039ade5af0,8689 6453 5689 0077,merchant_allocated,bc3951f9-ff8c-436b-8322-e5dd6592ca4b,2026-09-05 05:47:39.366708+00,,,9c2a0db3-c7e6-4d04-8b65-6cb56ec6b9f7,2026-09-05 05:42:03.795053+00
a6c49da7-6cae-432c-809a-62996d62035e,4821 4444 0000 1700,merchant_allocated,merch_  7,2026-08-03 17:46:28.931088+00,,,9c2a0db3-c7e6-4d04-8b65-6cb56ec6b9f7,2026-08-03 17:45:59.017505+00
a6c61b62-bb09-4e69-8112-48ac11f66023,2173 6567 3333 0390,merchant_allocated,c74f8bef-6fd7-40f2-a363-1daa167d0439,2026-09-03 09:31:57.289663+00,,,9c2a0db3-c7e6-4d04-8b65-6cb56ec6b9f7,2026-09-03 09:26:26.769933+00
a6d4bb50-148b-4732-beb0-d5b4e7abefce,2176 6567 3333 0082,unassigned,,,,,9c2a0db3-c7e6-4d04-8b65-6cb56ec6b9f7,2026-09-03 09:06:17.550685+00
a6da058b-01fc-4ecc-a2a6-3434e46c46bc,2173 6567 3333 0149,merchant_allocated,c74f8bef-6fd7-40f2-a363-1daa167d0439,2026-09-03 09:31:57.289663+00,,,9c2a0db3-c7e6-4d04-8b65-6cb56ec6b9f7,2026-09-03 09:26:26.769933+00
a70b30db-f593-4d7f-9b86-f070f7735fa6,2176 6567 3333 0132,unassigned,,,,,9c2a0db3-c7e6-4d04-8b65-6cb56ec6b9f7,2026-09-03 09:06:17.550685+00
a72843fa-5efc-497f-bd3f-5aed0cf05ede,2176 6567 3333 0192,unassigned,,,,,9c2a0db3-c7e6-4d04-8b65-6cb56ec6b9f7,2026-09-03 09:06:17.550685+00
a72da602-fdf1-469d-988d-2bbb2713e6a6,8689 6453 5689 0054,merchant_allocated,bc3951f9-ff8c-436b-8322-e5dd6592ca4b,2026-09-05 05:47:39.366708+00,,,9c2a0db3-c7e6-4d04-8b65-6cb56ec6b9f7,2026-09-05 05:42:03.795053+00
a738b300-1382-4c2c-8934-07e9bbc54d4f,8783 5621 8877 0385,merchant_allocated,b64a2ee7-5fc4-434d-9b92-1fa730df2810,2026-09-09 05:29:06.233162+00,,,9c2a0db3-c7e6-4d04-8b65-6cb56ec6b9f7,2026-09-09 05:20:59.714662+00
a73c95c0-3f74-4689-9525-7ce3ce74f01f,2173 6567 3333 0005,member_linked,c74f8bef-6fd7-40f2-a363-1daa167d0439,2026-09-03 09:31:57.289663+00,85786244-4e4c-44d5-ad86-f1f69066e0fd,2026-09-13 08:55:13.95551+00,9c2a0db3-c7e6-4d04-8b65-6cb56ec6b9f7,2026-09-03 09:26:26.769933+00
a75b9191-b906-4bb7-8073-ce585b9b93a1,8667 7863 7616 0079,merchant_allocated,75eff299-f162-4427-8b08-04f404141ef9,2026-09-09 10:29:54.922115+00,,,9c2a0db3-c7e6-4d04-8b65-6cb56ec6b9f7,2026-09-09 10:16:46.810748+00
a770b9bc-6462-4b3e-8c67-024f9654092e,2176 6567 3333 0384,unassigned,,,,,9c2a0db3-c7e6-4d04-8b65-6cb56ec6b9f7,2026-09-03 09:06:17.550685+00
a7976340-3ccf-4470-9a99-677a1cdbfa7e,8667 7863 7616 0358,merchant_allocated,75eff299-f162-4427-8b08-04f404141ef9,2026-09-09 10:29:54.922115+00,,,9c2a0db3-c7e6-4d04-8b65-6cb56ec6b9f7,2026-09-09 10:16:46.810748+00
a798c79b-0cb7-4b48-bfb4-649c142d8d4f,8667 7863 7616 0369,merchant_allocated,75eff299-f162-4427-8b08-04f404141ef9,2026-09-09 10:29:54.922115+00,,,9c2a0db3-c7e6-4d04-8b65-6cb56ec6b9f7,2026-09-09 10:16:46.810748+00
a7a9b77e-e5d3-4416-8e97-18ce4e924e2a,8783 5621 8877 0055,merchant_allocated,b64a2ee7-5fc4-434d-9b92-1fa730df2810,2026-09-09 05:29:06.233162+00,,,9c2a0db3-c7e6-4d04-8b65-6cb56ec6b9f7,2026-09-09 05:20:59.714662+00
a7bd63dd-0f02-453b-a9b8-e4abae10bdd1,8783 5621 8877 0384,merchant_allocated,b64a2ee7-5fc4-434d-9b92-1fa730df2810,2026-09-09 05:29:06.233162+00,,,9c2a0db3-c7e6-4d04-8b65-6cb56ec6b9f7,2026-09-09 05:20:59.714662+00
a7c96168-4d6c-4434-9201-8b0bf23bc57d,2176 6567 3333 0491,unassigned,,,,,9c2a0db3-c7e6-4d04-8b65-6cb56ec6b9f7,2026-09-03 09:06:17.550685+00
a7de1f9d-e71d-4fef-8b4e-2dcbcc6832d0,8783 5621 8877 0107,merchant_allocated,b64a2ee7-5fc4-434d-9b92-1fa730df2810,2026-09-09 05:29:06.233162+00,,,9c2a0db3-c7e6-4d04-8b65-6cb56ec6b9f7,2026-09-09 05:20:59.714662+00
a7e51b36-396b-49b6-a10f-33f6007e2f1f,2173 6567 3333 0404,merchant_allocated,c74f8bef-6fd7-40f2-a363-1daa167d0439,2026-09-03 09:31:57.289663+00,,,9c2a0db3-c7e6-4d04-8b65-6cb56ec6b9f7,2026-09-03 09:26:26.769933+00
a7eb5a83-6805-4f82-8e23-7e1cd30497d8,2176 6567 3333 0049,unassigned,,,,,9c2a0db3-c7e6-4d04-8b65-6cb56ec6b9f7,2026-09-03 09:06:17.550685+00
a7f5e303-ae01-48d1-a925-0e814d7fb5ac,8667 7863 7616 0343,merchant_allocated,75eff299-f162-4427-8b08-04f404141ef9,2026-09-09 10:29:54.922115+00,,,9c2a0db3-c7e6-4d04-8b65-6cb56ec6b9f7,2026-09-09 10:16:46.810748+00
a7fe15a7-b21a-48b0-9d07-ffd2f4190ca2,2173 6567 3333 0226,merchant_allocated,c74f8bef-6fd7-40f2-a363-1daa167d0439,2026-09-03 09:31:57.289663+00,,,9c2a0db3-c7e6-4d04-8b65-6cb56ec6b9f7,2026-09-03 09:26:26.769933+00
a7ffb7b0-2f7e-415e-8703-57c3bb1e38d0,8667 7863 7616 0359,merchant_allocated,75eff299-f162-4427-8b08-04f404141ef9,2026-09-09 10:29:54.922115+00,,,9c2a0db3-c7e6-4d04-8b65-6cb56ec6b9f7,2026-09-09 10:16:46.810748+00
a834dc2d-1c50-4c89-8fe5-6820a8de3153,4555 8645 9367 0300,merchant_allocated,63c2aeec-7410-4c78-9a68-beb45b1c622c,2026-08-27 11:40:23.347781+00,,,9c2a0db3-c7e6-4d04-8b65-6cb56ec6b9f7,2026-08-27 11:34:13.556736+00
a8377d86-cdd2-48c8-a14f-3df9206c0af9,2173 6567 3333 0435,merchant_allocated,c74f8bef-6fd7-40f2-a363-1daa167d0439,2026-09-03 09:31:57.289663+00,,,9c2a0db3-c7e6-4d04-8b65-6cb56ec6b9f7,2026-09-03 09:26:26.769933+00
a849dd63-7b40-4a65-af55-fd06fd28b0f1,2173 6567 3333 0041,merchant_allocated,c74f8bef-6fd7-40f2-a363-1daa167d0439,2026-09-03 09:31:57.289663+00,,,9c2a0db3-c7e6-4d04-8b65-6cb56ec6b9f7,2026-09-03 09:26:26.769933+00
a868f43b-72db-4b68-aef8-c7bbe89d576a,8667 7863 7616 0466,merchant_allocated,75eff299-f162-4427-8b08-04f404141ef9,2026-09-09 10:29:54.922115+00,,,9c2a0db3-c7e6-4d04-8b65-6cb56ec6b9f7,2026-09-09 10:16:46.810748+00
a8701302-db69-45bb-b06e-c04fe0d0076d,8783 5621 8877 0169,merchant_allocated,b64a2ee7-5fc4-434d-9b92-1fa730df2810,2026-09-09 05:29:06.233162+00,,,9c2a0db3-c7e6-4d04-8b65-6cb56ec6b9f7,2026-09-09 05:20:59.714662+00
a8a72347-9358-406e-b74f-3beda8a126ee,2176 6567 3333 0051,unassigned,,,,,9c2a0db3-c7e6-4d04-8b65-6cb56ec6b9f7,2026-09-03 09:06:17.550685+00
a8cc1a32-ff7c-4c5d-9eb6-5b04a4e8e238,2176 6567 3333 0402,unassigned,,,,,9c2a0db3-c7e6-4d04-8b65-6cb56ec6b9f7,2026-09-03 09:06:17.550685+00
a8ce2ee2-e462-4fb9-b10b-3549e31bd173,8667 7863 7616 0315,merchant_allocated,75eff299-f162-4427-8b08-04f404141ef9,2026-09-09 10:29:54.922115+00,,,9c2a0db3-c7e6-4d04-8b65-6cb56ec6b9f7,2026-09-09 10:16:46.810748+00
a8d48326-d8b9-4ec0-85dc-9ec6a477a565,8689 6453 5689 0099,merchant_allocated,bc3951f9-ff8c-436b-8322-e5dd6592ca4b,2026-09-05 05:47:39.366708+00,,,9c2a0db3-c7e6-4d04-8b65-6cb56ec6b9f7,2026-09-05 05:42:03.795053+00
a8e50024-d55f-4591-8ef6-d6438ad64de8,8783 5621 8877 0358,merchant_allocated,b64a2ee7-5fc4-434d-9b92-1fa730df2810,2026-09-09 05:29:06.233162+00,,,9c2a0db3-c7e6-4d04-8b65-6cb56ec6b9f7,2026-09-09 05:20:59.714662+00
a8e76c79-9af4-4964-904d-e38b599674b3,8783 5621 8877 0177,merchant_allocated,b64a2ee7-5fc4-434d-9b92-1fa730df2810,2026-09-09 05:29:06.233162+00,,,9c2a0db3-c7e6-4d04-8b65-6cb56ec6b9f7,2026-09-09 05:20:59.714662+00
a8f0c73d-07dd-4948-b0d4-5eabc2a793d3,4821 6739 0000 4600,merchant_allocated,merch_  6,2026-07-28 06:48:05.660888+00,,,9c2a0db3-c7e6-4d04-8b65-6cb56ec6b9f7,2026-07-28 06:47:38.92065+00
a8f2f6d9-7d35-43bd-82b6-eea12107c7ec,2176 6567 3333 0233,unassigned,,,,,9c2a0db3-c7e6-4d04-8b65-6cb56ec6b9f7,2026-09-03 09:06:17.550685+00
a90c10b7-eb9f-42d4-a2cf-e5f86153cd65,8783 5621 8877 0012,merchant_allocated,b64a2ee7-5fc4-434d-9b92-1fa730df2810,2026-09-09 05:29:06.233162+00,,,9c2a0db3-c7e6-4d04-8b65-6cb56ec6b9f7,2026-09-09 05:20:59.714662+00
a948a427-5775-49a0-a732-05817060332b,2176 6567 3333 0275,unassigned,,,,,9c2a0db3-c7e6-4d04-8b65-6cb56ec6b9f7,2026-09-03 09:06:17.550685+00
a956aff7-5fbe-46c9-a611-2c298e0eb24a,8667 7863 7616 0118,merchant_allocated,75eff299-f162-4427-8b08-04f404141ef9,2026-09-09 10:29:54.922115+00,,,9c2a0db3-c7e6-4d04-8b65-6cb56ec6b9f7,2026-09-09 10:16:46.810748+00
a957466b-2283-4b3e-9459-bbb35725b700,4555 8645 9367 0416,merchant_allocated,63c2aeec-7410-4c78-9a68-beb45b1c622c,2026-08-27 11:40:23.347781+00,,,9c2a0db3-c7e6-4d04-8b65-6cb56ec6b9f7,2026-08-27 11:34:13.556736+00
a964cb20-d6b4-43a9-b1b2-652ef783ab6f,4555 8645 9367 0285,merchant_allocated,63c2aeec-7410-4c78-9a68-beb45b1c622c,2026-08-27 11:40:23.347781+00,,,9c2a0db3-c7e6-4d04-8b65-6cb56ec6b9f7,2026-08-27 11:34:13.556736+00
a99395b3-fa93-4541-ae1b-5b4d39607c31,4821 4444 0000 0100,merchant_allocated,merch_  7,2026-08-03 17:46:28.931088+00,,,9c2a0db3-c7e6-4d04-8b65-6cb56ec6b9f7,2026-08-03 17:45:59.017505+00
a99ee4bd-37c6-44f7-be31-ce4e763fcbe9,2176 6567 3333 0069,unassigned,,,,,9c2a0db3-c7e6-4d04-8b65-6cb56ec6b9f7,2026-09-03 09:06:17.550685+00
a9c274dd-67a2-4305-b384-1edff7085d2b,8689 6453 5689 0003,member_linked,bc3951f9-ff8c-436b-8322-e5dd6592ca4b,2026-09-05 05:47:39.366708+00,f055ee36-af9b-4800-87fa-0d71136c506f,2026-09-15 14:17:39.539709+00,9c2a0db3-c7e6-4d04-8b65-6cb56ec6b9f7,2026-09-05 05:42:03.795053+00
a9d22190-da66-410a-900f-166f2e043fb1,8783 5621 8877 0032,merchant_allocated,b64a2ee7-5fc4-434d-9b92-1fa730df2810,2026-09-09 05:29:06.233162+00,,,9c2a0db3-c7e6-4d04-8b65-6cb56ec6b9f7,2026-09-09 05:20:59.714662+00
a9dec60e-0098-48bb-836b-2854f42719c4,8667 7863 7616 0224,merchant_allocated,75eff299-f162-4427-8b08-04f404141ef9,2026-09-09 10:29:54.922115+00,,,9c2a0db3-c7e6-4d04-8b65-6cb56ec6b9f7,2026-09-09 10:16:46.810748+00
aa1cdce8-42cd-4cea-bbc4-5b6cd5fb7ac8,2176 6567 3333 0323,unassigned,,,,,9c2a0db3-c7e6-4d04-8b65-6cb56ec6b9f7,2026-09-03 09:06:17.550685+00
aa4566eb-b5b6-452f-834d-9ead7d6f5ce2,8667 7863 7616 0125,merchant_allocated,75eff299-f162-4427-8b08-04f404141ef9,2026-09-09 10:29:54.922115+00,,,9c2a0db3-c7e6-4d04-8b65-6cb56ec6b9f7,2026-09-09 10:16:46.810748+00
aa5711c8-c5a2-4474-9dbf-e3da55c3f5a2,8667 7863 7616 0470,merchant_allocated,75eff299-f162-4427-8b08-04f404141ef9,2026-09-09 10:29:54.922115+00,,,9c2a0db3-c7e6-4d04-8b65-6cb56ec6b9f7,2026-09-09 10:16:46.810748+00
aa5f5d20-a685-42c7-add6-1b6ae848146a,8667 7863 7616 0145,merchant_allocated,75eff299-f162-4427-8b08-04f404141ef9,2026-09-09 10:29:54.922115+00,,,9c2a0db3-c7e6-4d04-8b65-6cb56ec6b9f7,2026-09-09 10:16:46.810748+00
aa607ac3-9d1c-42ac-a77e-98c7800108e0,2173 6567 3333 0195,merchant_allocated,c74f8bef-6fd7-40f2-a363-1daa167d0439,2026-09-03 09:31:57.289663+00,,,9c2a0db3-c7e6-4d04-8b65-6cb56ec6b9f7,2026-09-03 09:26:26.769933+00
aa7a6b6d-a19d-40fa-b2fb-c339186c2ab3,8667 7863 7616 0183,merchant_allocated,75eff299-f162-4427-8b08-04f404141ef9,2026-09-09 10:29:54.922115+00,,,9c2a0db3-c7e6-4d04-8b65-6cb56ec6b9f7,2026-09-09 10:16:46.810748+00
aa822fa6-0194-47f6-be79-9c4a82977a0a,2173 6567 3333 0073,merchant_allocated,c74f8bef-6fd7-40f2-a363-1daa167d0439,2026-09-03 09:31:57.289663+00,,,9c2a0db3-c7e6-4d04-8b65-6cb56ec6b9f7,2026-09-03 09:26:26.769933+00
aa9ada8f-5472-4cad-833e-cc5b4448cfd1,4555 8645 9367 0069,merchant_allocated,63c2aeec-7410-4c78-9a68-beb45b1c622c,2026-08-27 11:40:23.347781+00,,,9c2a0db3-c7e6-4d04-8b65-6cb56ec6b9f7,2026-08-27 11:34:13.556736+00
aaa3a6c8-df1b-402f-aa3a-7290e0f0be9e,8783 5621 8877 0268,merchant_allocated,b64a2ee7-5fc4-434d-9b92-1fa730df2810,2026-09-09 05:29:06.233162+00,,,9c2a0db3-c7e6-4d04-8b65-6cb56ec6b9f7,2026-09-09 05:20:59.714662+00
aaae40fc-4dd3-4ca0-abeb-51724be2f212,2173 6567 3333 0287,merchant_allocated,c74f8bef-6fd7-40f2-a363-1daa167d0439,2026-09-03 09:31:57.289663+00,,,9c2a0db3-c7e6-4d04-8b65-6cb56ec6b9f7,2026-09-03 09:26:26.769933+00
ab0f2828-46b8-4071-93e0-3689772e948a,8783 5621 8877 0149,merchant_allocated,b64a2ee7-5fc4-434d-9b92-1fa730df2810,2026-09-09 05:29:06.233162+00,,,9c2a0db3-c7e6-4d04-8b65-6cb56ec6b9f7,2026-09-09 05:20:59.714662+00
ab12ca15-4f0c-47ac-a67f-7a5a3e1fbea6,4555 8645 9367 0182,merchant_allocated,63c2aeec-7410-4c78-9a68-beb45b1c622c,2026-08-27 11:40:23.347781+00,,,9c2a0db3-c7e6-4d04-8b65-6cb56ec6b9f7,2026-08-27 11:34:13.556736+00
ab203012-8c69-4736-b471-6455926e71e4,4555 8645 9367 0232,merchant_allocated,63c2aeec-7410-4c78-9a68-beb45b1c622c,2026-08-27 11:40:23.347781+00,,,9c2a0db3-c7e6-4d04-8b65-6cb56ec6b9f7,2026-08-27 11:34:13.556736+00
ab2ce4f4-617b-4e1f-8401-6454b6455e03,8667 7863 7616 0139,merchant_allocated,75eff299-f162-4427-8b08-04f404141ef9,2026-09-09 10:29:54.922115+00,,,9c2a0db3-c7e6-4d04-8b65-6cb56ec6b9f7,2026-09-09 10:16:46.810748+00
ab4d5f9f-ab62-49df-992d-c0e537470957,2173 6567 3333 0228,merchant_allocated,c74f8bef-6fd7-40f2-a363-1daa167d0439,2026-09-03 09:31:57.289663+00,,,9c2a0db3-c7e6-4d04-8b65-6cb56ec6b9f7,2026-09-03 09:26:26.769933+00
ab5189e0-31c6-45dc-b3c7-9524786c09ac,2176 6567 3333 0296,unassigned,,,,,9c2a0db3-c7e6-4d04-8b65-6cb56ec6b9f7,2026-09-03 09:06:17.550685+00
ab82c26e-0dc1-4a3c-967f-c9253d5f6206,2173 6567 3333 0298,merchant_allocated,c74f8bef-6fd7-40f2-a363-1daa167d0439,2026-09-03 09:31:57.289663+00,,,9c2a0db3-c7e6-4d04-8b65-6cb56ec6b9f7,2026-09-03 09:26:26.769933+00
ab9745e3-f66f-4cb2-87c5-64d960377a9d,8667 7863 7616 0210,merchant_allocated,75eff299-f162-4427-8b08-04f404141ef9,2026-09-09 10:29:54.922115+00,,,9c2a0db3-c7e6-4d04-8b65-6cb56ec6b9f7,2026-09-09 10:16:46.810748+00
aba924c6-aa83-4976-b0f2-5c80b6da2448,4555 8645 9367 0346,merchant_allocated,63c2aeec-7410-4c78-9a68-beb45b1c622c,2026-08-27 11:40:23.347781+00,,,9c2a0db3-c7e6-4d04-8b65-6cb56ec6b9f7,2026-08-27 11:34:13.556736+00
abac03cc-3b35-4dfb-8ec2-1db1821cb1f4,7567 5342 8633 0059,merchant_allocated,4bf2fb6b-bdf3-49d3-ac1b-1e6e746c6643,2026-07-21 16:11:58.441179+00,,,9c2a0db3-c7e6-4d04-8b65-6cb56ec6b9f7,2026-07-21 16:10:31.33396+00
abacf016-2114-45d6-9f1c-8737be199de1,2176 6567 3333 0383,unassigned,,,,,9c2a0db3-c7e6-4d04-8b65-6cb56ec6b9f7,2026-09-03 09:06:17.550685+00
abba1159-556a-41a8-b9ad-b8a3da17cdcb,8689 6453 5689 0100,merchant_allocated,bc3951f9-ff8c-436b-8322-e5dd6592ca4b,2026-09-05 05:47:39.366708+00,,,9c2a0db3-c7e6-4d04-8b65-6cb56ec6b9f7,2026-09-05 05:42:03.795053+00
abfd092b-2fc0-4bcc-8030-303a2494cfee,8783 5621 8877 0209,merchant_allocated,b64a2ee7-5fc4-434d-9b92-1fa730df2810,2026-09-09 05:29:06.233162+00,,,9c2a0db3-c7e6-4d04-8b65-6cb56ec6b9f7,2026-09-09 05:20:59.714662+00
ac0906c0-a1eb-47ca-aac1-630752a84c4e,8783 5621 8877 0265,merchant_allocated,b64a2ee7-5fc4-434d-9b92-1fa730df2810,2026-09-09 05:29:06.233162+00,,,9c2a0db3-c7e6-4d04-8b65-6cb56ec6b9f7,2026-09-09 05:20:59.714662+00
ac10ec28-7038-4b0e-93a5-caa07ac923ed,2173 6567 3333 0314,merchant_allocated,c74f8bef-6fd7-40f2-a363-1daa167d0439,2026-09-03 09:31:57.289663+00,,,9c2a0db3-c7e6-4d04-8b65-6cb56ec6b9f7,2026-09-03 09:26:26.769933+00
ac2e88a9-9794-4212-aadb-684a2ef20636,8783 5621 8877 0334,merchant_allocated,b64a2ee7-5fc4-434d-9b92-1fa730df2810,2026-09-09 05:29:06.233162+00,,,9c2a0db3-c7e6-4d04-8b65-6cb56ec6b9f7,2026-09-09 05:20:59.714662+00
ac6c8f39-6940-4c73-aedb-3dd9bfa59cdb,8667 7863 7616 0443,merchant_allocated,75eff299-f162-4427-8b08-04f404141ef9,2026-09-09 10:29:54.922115+00,,,9c2a0db3-c7e6-4d04-8b65-6cb56ec6b9f7,2026-09-09 10:16:46.810748+00
ac7404af-59d1-4cda-af15-4e1826dd8091,7567 5342 8633 0065,merchant_allocated,4bf2fb6b-bdf3-49d3-ac1b-1e6e746c6643,2026-07-21 16:11:58.441179+00,,,9c2a0db3-c7e6-4d04-8b65-6cb56ec6b9f7,2026-07-21 16:10:31.33396+00
ac91514d-8ae1-4f54-b7c4-a357795fa4ca,4555 8645 9367 0127,merchant_allocated,63c2aeec-7410-4c78-9a68-beb45b1c622c,2026-08-27 11:40:23.347781+00,,,9c2a0db3-c7e6-4d04-8b65-6cb56ec6b9f7,2026-08-27 11:34:13.556736+00
ac9820b2-4737-467e-b7e0-e374f7617a50,8689 6453 5689 0011,merchant_allocated,bc3951f9-ff8c-436b-8322-e5dd6592ca4b,2026-09-05 05:47:39.366708+00,,,9c2a0db3-c7e6-4d04-8b65-6cb56ec6b9f7,2026-09-05 05:42:03.795053+00
aca38d2b-71e7-4559-986f-6ddaec765a48,2173 6567 3333 0057,merchant_allocated,c74f8bef-6fd7-40f2-a363-1daa167d0439,2026-09-03 09:31:57.289663+00,,,9c2a0db3-c7e6-4d04-8b65-6cb56ec6b9f7,2026-09-03 09:26:26.769933+00
acc1adfb-3508-4fb8-835c-d06f4c0b8664,2176 6567 3333 0216,unassigned,,,,,9c2a0db3-c7e6-4d04-8b65-6cb56ec6b9f7,2026-09-03 09:06:17.550685+00
acea3cc4-1f54-471f-8a25-8252808e9dcc,2173 6567 3333 0251,merchant_allocated,c74f8bef-6fd7-40f2-a363-1daa167d0439,2026-09-03 09:31:57.289663+00,,,9c2a0db3-c7e6-4d04-8b65-6cb56ec6b9f7,2026-09-03 09:26:26.769933+00
aceaab4a-2c52-44c7-85f2-1fc74918064b,7567 5342 8633 0007,merchant_allocated,4bf2fb6b-bdf3-49d3-ac1b-1e6e746c6643,2026-07-21 16:11:58.441179+00,,,9c2a0db3-c7e6-4d04-8b65-6cb56ec6b9f7,2026-07-21 16:10:31.33396+00
ad162d3c-86ef-4ae3-a9ce-b583d9e23b19,8689 6453 5689 0033,merchant_allocated,bc3951f9-ff8c-436b-8322-e5dd6592ca4b,2026-09-05 05:47:39.366708+00,,,9c2a0db3-c7e6-4d04-8b65-6cb56ec6b9f7,2026-09-05 05:42:03.795053+00
ad668504-53a6-446a-bc70-c6736d3fb3ae,2173 6567 3333 0406,merchant_allocated,c74f8bef-6fd7-40f2-a363-1daa167d0439,2026-09-03 09:31:57.289663+00,,,9c2a0db3-c7e6-4d04-8b65-6cb56ec6b9f7,2026-09-03 09:26:26.769933+00
ad6d48bc-b853-401e-9b8a-e1acbe43d03c,2176 6567 3333 0007,unassigned,,,,,9c2a0db3-c7e6-4d04-8b65-6cb56ec6b9f7,2026-09-03 09:06:17.550685+00
ad740932-5e53-4e38-9c64-2fdd4c473608,8667 7863 7616 0077,merchant_allocated,75eff299-f162-4427-8b08-04f404141ef9,2026-09-09 10:29:54.922115+00,,,9c2a0db3-c7e6-4d04-8b65-6cb56ec6b9f7,2026-09-09 10:16:46.810748+00
adb8110f-de2e-4816-b4e9-497813432d66,8783 5621 8877 0276,merchant_allocated,b64a2ee7-5fc4-434d-9b92-1fa730df2810,2026-09-09 05:29:06.233162+00,,,9c2a0db3-c7e6-4d04-8b65-6cb56ec6b9f7,2026-09-09 05:20:59.714662+00
adbe95d9-9fd8-4e7f-bf0e-3c41a3bc3f52,2173 6567 3333 0155,merchant_allocated,c74f8bef-6fd7-40f2-a363-1daa167d0439,2026-09-03 09:31:57.289663+00,,,9c2a0db3-c7e6-4d04-8b65-6cb56ec6b9f7,2026-09-03 09:26:26.769933+00
adbf50e1-52db-4f0e-b925-c3f86466f059,8783 5621 8877 0176,merchant_allocated,b64a2ee7-5fc4-434d-9b92-1fa730df2810,2026-09-09 05:29:06.233162+00,,,9c2a0db3-c7e6-4d04-8b65-6cb56ec6b9f7,2026-09-09 05:20:59.714662+00
add6ef75-cb65-4ab5-a2d5-af77f62a95bc,4555 8645 9367 0320,merchant_allocated,63c2aeec-7410-4c78-9a68-beb45b1c622c,2026-08-27 11:40:23.347781+00,,,9c2a0db3-c7e6-4d04-8b65-6cb56ec6b9f7,2026-08-27 11:34:13.556736+00
ade76002-6174-4cc8-8813-8b5f253c07bb,8667 7863 7616 0363,merchant_allocated,75eff299-f162-4427-8b08-04f404141ef9,2026-09-09 10:29:54.922115+00,,,9c2a0db3-c7e6-4d04-8b65-6cb56ec6b9f7,2026-09-09 10:16:46.810748+00
adf0f4da-e2cd-4134-a2ce-5cc3070e5b2b,2173 6567 3333 0160,merchant_allocated,c74f8bef-6fd7-40f2-a363-1daa167d0439,2026-09-03 09:31:57.289663+00,,,9c2a0db3-c7e6-4d04-8b65-6cb56ec6b9f7,2026-09-03 09:26:26.769933+00
ae0e2f7b-4cc7-429c-85c3-2a5a2fae6b21,2176 6567 3333 0463,unassigned,,,,,9c2a0db3-c7e6-4d04-8b65-6cb56ec6b9f7,2026-09-03 09:06:17.550685+00
ae233f3f-81b8-4cb8-8247-69a02408bd5e,2176 6567 3333 0235,unassigned,,,,,9c2a0db3-c7e6-4d04-8b65-6cb56ec6b9f7,2026-09-03 09:06:17.550685+00
ae27a587-4297-4c06-acd4-0929feb0bf1d,4555 8645 9367 0486,merchant_allocated,63c2aeec-7410-4c78-9a68-beb45b1c622c,2026-08-27 11:40:23.347781+00,,,9c2a0db3-c7e6-4d04-8b65-6cb56ec6b9f7,2026-08-27 11:34:13.556736+00
ae417989-3d1b-47d7-bf2d-6bbe2e1a06f0,4555 8645 9367 0279,merchant_allocated,63c2aeec-7410-4c78-9a68-beb45b1c622c,2026-08-27 11:40:23.347781+00,,,9c2a0db3-c7e6-4d04-8b65-6cb56ec6b9f7,2026-08-27 11:34:13.556736+00
ae4d42f9-0cb9-431e-a4c8-4d52652755bf,8667 7863 7616 0398,merchant_allocated,75eff299-f162-4427-8b08-04f404141ef9,2026-09-09 10:29:54.922115+00,,,9c2a0db3-c7e6-4d04-8b65-6cb56ec6b9f7,2026-09-09 10:16:46.810748+00
ae57e1d7-d4bd-42b1-b2b4-7ebd636c9ed6,8689 6453 5689 0069,merchant_allocated,bc3951f9-ff8c-436b-8322-e5dd6592ca4b,2026-09-05 05:47:39.366708+00,,,9c2a0db3-c7e6-4d04-8b65-6cb56ec6b9f7,2026-09-05 05:42:03.795053+00
ae643e29-7a6c-4ee9-b924-e2e293dfbce1,8689 6453 5689 0024,merchant_allocated,bc3951f9-ff8c-436b-8322-e5dd6592ca4b,2026-09-05 05:47:39.366708+00,,,9c2a0db3-c7e6-4d04-8b65-6cb56ec6b9f7,2026-09-05 05:42:03.795053+00
ae6531ea-e2c1-4341-a433-1f98c71e5586,7567 5342 8633 0077,merchant_allocated,4bf2fb6b-bdf3-49d3-ac1b-1e6e746c6643,2026-07-21 16:11:58.441179+00,,,9c2a0db3-c7e6-4d04-8b65-6cb56ec6b9f7,2026-07-21 16:10:31.33396+00
ae6b3a5d-8f14-4f92-b930-47cb59b09f0b,8689 6453 5689 0075,merchant_allocated,bc3951f9-ff8c-436b-8322-e5dd6592ca4b,2026-09-05 05:47:39.366708+00,,,9c2a0db3-c7e6-4d04-8b65-6cb56ec6b9f7,2026-09-05 05:42:03.795053+00
ae6efdcd-56e2-4e83-bd95-f44ddf415534,4555 8645 9367 0260,merchant_allocated,63c2aeec-7410-4c78-9a68-beb45b1c622c,2026-08-27 11:40:23.347781+00,,,9c2a0db3-c7e6-4d04-8b65-6cb56ec6b9f7,2026-08-27 11:34:13.556736+00
aeb1684e-b2f1-4920-bf52-a33ba598e1f8,7567 5342 8633 0016,merchant_allocated,4bf2fb6b-bdf3-49d3-ac1b-1e6e746c6643,2026-07-21 16:11:58.441179+00,,,9c2a0db3-c7e6-4d04-8b65-6cb56ec6b9f7,2026-07-21 16:10:31.33396+00
aeba9745-8290-4466-bf76-377519698b9f,4821 4444 0000 3700,merchant_allocated,merch_  7,2026-08-03 17:46:28.931088+00,,,9c2a0db3-c7e6-4d04-8b65-6cb56ec6b9f7,2026-08-03 17:45:59.017505+00
aec740ce-f6da-42b2-9cba-eb5aa642056c,8667 7863 7616 0047,merchant_allocated,75eff299-f162-4427-8b08-04f404141ef9,2026-09-09 10:29:54.922115+00,,,9c2a0db3-c7e6-4d04-8b65-6cb56ec6b9f7,2026-09-09 10:16:46.810748+00
aed68474-b7d4-4cb3-bfc7-82da1a5f0419,4821 4444 0000 1000,merchant_allocated,merch_  7,2026-08-03 17:46:28.931088+00,,,9c2a0db3-c7e6-4d04-8b65-6cb56ec6b9f7,2026-08-03 17:45:59.017505+00
aee044f3-8b14-4a40-bda7-1e25720877cd,4555 8645 9367 0124,merchant_allocated,63c2aeec-7410-4c78-9a68-beb45b1c622c,2026-08-27 11:40:23.347781+00,,,9c2a0db3-c7e6-4d04-8b65-6cb56ec6b9f7,2026-08-27 11:34:13.556736+00
aee80998-2943-49c9-80b1-5a80ae51ccbe,8783 5621 8877 0133,merchant_allocated,b64a2ee7-5fc4-434d-9b92-1fa730df2810,2026-09-09 05:29:06.233162+00,,,9c2a0db3-c7e6-4d04-8b65-6cb56ec6b9f7,2026-09-09 05:20:59.714662+00
af0fc208-07e3-493b-b238-7b3d574795e9,8783 5621 8877 0077,merchant_allocated,b64a2ee7-5fc4-434d-9b92-1fa730df2810,2026-09-09 05:29:06.233162+00,,,9c2a0db3-c7e6-4d04-8b65-6cb56ec6b9f7,2026-09-09 05:20:59.714662+00
af44203b-0add-4171-a795-ce05f783b2e5,4821 4444 0000 2200,merchant_allocated,merch_  7,2026-08-03 17:46:28.931088+00,,,9c2a0db3-c7e6-4d04-8b65-6cb56ec6b9f7,2026-08-03 17:45:59.017505+00
af4b7b9d-7ec6-4153-8f01-556c1bd200a5,2173 6567 3333 0339,merchant_allocated,c74f8bef-6fd7-40f2-a363-1daa167d0439,2026-09-03 09:31:57.289663+00,,,9c2a0db3-c7e6-4d04-8b65-6cb56ec6b9f7,2026-09-03 09:26:26.769933+00
af4f972d-aae2-4d9c-b4bd-4fee4dea727a,8783 5621 8877 0495,merchant_allocated,b64a2ee7-5fc4-434d-9b92-1fa730df2810,2026-09-09 05:29:06.233162+00,,,9c2a0db3-c7e6-4d04-8b65-6cb56ec6b9f7,2026-09-09 05:20:59.714662+00
af5392a5-bce7-4065-8c16-14afd5c4fd9f,2176 6567 3333 0075,unassigned,,,,,9c2a0db3-c7e6-4d04-8b65-6cb56ec6b9f7,2026-09-03 09:06:17.550685+00
af72bf13-af39-4441-9ae7-196806621fbd,4555 8645 9367 0453,merchant_allocated,63c2aeec-7410-4c78-9a68-beb45b1c622c,2026-08-27 11:40:23.347781+00,,,9c2a0db3-c7e6-4d04-8b65-6cb56ec6b9f7,2026-08-27 11:34:13.556736+00
af9fde52-4c8c-41e2-bf7e-64e6e8158d32,7567 5342 8633 0015,merchant_allocated,4bf2fb6b-bdf3-49d3-ac1b-1e6e746c6643,2026-07-21 16:11:58.441179+00,,,9c2a0db3-c7e6-4d04-8b65-6cb56ec6b9f7,2026-07-21 16:10:31.33396+00
afb47b0a-5ce9-4332-bdc3-75f5ae7f9e3c,2173 6567 3333 0141,merchant_allocated,c74f8bef-6fd7-40f2-a363-1daa167d0439,2026-09-03 09:31:57.289663+00,,,9c2a0db3-c7e6-4d04-8b65-6cb56ec6b9f7,2026-09-03 09:26:26.769933+00
afd18ee3-fdbf-4da5-8f9f-a1d43aa09efe,2173 6567 3333 0458,merchant_allocated,c74f8bef-6fd7-40f2-a363-1daa167d0439,2026-09-03 09:31:57.289663+00,,,9c2a0db3-c7e6-4d04-8b65-6cb56ec6b9f7,2026-09-03 09:26:26.769933+00
afd3ac58-c85f-44a5-8efe-da3586d47bbb,8667 7863 7616 0262,merchant_allocated,75eff299-f162-4427-8b08-04f404141ef9,2026-09-09 10:29:54.922115+00,,,9c2a0db3-c7e6-4d04-8b65-6cb56ec6b9f7,2026-09-09 10:16:46.810748+00
affc80f1-c25e-4514-8d55-fab79cf44ea2,2176 6567 3333 0412,unassigned,,,,,9c2a0db3-c7e6-4d04-8b65-6cb56ec6b9f7,2026-09-03 09:06:17.550685+00
b00f6ae7-9679-47a5-94db-3434d5342fa1,8667 7863 7616 0106,merchant_allocated,75eff299-f162-4427-8b08-04f404141ef9,2026-09-09 10:29:54.922115+00,,,9c2a0db3-c7e6-4d04-8b65-6cb56ec6b9f7,2026-09-09 10:16:46.810748+00
b0122952-bf32-44ea-a684-ad2809126b9d,2173 6567 3333 0342,merchant_allocated,c74f8bef-6fd7-40f2-a363-1daa167d0439,2026-09-03 09:31:57.289663+00,,,9c2a0db3-c7e6-4d04-8b65-6cb56ec6b9f7,2026-09-03 09:26:26.769933+00
b0196051-c12f-41eb-9aa2-ef6bb4502704,8667 7863 7616 0479,merchant_allocated,75eff299-f162-4427-8b08-04f404141ef9,2026-09-09 10:29:54.922115+00,,,9c2a0db3-c7e6-4d04-8b65-6cb56ec6b9f7,2026-09-09 10:16:46.810748+00
b024b96e-aed6-4ff9-8581-c5077d544fe7,8667 7863 7616 0486,merchant_allocated,75eff299-f162-4427-8b08-04f404141ef9,2026-09-09 10:29:54.922115+00,,,9c2a0db3-c7e6-4d04-8b65-6cb56ec6b9f7,2026-09-09 10:16:46.810748+00
b028e9cd-b98c-4682-a6f1-8e20edb3c1c1,8667 7863 7616 0142,merchant_allocated,75eff299-f162-4427-8b08-04f404141ef9,2026-09-09 10:29:54.922115+00,,,9c2a0db3-c7e6-4d04-8b65-6cb56ec6b9f7,2026-09-09 10:16:46.810748+00
b02d32f2-36bc-4c7d-8d00-71b727e8069b,2176 6567 3333 0155,unassigned,,,,,9c2a0db3-c7e6-4d04-8b65-6cb56ec6b9f7,2026-09-03 09:06:17.550685+00
b058c89e-21a5-42d2-9b97-c363bd22a115,8667 7863 7616 0086,merchant_allocated,75eff299-f162-4427-8b08-04f404141ef9,2026-09-09 10:29:54.922115+00,,,9c2a0db3-c7e6-4d04-8b65-6cb56ec6b9f7,2026-09-09 10:16:46.810748+00
b06b3bf8-062b-441d-b188-205c44e78fba,2176 6567 3333 0195,unassigned,,,,,9c2a0db3-c7e6-4d04-8b65-6cb56ec6b9f7,2026-09-03 09:06:17.550685+00
b0817346-90bb-482d-940a-2aec9eef939b,8783 5621 8877 0373,merchant_allocated,b64a2ee7-5fc4-434d-9b92-1fa730df2810,2026-09-09 05:29:06.233162+00,,,9c2a0db3-c7e6-4d04-8b65-6cb56ec6b9f7,2026-09-09 05:20:59.714662+00
b098783a-9dd3-480f-8252-29ce0222592c,2176 6567 3333 0477,unassigned,,,,,9c2a0db3-c7e6-4d04-8b65-6cb56ec6b9f7,2026-09-03 09:06:17.550685+00
b0b28876-4d37-486e-8615-74935291a81f,2173 6567 3333 0201,merchant_allocated,c74f8bef-6fd7-40f2-a363-1daa167d0439,2026-09-03 09:31:57.289663+00,,,9c2a0db3-c7e6-4d04-8b65-6cb56ec6b9f7,2026-09-03 09:26:26.769933+00
b0ff4390-78bd-4a38-8be0-42c648e95a60,2173 6567 3333 0489,merchant_allocated,c74f8bef-6fd7-40f2-a363-1daa167d0439,2026-09-03 09:31:57.289663+00,,,9c2a0db3-c7e6-4d04-8b65-6cb56ec6b9f7,2026-09-03 09:26:26.769933+00
b10ef64a-d877-4a8c-b44a-eb9781e49a0c,4821 4444 0000 1800,merchant_allocated,merch_  7,2026-08-03 17:46:28.931088+00,,,9c2a0db3-c7e6-4d04-8b65-6cb56ec6b9f7,2026-08-03 17:45:59.017505+00
b121eeef-9775-44ad-aa6f-cbb1b41ecfa6,2173 6567 3333 0019,merchant_allocated,c74f8bef-6fd7-40f2-a363-1daa167d0439,2026-09-03 09:31:57.289663+00,,,9c2a0db3-c7e6-4d04-8b65-6cb56ec6b9f7,2026-09-03 09:26:26.769933+00
b1334f36-4fea-4e7d-83a8-a102d99b9efd,8667 7863 7616 0237,merchant_allocated,75eff299-f162-4427-8b08-04f404141ef9,2026-09-09 10:29:54.922115+00,,,9c2a0db3-c7e6-4d04-8b65-6cb56ec6b9f7,2026-09-09 10:16:46.810748+00
b141046b-49f0-4cb0-8fad-b36d040a898d,8667 7863 7616 0066,merchant_allocated,75eff299-f162-4427-8b08-04f404141ef9,2026-09-09 10:29:54.922115+00,,,9c2a0db3-c7e6-4d04-8b65-6cb56ec6b9f7,2026-09-09 10:16:46.810748+00
b1de9fb2-d0fc-4818-940a-796b8b80dde9,4555 8645 9367 0096,merchant_allocated,63c2aeec-7410-4c78-9a68-beb45b1c622c,2026-08-27 11:40:23.347781+00,,,9c2a0db3-c7e6-4d04-8b65-6cb56ec6b9f7,2026-08-27 11:34:13.556736+00
b1df20e4-a859-47c1-b50f-f37d1ee57ed2,8667 7863 7616 0392,merchant_allocated,75eff299-f162-4427-8b08-04f404141ef9,2026-09-09 10:29:54.922115+00,,,9c2a0db3-c7e6-4d04-8b65-6cb56ec6b9f7,2026-09-09 10:16:46.810748+00
b20e25a3-5c2e-479b-93bd-3ffdfa6fd22a,2173 6567 3333 0110,merchant_allocated,c74f8bef-6fd7-40f2-a363-1daa167d0439,2026-09-03 09:31:57.289663+00,,,9c2a0db3-c7e6-4d04-8b65-6cb56ec6b9f7,2026-09-03 09:26:26.769933+00
b22b373d-438a-4d19-b787-0376792e6ad4,4821 4444 0000 3600,merchant_allocated,merch_  7,2026-08-03 17:46:28.931088+00,,,9c2a0db3-c7e6-4d04-8b65-6cb56ec6b9f7,2026-08-03 17:45:59.017505+00
b23ebe3e-a00a-4edb-98b7-bfad80df6ff8,8667 7863 7616 0017,merchant_allocated,75eff299-f162-4427-8b08-04f404141ef9,2026-09-09 10:29:54.922115+00,,,9c2a0db3-c7e6-4d04-8b65-6cb56ec6b9f7,2026-09-09 10:16:46.810748+00
b26cee7b-3a1f-4dbb-ac14-1fda78b413a3,7567 5342 8633 0024,merchant_allocated,4bf2fb6b-bdf3-49d3-ac1b-1e6e746c6643,2026-07-21 16:11:58.441179+00,,,9c2a0db3-c7e6-4d04-8b65-6cb56ec6b9f7,2026-07-21 16:10:31.33396+00
b271ccd0-1fa6-4a6e-bbac-e7327ef3a1c4,2176 6567 3333 0448,unassigned,,,,,9c2a0db3-c7e6-4d04-8b65-6cb56ec6b9f7,2026-09-03 09:06:17.550685+00
b286a611-7977-479d-83f5-0a38864f9f9d,4555 8645 9367 0318,merchant_allocated,63c2aeec-7410-4c78-9a68-beb45b1c622c,2026-08-27 11:40:23.347781+00,,,9c2a0db3-c7e6-4d04-8b65-6cb56ec6b9f7,2026-08-27 11:34:13.556736+00
b29a6af4-a370-4736-91d0-3c78162eee28,2176 6567 3333 0225,unassigned,,,,,9c2a0db3-c7e6-4d04-8b65-6cb56ec6b9f7,2026-09-03 09:06:17.550685+00
b2b1bf46-ae08-4858-b66b-7aa8244eafc9,2173 6567 3333 0103,merchant_allocated,c74f8bef-6fd7-40f2-a363-1daa167d0439,2026-09-03 09:31:57.289663+00,,,9c2a0db3-c7e6-4d04-8b65-6cb56ec6b9f7,2026-09-03 09:26:26.769933+00
b2b51241-5f5a-4a3d-8a31-ce9f11096440,2176 6567 3333 0146,unassigned,,,,,9c2a0db3-c7e6-4d04-8b65-6cb56ec6b9f7,2026-09-03 09:06:17.550685+00
b2b5a0ff-6e23-4678-9d3d-16f2e7727d27,2173 6567 3333 0208,merchant_allocated,c74f8bef-6fd7-40f2-a363-1daa167d0439,2026-09-03 09:31:57.289663+00,,,9c2a0db3-c7e6-4d04-8b65-6cb56ec6b9f7,2026-09-03 09:26:26.769933+00
b2bcee50-054a-4d66-8d81-cee07ac324d6,8667 7863 7616 0290,merchant_allocated,75eff299-f162-4427-8b08-04f404141ef9,2026-09-09 10:29:54.922115+00,,,9c2a0db3-c7e6-4d04-8b65-6cb56ec6b9f7,2026-09-09 10:16:46.810748+00
b2d65bc3-0869-4ba2-bb7f-e4136c66adad,4555 8645 9367 0163,merchant_allocated,63c2aeec-7410-4c78-9a68-beb45b1c622c,2026-08-27 11:40:23.347781+00,,,9c2a0db3-c7e6-4d04-8b65-6cb56ec6b9f7,2026-08-27 11:34:13.556736+00
b2e1396c-ac24-4719-9020-0fa1bda98f36,7567 5342 8633 0033,merchant_allocated,4bf2fb6b-bdf3-49d3-ac1b-1e6e746c6643,2026-07-21 16:11:58.441179+00,,,9c2a0db3-c7e6-4d04-8b65-6cb56ec6b9f7,2026-07-21 16:10:31.33396+00
b30b9f3a-3925-4ad6-8cc1-a408e10d1b02,8783 5621 8877 0159,merchant_allocated,b64a2ee7-5fc4-434d-9b92-1fa730df2810,2026-09-09 05:29:06.233162+00,,,9c2a0db3-c7e6-4d04-8b65-6cb56ec6b9f7,2026-09-09 05:20:59.714662+00
b33b3eea-39bd-4370-bf4a-a62206b60673,2173 6567 3333 0029,merchant_allocated,c74f8bef-6fd7-40f2-a363-1daa167d0439,2026-09-03 09:31:57.289663+00,,,9c2a0db3-c7e6-4d04-8b65-6cb56ec6b9f7,2026-09-03 09:26:26.769933+00
b344f038-bd64-47d8-ae4f-e9515ff420c7,2176 6567 3333 0472,unassigned,,,,,9c2a0db3-c7e6-4d04-8b65-6cb56ec6b9f7,2026-09-03 09:06:17.550685+00
b359b8d4-7c6d-4741-9506-2fc522e4afc0,4555 8645 9367 0084,merchant_allocated,63c2aeec-7410-4c78-9a68-beb45b1c622c,2026-08-27 11:40:23.347781+00,,,9c2a0db3-c7e6-4d04-8b65-6cb56ec6b9f7,2026-08-27 11:34:13.556736+00
b362c626-4c3d-43dd-aeba-5871d0b21b98,2173 6567 3333 0328,merchant_allocated,c74f8bef-6fd7-40f2-a363-1daa167d0439,2026-09-03 09:31:57.289663+00,,,9c2a0db3-c7e6-4d04-8b65-6cb56ec6b9f7,2026-09-03 09:26:26.769933+00
b36ae0d6-6cff-49d3-8b10-63767b63d8e2,2173 6567 3333 0405,merchant_allocated,c74f8bef-6fd7-40f2-a363-1daa167d0439,2026-09-03 09:31:57.289663+00,,,9c2a0db3-c7e6-4d04-8b65-6cb56ec6b9f7,2026-09-03 09:26:26.769933+00
b37af00c-1099-460e-9e43-2bf2f2ad076b,8783 5621 8877 0292,merchant_allocated,b64a2ee7-5fc4-434d-9b92-1fa730df2810,2026-09-09 05:29:06.233162+00,,,9c2a0db3-c7e6-4d04-8b65-6cb56ec6b9f7,2026-09-09 05:20:59.714662+00
b392ea17-7886-46d2-87e8-fec5a1ccc997,8667 7863 7616 0153,merchant_allocated,75eff299-f162-4427-8b08-04f404141ef9,2026-09-09 10:29:54.922115+00,,,9c2a0db3-c7e6-4d04-8b65-6cb56ec6b9f7,2026-09-09 10:16:46.810748+00
b3974aa9-96a0-4ce7-adb5-eb61d7168468,2176 6567 3333 0287,unassigned,,,,,9c2a0db3-c7e6-4d04-8b65-6cb56ec6b9f7,2026-09-03 09:06:17.550685+00
b3c2aa9f-3cf1-4202-b5ae-269504a7fe81,2176 6567 3333 0286,unassigned,,,,,9c2a0db3-c7e6-4d04-8b65-6cb56ec6b9f7,2026-09-03 09:06:17.550685+00
b3c3cf9c-23e9-4487-a5e7-bcfee6151622,8783 5621 8877 0118,merchant_allocated,b64a2ee7-5fc4-434d-9b92-1fa730df2810,2026-09-09 05:29:06.233162+00,,,9c2a0db3-c7e6-4d04-8b65-6cb56ec6b9f7,2026-09-09 05:20:59.714662+00
b3c3eda3-2307-46f7-9889-544ab51b4fd0,2173 6567 3333 0050,merchant_allocated,c74f8bef-6fd7-40f2-a363-1daa167d0439,2026-09-03 09:31:57.289663+00,,,9c2a0db3-c7e6-4d04-8b65-6cb56ec6b9f7,2026-09-03 09:26:26.769933+00
b42168aa-5275-4601-a799-df0b06db3695,8667 7863 7616 0332,merchant_allocated,75eff299-f162-4427-8b08-04f404141ef9,2026-09-09 10:29:54.922115+00,,,9c2a0db3-c7e6-4d04-8b65-6cb56ec6b9f7,2026-09-09 10:16:46.810748+00
b423969c-6032-47a9-a716-5aa1ec9bf2a9,2173 6567 3333 0224,merchant_allocated,c74f8bef-6fd7-40f2-a363-1daa167d0439,2026-09-03 09:31:57.289663+00,,,9c2a0db3-c7e6-4d04-8b65-6cb56ec6b9f7,2026-09-03 09:26:26.769933+00
b42596e6-c463-4709-a40a-fe640af1606d,2176 6567 3333 0077,unassigned,,,,,9c2a0db3-c7e6-4d04-8b65-6cb56ec6b9f7,2026-09-03 09:06:17.550685+00
b44a5f03-3b38-434b-b700-c2a75f8fb4ec,8783 5621 8877 0163,merchant_allocated,b64a2ee7-5fc4-434d-9b92-1fa730df2810,2026-09-09 05:29:06.233162+00,,,9c2a0db3-c7e6-4d04-8b65-6cb56ec6b9f7,2026-09-09 05:20:59.714662+00
b45aef46-8561-4d2d-a55a-15eaec73baab,8783 5621 8877 0340,merchant_allocated,b64a2ee7-5fc4-434d-9b92-1fa730df2810,2026-09-09 05:29:06.233162+00,,,9c2a0db3-c7e6-4d04-8b65-6cb56ec6b9f7,2026-09-09 05:20:59.714662+00
b46e86af-92ef-47e2-836e-8249e6941595,2173 6567 3333 0207,merchant_allocated,c74f8bef-6fd7-40f2-a363-1daa167d0439,2026-09-03 09:31:57.289663+00,,,9c2a0db3-c7e6-4d04-8b65-6cb56ec6b9f7,2026-09-03 09:26:26.769933+00
b4a09978-088e-4d55-bc36-ca878813fba7,4555 8645 9367 0274,merchant_allocated,63c2aeec-7410-4c78-9a68-beb45b1c622c,2026-08-27 11:40:23.347781+00,,,9c2a0db3-c7e6-4d04-8b65-6cb56ec6b9f7,2026-08-27 11:34:13.556736+00
b4c22793-78a7-4b2c-9c9b-0f010c8e1671,8667 7863 7616 0167,merchant_allocated,75eff299-f162-4427-8b08-04f404141ef9,2026-09-09 10:29:54.922115+00,,,9c2a0db3-c7e6-4d04-8b65-6cb56ec6b9f7,2026-09-09 10:16:46.810748+00
b4ca16bd-3faa-4c58-be0c-bf2b850f33fd,2173 6567 3333 0413,merchant_allocated,c74f8bef-6fd7-40f2-a363-1daa167d0439,2026-09-03 09:31:57.289663+00,,,9c2a0db3-c7e6-4d04-8b65-6cb56ec6b9f7,2026-09-03 09:26:26.769933+00
b4ca24e2-4c19-497d-ac4f-9a94740ad713,7567 5342 8633 0071,merchant_allocated,4bf2fb6b-bdf3-49d3-ac1b-1e6e746c6643,2026-07-21 16:11:58.441179+00,,,9c2a0db3-c7e6-4d04-8b65-6cb56ec6b9f7,2026-07-21 16:10:31.33396+00
b4cb2ba7-de50-4728-867b-9e47708be735,4821 6739 0000 4100,merchant_allocated,merch_  6,2026-07-28 06:48:05.660888+00,,,9c2a0db3-c7e6-4d04-8b65-6cb56ec6b9f7,2026-07-28 06:47:38.92065+00
b4dd083d-e12c-40fa-8549-4b44911bf051,8783 5621 8877 0183,merchant_allocated,b64a2ee7-5fc4-434d-9b92-1fa730df2810,2026-09-09 05:29:06.233162+00,,,9c2a0db3-c7e6-4d04-8b65-6cb56ec6b9f7,2026-09-09 05:20:59.714662+00
b51d039e-2de5-4e03-b828-8b870c8501a2,8667 7863 7616 0408,merchant_allocated,75eff299-f162-4427-8b08-04f404141ef9,2026-09-09 10:29:54.922115+00,,,9c2a0db3-c7e6-4d04-8b65-6cb56ec6b9f7,2026-09-09 10:16:46.810748+00
b52f8353-384e-4ee2-bd2a-7c106e978b10,4555 8645 9367 0400,merchant_allocated,63c2aeec-7410-4c78-9a68-beb45b1c622c,2026-08-27 11:40:23.347781+00,,,9c2a0db3-c7e6-4d04-8b65-6cb56ec6b9f7,2026-08-27 11:34:13.556736+00
b544a45f-9d14-4533-aa18-4e99fd1ba3ac,2176 6567 3333 0115,unassigned,,,,,9c2a0db3-c7e6-4d04-8b65-6cb56ec6b9f7,2026-09-03 09:06:17.550685+00
b5454094-9345-472a-9cd0-3656fa4bdb34,4555 8645 9367 0295,merchant_allocated,63c2aeec-7410-4c78-9a68-beb45b1c622c,2026-08-27 11:40:23.347781+00,,,9c2a0db3-c7e6-4d04-8b65-6cb56ec6b9f7,2026-08-27 11:34:13.556736+00
b5547bd1-b9e0-421e-b743-5d71ae32cd8c,8667 7863 7616 0442,merchant_allocated,75eff299-f162-4427-8b08-04f404141ef9,2026-09-09 10:29:54.922115+00,,,9c2a0db3-c7e6-4d04-8b65-6cb56ec6b9f7,2026-09-09 10:16:46.810748+00
b56c1af0-278c-49b5-b7a4-cfb6fb10fec0,8783 5621 8877 0195,merchant_allocated,b64a2ee7-5fc4-434d-9b92-1fa730df2810,2026-09-09 05:29:06.233162+00,,,9c2a0db3-c7e6-4d04-8b65-6cb56ec6b9f7,2026-09-09 05:20:59.714662+00
b5a01f98-168c-40e1-99d7-c383d506c2d0,2176 6567 3333 0055,unassigned,,,,,9c2a0db3-c7e6-4d04-8b65-6cb56ec6b9f7,2026-09-03 09:06:17.550685+00
b5a32f97-99ff-4bd3-887b-8a334dd34847,8667 7863 7616 0476,merchant_allocated,75eff299-f162-4427-8b08-04f404141ef9,2026-09-09 10:29:54.922115+00,,,9c2a0db3-c7e6-4d04-8b65-6cb56ec6b9f7,2026-09-09 10:16:46.810748+00
b5a436c1-14ea-4409-88fd-7cd718161d10,8783 5621 8877 0233,merchant_allocated,b64a2ee7-5fc4-434d-9b92-1fa730df2810,2026-09-09 05:29:06.233162+00,,,9c2a0db3-c7e6-4d04-8b65-6cb56ec6b9f7,2026-09-09 05:20:59.714662+00
b5e71958-f4f9-4a3b-accc-1715ccdeb207,2173 6567 3333 0009,member_linked,c74f8bef-6fd7-40f2-a363-1daa167d0439,2026-09-03 09:31:57.289663+00,77dc0655-849c-468d-b07f-cf2f0526e9f9,2026-09-22 10:51:52.358655+00,9c2a0db3-c7e6-4d04-8b65-6cb56ec6b9f7,2026-09-03 09:26:26.769933+00
b5ec25c2-88e1-47d9-95a4-9dfd3471f28a,4555 8645 9367 0340,merchant_allocated,63c2aeec-7410-4c78-9a68-beb45b1c622c,2026-08-27 11:40:23.347781+00,,,9c2a0db3-c7e6-4d04-8b65-6cb56ec6b9f7,2026-08-27 11:34:13.556736+00
b64e1093-eb24-40f7-830b-1366c2d5997b,8667 7863 7616 0298,merchant_allocated,75eff299-f162-4427-8b08-04f404141ef9,2026-09-09 10:29:54.922115+00,,,9c2a0db3-c7e6-4d04-8b65-6cb56ec6b9f7,2026-09-09 10:16:46.810748+00
b653ada3-2692-4c12-a21b-265fecdbed1a,8667 7863 7616 0062,merchant_allocated,75eff299-f162-4427-8b08-04f404141ef9,2026-09-09 10:29:54.922115+00,,,9c2a0db3-c7e6-4d04-8b65-6cb56ec6b9f7,2026-09-09 10:16:46.810748+00
b6702757-f135-4c42-87a3-6cb93604a94e,8783 5621 8877 0332,merchant_allocated,b64a2ee7-5fc4-434d-9b92-1fa730df2810,2026-09-09 05:29:06.233162+00,,,9c2a0db3-c7e6-4d04-8b65-6cb56ec6b9f7,2026-09-09 05:20:59.714662+00
b6cb63de-8d7b-4054-8be4-a95c3373c520,4555 8645 9367 0361,merchant_allocated,63c2aeec-7410-4c78-9a68-beb45b1c622c,2026-08-27 11:40:23.347781+00,,,9c2a0db3-c7e6-4d04-8b65-6cb56ec6b9f7,2026-08-27 11:34:13.556736+00
b6eb95c6-dd84-4981-ad7c-d2e7e788abb9,4555 8645 9367 0126,merchant_allocated,63c2aeec-7410-4c78-9a68-beb45b1c622c,2026-08-27 11:40:23.347781+00,,,9c2a0db3-c7e6-4d04-8b65-6cb56ec6b9f7,2026-08-27 11:34:13.556736+00
b6ebe4fe-e411-4181-b056-6d49bfe7b6bd,2173 6567 3333 0423,merchant_allocated,c74f8bef-6fd7-40f2-a363-1daa167d0439,2026-09-03 09:31:57.289663+00,,,9c2a0db3-c7e6-4d04-8b65-6cb56ec6b9f7,2026-09-03 09:26:26.769933+00
b7380409-e419-47bf-bba2-b5f5d6d192b3,2173 6567 3333 0174,merchant_allocated,c74f8bef-6fd7-40f2-a363-1daa167d0439,2026-09-03 09:31:57.289663+00,,,9c2a0db3-c7e6-4d04-8b65-6cb56ec6b9f7,2026-09-03 09:26:26.769933+00
b7453145-a4c6-4d7e-a1ea-3ee9a06711ce,8667 7863 7616 0039,merchant_allocated,75eff299-f162-4427-8b08-04f404141ef9,2026-09-09 10:29:54.922115+00,,,9c2a0db3-c7e6-4d04-8b65-6cb56ec6b9f7,2026-09-09 10:16:46.810748+00
b7782ff7-0be8-4d48-bc7d-6f5f117477f9,2176 6567 3333 0168,unassigned,,,,,9c2a0db3-c7e6-4d04-8b65-6cb56ec6b9f7,2026-09-03 09:06:17.550685+00
b78049cd-a2ec-4df9-adf0-3fb25c3c1eda,4555 8645 9367 0448,merchant_allocated,63c2aeec-7410-4c78-9a68-beb45b1c622c,2026-08-27 11:40:23.347781+00,,,9c2a0db3-c7e6-4d04-8b65-6cb56ec6b9f7,2026-08-27 11:34:13.556736+00
b79edfaf-d57b-4c9b-9438-ea0b1426fdfa,8783 5621 8877 0033,merchant_allocated,b64a2ee7-5fc4-434d-9b92-1fa730df2810,2026-09-09 05:29:06.233162+00,,,9c2a0db3-c7e6-4d04-8b65-6cb56ec6b9f7,2026-09-09 05:20:59.714662+00
b7ad67f4-a6eb-4946-bf53-ac280f1fbae7,8783 5621 8877 0037,merchant_allocated,b64a2ee7-5fc4-434d-9b92-1fa730df2810,2026-09-09 05:29:06.233162+00,,,9c2a0db3-c7e6-4d04-8b65-6cb56ec6b9f7,2026-09-09 05:20:59.714662+00
b7c91553-fbe4-48bd-b60c-63e1a73c1ab8,6635 8773 8388 0002,unassigned,,,,,9c2a0db3-c7e6-4d04-8b65-6cb56ec6b9f7,2026-08-19 07:38:00.609926+00
b7ecc439-9f0b-44b2-afcf-44049ef00030,7567 5342 8633 0097,merchant_allocated,4bf2fb6b-bdf3-49d3-ac1b-1e6e746c6643,2026-07-21 16:11:58.441179+00,,,9c2a0db3-c7e6-4d04-8b65-6cb56ec6b9f7,2026-07-21 16:10:31.33396+00
b812a843-22e9-4544-b2e8-500604cc50e0,8667 7863 7616 0270,merchant_allocated,75eff299-f162-4427-8b08-04f404141ef9,2026-09-09 10:29:54.922115+00,,,9c2a0db3-c7e6-4d04-8b65-6cb56ec6b9f7,2026-09-09 10:16:46.810748+00
b8189df9-dbeb-47ad-b272-90fadf308451,7567 5342 8633 0017,merchant_allocated,4bf2fb6b-bdf3-49d3-ac1b-1e6e746c6643,2026-07-21 16:11:58.441179+00,,,9c2a0db3-c7e6-4d04-8b65-6cb56ec6b9f7,2026-07-21 16:10:31.33396+00
b8283526-db1d-4aab-aca8-077c0693cf6e,4555 8645 9367 0377,merchant_allocated,63c2aeec-7410-4c78-9a68-beb45b1c622c,2026-08-27 11:40:23.347781+00,,,9c2a0db3-c7e6-4d04-8b65-6cb56ec6b9f7,2026-08-27 11:34:13.556736+00
b83be51b-1d8b-4eee-b1f8-663a411a22f4,2173 6567 3333 0235,merchant_allocated,c74f8bef-6fd7-40f2-a363-1daa167d0439,2026-09-03 09:31:57.289663+00,,,9c2a0db3-c7e6-4d04-8b65-6cb56ec6b9f7,2026-09-03 09:26:26.769933+00
b85292ec-86e5-4f26-bbd3-0eef2d03da02,4555 8645 9367 0016,merchant_allocated,63c2aeec-7410-4c78-9a68-beb45b1c622c,2026-08-27 11:40:23.347781+00,,,9c2a0db3-c7e6-4d04-8b65-6cb56ec6b9f7,2026-08-27 11:34:13.556736+00
b85318d5-b53a-4947-b3cf-021959de928d,4555 8645 9367 0062,merchant_allocated,63c2aeec-7410-4c78-9a68-beb45b1c622c,2026-08-27 11:40:23.347781+00,,,9c2a0db3-c7e6-4d04-8b65-6cb56ec6b9f7,2026-08-27 11:34:13.556736+00
b85c6d9a-e049-4d37-8c1b-b25324da9723,5656 7477 9399 0004,merchant_allocated,9f5a3fe4-f21f-4fed-beaf-67dcb9c6cffc,2026-07-22 09:15:44.905092+00,,,9c2a0db3-c7e6-4d04-8b65-6cb56ec6b9f7,2026-07-22 09:14:18.287281+00
b8715446-3836-438a-ae10-ab853f22b93c,2173 6567 3333 0185,merchant_allocated,c74f8bef-6fd7-40f2-a363-1daa167d0439,2026-09-03 09:31:57.289663+00,,,9c2a0db3-c7e6-4d04-8b65-6cb56ec6b9f7,2026-09-03 09:26:26.769933+00
b876efdb-7e12-4210-bbe7-20e43abb9e43,8783 5621 8877 0025,merchant_allocated,b64a2ee7-5fc4-434d-9b92-1fa730df2810,2026-09-09 05:29:06.233162+00,,,9c2a0db3-c7e6-4d04-8b65-6cb56ec6b9f7,2026-09-09 05:20:59.714662+00
b8783772-1ff0-4670-a7bf-0dcde702b61a,8667 7863 7616 0393,merchant_allocated,75eff299-f162-4427-8b08-04f404141ef9,2026-09-09 10:29:54.922115+00,,,9c2a0db3-c7e6-4d04-8b65-6cb56ec6b9f7,2026-09-09 10:16:46.810748+00
b878d070-9ef5-4059-ae34-d71d2ed75129,2173 6567 3333 0100,merchant_allocated,c74f8bef-6fd7-40f2-a363-1daa167d0439,2026-09-03 09:31:57.289663+00,,,9c2a0db3-c7e6-4d04-8b65-6cb56ec6b9f7,2026-09-03 09:26:26.769933+00
b8c197ea-616e-4ad4-8a17-9c2fe28e1ab0,8689 6453 5689 0057,merchant_allocated,bc3951f9-ff8c-436b-8322-e5dd6592ca4b,2026-09-05 05:47:39.366708+00,,,9c2a0db3-c7e6-4d04-8b65-6cb56ec6b9f7,2026-09-05 05:42:03.795053+00
b8c1e959-0c33-45f0-a68b-516dded5ddb0,4555 8645 9367 0393,merchant_allocated,63c2aeec-7410-4c78-9a68-beb45b1c622c,2026-08-27 11:40:23.347781+00,,,9c2a0db3-c7e6-4d04-8b65-6cb56ec6b9f7,2026-08-27 11:34:13.556736+00
b8f63eef-a34f-43ad-a1d8-ed1973953870,4821 4444 0000 2700,merchant_allocated,merch_  7,2026-08-03 17:46:28.931088+00,,,9c2a0db3-c7e6-4d04-8b65-6cb56ec6b9f7,2026-08-03 17:45:59.017505+00
b93417c0-e6c2-48c7-8809-634c2932826f,2176 6567 3333 0066,unassigned,,,,,9c2a0db3-c7e6-4d04-8b65-6cb56ec6b9f7,2026-09-03 09:06:17.550685+00
b95c18a8-d753-43ba-8db5-b4a6446bbb70,8783 5621 8877 0375,merchant_allocated,b64a2ee7-5fc4-434d-9b92-1fa730df2810,2026-09-09 05:29:06.233162+00,,,9c2a0db3-c7e6-4d04-8b65-6cb56ec6b9f7,2026-09-09 05:20:59.714662+00
b99fb823-0aed-464e-b0e3-ae1562eb7081,2173 6567 3333 0395,merchant_allocated,c74f8bef-6fd7-40f2-a363-1daa167d0439,2026-09-03 09:31:57.289663+00,,,9c2a0db3-c7e6-4d04-8b65-6cb56ec6b9f7,2026-09-03 09:26:26.769933+00
b9ad630f-e606-40cd-a6af-81694f031439,2176 6567 3333 0438,unassigned,,,,,9c2a0db3-c7e6-4d04-8b65-6cb56ec6b9f7,2026-09-03 09:06:17.550685+00
ba043aa7-7a79-47d6-a50e-211818aceaeb,2176 6567 3333 0042,unassigned,,,,,9c2a0db3-c7e6-4d04-8b65-6cb56ec6b9f7,2026-09-03 09:06:17.550685+00
ba048669-0cc5-4f2b-b94a-d189bba9247a,4555 8645 9367 0350,merchant_allocated,63c2aeec-7410-4c78-9a68-beb45b1c622c,2026-08-27 11:40:23.347781+00,,,9c2a0db3-c7e6-4d04-8b65-6cb56ec6b9f7,2026-08-27 11:34:13.556736+00
ba0d18f7-fc75-42fc-8bca-6d0de57aa9f3,2176 6567 3333 0076,unassigned,,,,,9c2a0db3-c7e6-4d04-8b65-6cb56ec6b9f7,2026-09-03 09:06:17.550685+00
ba2e9a3c-d011-49b5-9f25-0cc65c3be953,4555 8645 9367 0473,merchant_allocated,63c2aeec-7410-4c78-9a68-beb45b1c622c,2026-08-27 11:40:23.347781+00,,,9c2a0db3-c7e6-4d04-8b65-6cb56ec6b9f7,2026-08-27 11:34:13.556736+00
ba3912e3-1c96-46e0-9f5e-ec869b93d9b9,2176 6567 3333 0029,unassigned,,,,,9c2a0db3-c7e6-4d04-8b65-6cb56ec6b9f7,2026-09-03 09:06:17.550685+00
ba3d06c4-e8ec-4426-aaa7-7f8ff631dd54,4555 8645 9367 0183,merchant_allocated,63c2aeec-7410-4c78-9a68-beb45b1c622c,2026-08-27 11:40:23.347781+00,,,9c2a0db3-c7e6-4d04-8b65-6cb56ec6b9f7,2026-08-27 11:34:13.556736+00
ba47f33a-f97e-4b0c-8658-51aff73c5923,7567 5342 8633 0083,merchant_allocated,4bf2fb6b-bdf3-49d3-ac1b-1e6e746c6643,2026-07-21 16:11:58.441179+00,,,9c2a0db3-c7e6-4d04-8b65-6cb56ec6b9f7,2026-07-21 16:10:31.33396+00
ba7a1153-2ae6-46be-9f19-00db2e4cf2f8,4555 8645 9367 0302,merchant_allocated,63c2aeec-7410-4c78-9a68-beb45b1c622c,2026-08-27 11:40:23.347781+00,,,9c2a0db3-c7e6-4d04-8b65-6cb56ec6b9f7,2026-08-27 11:34:13.556736+00
ba7d3885-3312-4222-ac2a-3b5ce36b228b,2176 6567 3333 0500,unassigned,,,,,9c2a0db3-c7e6-4d04-8b65-6cb56ec6b9f7,2026-09-03 09:06:17.550685+00
ba9db3d6-113f-47d7-93f3-e201b77fe07f,7567 5342 8633 0030,merchant_allocated,4bf2fb6b-bdf3-49d3-ac1b-1e6e746c6643,2026-07-21 16:11:58.441179+00,,,9c2a0db3-c7e6-4d04-8b65-6cb56ec6b9f7,2026-07-21 16:10:31.33396+00
baa5d481-f754-4bd2-9a22-a387ed44b3d1,4555 8645 9367 0390,merchant_allocated,63c2aeec-7410-4c78-9a68-beb45b1c622c,2026-08-27 11:40:23.347781+00,,,9c2a0db3-c7e6-4d04-8b65-6cb56ec6b9f7,2026-08-27 11:34:13.556736+00
baae650a-1bb6-49f2-bc99-4a1e6f01abef,2173 6567 3333 0111,merchant_allocated,c74f8bef-6fd7-40f2-a363-1daa167d0439,2026-09-03 09:31:57.289663+00,,,9c2a0db3-c7e6-4d04-8b65-6cb56ec6b9f7,2026-09-03 09:26:26.769933+00
bab1a6b3-87e2-4333-abb5-64f7ff5a30e4,8689 6453 5689 0015,member_linked,bc3951f9-ff8c-436b-8322-e5dd6592ca4b,2026-09-05 05:47:39.366708+00,ea24353b-ca00-4a9a-8eed-d453778e7438,2026-09-09 14:03:55.86988+00,9c2a0db3-c7e6-4d04-8b65-6cb56ec6b9f7,2026-09-05 05:42:03.795053+00
babc1371-8d0d-45a8-8600-8b8147139c1a,2173 6567 3333 0229,merchant_allocated,c74f8bef-6fd7-40f2-a363-1daa167d0439,2026-09-03 09:31:57.289663+00,,,9c2a0db3-c7e6-4d04-8b65-6cb56ec6b9f7,2026-09-03 09:26:26.769933+00
bacc803e-2df3-4fd6-9a30-a586142c66b1,8783 5621 8877 0028,merchant_allocated,b64a2ee7-5fc4-434d-9b92-1fa730df2810,2026-09-09 05:29:06.233162+00,,,9c2a0db3-c7e6-4d04-8b65-6cb56ec6b9f7,2026-09-09 05:20:59.714662+00
bb15863a-d58b-4958-958c-12f80a9539d6,2173 6567 3333 0192,merchant_allocated,c74f8bef-6fd7-40f2-a363-1daa167d0439,2026-09-03 09:31:57.289663+00,,,9c2a0db3-c7e6-4d04-8b65-6cb56ec6b9f7,2026-09-03 09:26:26.769933+00
bb15b92b-547a-48b3-9cef-881dd6dbc4db,2173 6567 3333 0034,merchant_allocated,c74f8bef-6fd7-40f2-a363-1daa167d0439,2026-09-03 09:31:57.289663+00,,,9c2a0db3-c7e6-4d04-8b65-6cb56ec6b9f7,2026-09-03 09:26:26.769933+00
bb2239b1-e7f0-4ee1-8ece-8a73bc6eed6d,4555 8645 9367 0492,merchant_allocated,63c2aeec-7410-4c78-9a68-beb45b1c622c,2026-08-27 11:40:23.347781+00,,,9c2a0db3-c7e6-4d04-8b65-6cb56ec6b9f7,2026-08-27 11:34:13.556736+00
bb5e0d8c-8c84-4879-9b06-f0db660f9fe5,8783 5621 8877 0038,merchant_allocated,b64a2ee7-5fc4-434d-9b92-1fa730df2810,2026-09-09 05:29:06.233162+00,,,9c2a0db3-c7e6-4d04-8b65-6cb56ec6b9f7,2026-09-09 05:20:59.714662+00
bb6da030-8710-4890-a3d9-3f7bfcd9e778,4555 8645 9367 0307,merchant_allocated,63c2aeec-7410-4c78-9a68-beb45b1c622c,2026-08-27 11:40:23.347781+00,,,9c2a0db3-c7e6-4d04-8b65-6cb56ec6b9f7,2026-08-27 11:34:13.556736+00
bb745cc4-f29c-488b-8369-e8987b664072,8667 7863 7616 0092,merchant_allocated,75eff299-f162-4427-8b08-04f404141ef9,2026-09-09 10:29:54.922115+00,,,9c2a0db3-c7e6-4d04-8b65-6cb56ec6b9f7,2026-09-09 10:16:46.810748+00
bbbd529f-9d42-4e15-8134-5b4092c17193,2173 6567 3333 0191,merchant_allocated,c74f8bef-6fd7-40f2-a363-1daa167d0439,2026-09-03 09:31:57.289663+00,,,9c2a0db3-c7e6-4d04-8b65-6cb56ec6b9f7,2026-09-03 09:26:26.769933+00
bbced090-8ea1-4bcf-95de-2a0e448d2dfc,2176 6567 3333 0343,unassigned,,,,,9c2a0db3-c7e6-4d04-8b65-6cb56ec6b9f7,2026-09-03 09:06:17.550685+00
bbd72a7c-bdd0-4a6b-a312-8b4a951a826a,7567 5342 8633 0036,merchant_allocated,4bf2fb6b-bdf3-49d3-ac1b-1e6e746c6643,2026-07-21 16:11:58.441179+00,,,9c2a0db3-c7e6-4d04-8b65-6cb56ec6b9f7,2026-07-21 16:10:31.33396+00
bbdfc818-ceb1-47b5-9a13-869a5e0e509c,4555 8645 9367 0221,merchant_allocated,63c2aeec-7410-4c78-9a68-beb45b1c622c,2026-08-27 11:40:23.347781+00,,,9c2a0db3-c7e6-4d04-8b65-6cb56ec6b9f7,2026-08-27 11:34:13.556736+00
bc025126-6eef-4649-aa14-cda5e7199785,8783 5621 8877 0126,merchant_allocated,b64a2ee7-5fc4-434d-9b92-1fa730df2810,2026-09-09 05:29:06.233162+00,,,9c2a0db3-c7e6-4d04-8b65-6cb56ec6b9f7,2026-09-09 05:20:59.714662+00
bc0eea17-538c-4fe1-9fe8-c5bb1fa1758d,4555 8645 9367 0079,merchant_allocated,63c2aeec-7410-4c78-9a68-beb45b1c622c,2026-08-27 11:40:23.347781+00,,,9c2a0db3-c7e6-4d04-8b65-6cb56ec6b9f7,2026-08-27 11:34:13.556736+00
bc272e97-a6a5-406a-85df-d050e34e701e,4555 8645 9367 0067,merchant_allocated,63c2aeec-7410-4c78-9a68-beb45b1c622c,2026-08-27 11:40:23.347781+00,,,9c2a0db3-c7e6-4d04-8b65-6cb56ec6b9f7,2026-08-27 11:34:13.556736+00
bc64cbad-13e6-4c04-9f67-200feb65e334,2176 6567 3333 0111,unassigned,,,,,9c2a0db3-c7e6-4d04-8b65-6cb56ec6b9f7,2026-09-03 09:06:17.550685+00
bc8f315c-4b4f-44f4-81fe-0cda87278446,2176 6567 3333 0019,unassigned,,,,,9c2a0db3-c7e6-4d04-8b65-6cb56ec6b9f7,2026-09-03 09:06:17.550685+00
bc9028fc-8f01-4e0d-ad83-aa35a9f092c9,2176 6567 3333 0063,unassigned,,,,,9c2a0db3-c7e6-4d04-8b65-6cb56ec6b9f7,2026-09-03 09:06:17.550685+00
bc928dc8-4193-4aff-8f2f-4356bed578fd,4555 8645 9367 0095,merchant_allocated,63c2aeec-7410-4c78-9a68-beb45b1c622c,2026-08-27 11:40:23.347781+00,,,9c2a0db3-c7e6-4d04-8b65-6cb56ec6b9f7,2026-08-27 11:34:13.556736+00
bc9d147e-868d-4487-a4ea-2cdea711476f,2173 6567 3333 0290,merchant_allocated,c74f8bef-6fd7-40f2-a363-1daa167d0439,2026-09-03 09:31:57.289663+00,,,9c2a0db3-c7e6-4d04-8b65-6cb56ec6b9f7,2026-09-03 09:26:26.769933+00
bcbb4982-5f50-4ba5-a28a-6630a9637525,2173 6567 3333 0230,merchant_allocated,c74f8bef-6fd7-40f2-a363-1daa167d0439,2026-09-03 09:31:57.289663+00,,,9c2a0db3-c7e6-4d04-8b65-6cb56ec6b9f7,2026-09-03 09:26:26.769933+00
bcda7ab8-9dac-4b72-8ed2-96958fd3a145,8667 7863 7616 0110,merchant_allocated,75eff299-f162-4427-8b08-04f404141ef9,2026-09-09 10:29:54.922115+00,,,9c2a0db3-c7e6-4d04-8b65-6cb56ec6b9f7,2026-09-09 10:16:46.810748+00
bcfccef6-c19a-4487-aaba-63f940a2778f,4555 8645 9367 0178,merchant_allocated,63c2aeec-7410-4c78-9a68-beb45b1c622c,2026-08-27 11:40:23.347781+00,,,9c2a0db3-c7e6-4d04-8b65-6cb56ec6b9f7,2026-08-27 11:34:13.556736+00
bd06cf7c-3838-4b09-abb9-2698262b2324,2173 6567 3333 0396,merchant_allocated,c74f8bef-6fd7-40f2-a363-1daa167d0439,2026-09-03 09:31:57.289663+00,,,9c2a0db3-c7e6-4d04-8b65-6cb56ec6b9f7,2026-09-03 09:26:26.769933+00
bd31b8a1-607b-4740-94c9-9135d453550b,2176 6567 3333 0091,unassigned,,,,,9c2a0db3-c7e6-4d04-8b65-6cb56ec6b9f7,2026-09-03 09:06:17.550685+00
bd3f5383-fe7c-4456-a377-149501b2112d,8689 6453 5689 0039,merchant_allocated,bc3951f9-ff8c-436b-8322-e5dd6592ca4b,2026-09-05 05:47:39.366708+00,,,9c2a0db3-c7e6-4d04-8b65-6cb56ec6b9f7,2026-09-05 05:42:03.795053+00
bd5b2e68-cea0-4f8c-8f2f-f972ccaf028a,8783 5621 8877 0380,merchant_allocated,b64a2ee7-5fc4-434d-9b92-1fa730df2810,2026-09-09 05:29:06.233162+00,,,9c2a0db3-c7e6-4d04-8b65-6cb56ec6b9f7,2026-09-09 05:20:59.714662+00
bd8ec876-944a-4a73-b461-f998c930d7a2,8667 7863 7616 0415,merchant_allocated,75eff299-f162-4427-8b08-04f404141ef9,2026-09-09 10:29:54.922115+00,,,9c2a0db3-c7e6-4d04-8b65-6cb56ec6b9f7,2026-09-09 10:16:46.810748+00
bdede5e4-5c73-40fd-9738-74ca865d49b5,2176 6567 3333 0370,unassigned,,,,,9c2a0db3-c7e6-4d04-8b65-6cb56ec6b9f7,2026-09-03 09:06:17.550685+00
be120f0b-ee68-408b-b9ff-4794f675a058,8783 5621 8877 0036,merchant_allocated,b64a2ee7-5fc4-434d-9b92-1fa730df2810,2026-09-09 05:29:06.233162+00,,,9c2a0db3-c7e6-4d04-8b65-6cb56ec6b9f7,2026-09-09 05:20:59.714662+00
be2688a8-aa5f-43a9-85ea-257df860957c,4555 8645 9367 0034,merchant_allocated,63c2aeec-7410-4c78-9a68-beb45b1c622c,2026-08-27 11:40:23.347781+00,,,9c2a0db3-c7e6-4d04-8b65-6cb56ec6b9f7,2026-08-27 11:34:13.556736+00
be2733f7-20e8-4605-a388-549e3beb86cb,2173 6567 3333 0170,merchant_allocated,c74f8bef-6fd7-40f2-a363-1daa167d0439,2026-09-03 09:31:57.289663+00,,,9c2a0db3-c7e6-4d04-8b65-6cb56ec6b9f7,2026-09-03 09:26:26.769933+00
be371277-411e-4f14-babd-a11bb4259817,8783 5621 8877 0290,merchant_allocated,b64a2ee7-5fc4-434d-9b92-1fa730df2810,2026-09-09 05:29:06.233162+00,,,9c2a0db3-c7e6-4d04-8b65-6cb56ec6b9f7,2026-09-09 05:20:59.714662+00
be49e9cd-c249-4a09-be4f-9c27f29ef3ea,4555 8645 9367 0455,merchant_allocated,63c2aeec-7410-4c78-9a68-beb45b1c622c,2026-08-27 11:40:23.347781+00,,,9c2a0db3-c7e6-4d04-8b65-6cb56ec6b9f7,2026-08-27 11:34:13.556736+00
be5893fd-7385-43d1-a110-65a2732ccf6e,4555 8645 9367 0026,merchant_allocated,63c2aeec-7410-4c78-9a68-beb45b1c622c,2026-08-27 11:40:23.347781+00,,,9c2a0db3-c7e6-4d04-8b65-6cb56ec6b9f7,2026-08-27 11:34:13.556736+00
be65a6d1-af35-4b5e-9f1d-5e363d16ef85,8667 7863 7616 0176,merchant_allocated,75eff299-f162-4427-8b08-04f404141ef9,2026-09-09 10:29:54.922115+00,,,9c2a0db3-c7e6-4d04-8b65-6cb56ec6b9f7,2026-09-09 10:16:46.810748+00
be69d27b-4d41-445e-951e-abc5f481c36f,8667 7863 7616 0265,merchant_allocated,75eff299-f162-4427-8b08-04f404141ef9,2026-09-09 10:29:54.922115+00,,,9c2a0db3-c7e6-4d04-8b65-6cb56ec6b9f7,2026-09-09 10:16:46.810748+00
be7d770a-2683-4982-a06a-d0ec3ae0d907,4821 6739 0000 1200,merchant_allocated,merch_  6,2026-07-28 06:48:05.660888+00,,,9c2a0db3-c7e6-4d04-8b65-6cb56ec6b9f7,2026-07-28 06:47:38.92065+00
be7e956f-bcca-46a2-a439-e8c02ed72717,8667 7863 7616 0464,merchant_allocated,75eff299-f162-4427-8b08-04f404141ef9,2026-09-09 10:29:54.922115+00,,,9c2a0db3-c7e6-4d04-8b65-6cb56ec6b9f7,2026-09-09 10:16:46.810748+00
be80e26c-16ce-4632-8611-588a3ce70383,8667 7863 7616 0430,merchant_allocated,75eff299-f162-4427-8b08-04f404141ef9,2026-09-09 10:29:54.922115+00,,,9c2a0db3-c7e6-4d04-8b65-6cb56ec6b9f7,2026-09-09 10:16:46.810748+00
be99a7b0-a44e-4a02-b895-ddcdf6d16086,4821 6739 0000 0600,merchant_allocated,merch_  6,2026-07-28 06:48:05.660888+00,,,9c2a0db3-c7e6-4d04-8b65-6cb56ec6b9f7,2026-07-28 06:47:38.92065+00
be9c72b7-8533-4537-8cf7-15c43b48753e,8667 7863 7616 0089,merchant_allocated,75eff299-f162-4427-8b08-04f404141ef9,2026-09-09 10:29:54.922115+00,,,9c2a0db3-c7e6-4d04-8b65-6cb56ec6b9f7,2026-09-09 10:16:46.810748+00
bec04dbc-6ec1-4beb-be5b-1216a029d31f,8667 7863 7616 0015,merchant_allocated,75eff299-f162-4427-8b08-04f404141ef9,2026-09-09 10:29:54.922115+00,,,9c2a0db3-c7e6-4d04-8b65-6cb56ec6b9f7,2026-09-09 10:16:46.810748+00
bf372aef-afd3-4ffb-a6d0-8c186be5177a,8783 5621 8877 0370,merchant_allocated,b64a2ee7-5fc4-434d-9b92-1fa730df2810,2026-09-09 05:29:06.233162+00,,,9c2a0db3-c7e6-4d04-8b65-6cb56ec6b9f7,2026-09-09 05:20:59.714662+00
bf3b5d34-54ed-45f8-a83b-618edf9dc751,4821 6739 0000 2800,merchant_allocated,merch_  6,2026-07-28 06:48:05.660888+00,,,9c2a0db3-c7e6-4d04-8b65-6cb56ec6b9f7,2026-07-28 06:47:38.92065+00
bf3b8165-e1d0-41bc-9d6b-f0d51c1c0241,8783 5621 8877 0189,merchant_allocated,b64a2ee7-5fc4-434d-9b92-1fa730df2810,2026-09-09 05:29:06.233162+00,,,9c2a0db3-c7e6-4d04-8b65-6cb56ec6b9f7,2026-09-09 05:20:59.714662+00
bf55b86e-e747-4103-b1b8-fa01e6f99d78,8667 7863 7616 0150,merchant_allocated,75eff299-f162-4427-8b08-04f404141ef9,2026-09-09 10:29:54.922115+00,,,9c2a0db3-c7e6-4d04-8b65-6cb56ec6b9f7,2026-09-09 10:16:46.810748+00
bf753a7d-0fae-4dd4-8a69-056e6a5041f3,4555 8645 9367 0025,merchant_allocated,63c2aeec-7410-4c78-9a68-beb45b1c622c,2026-08-27 11:40:23.347781+00,,,9c2a0db3-c7e6-4d04-8b65-6cb56ec6b9f7,2026-08-27 11:34:13.556736+00
bf79526b-cd27-4238-b6d1-d649ef6f61d2,2173 6567 3333 0117,merchant_allocated,c74f8bef-6fd7-40f2-a363-1daa167d0439,2026-09-03 09:31:57.289663+00,,,9c2a0db3-c7e6-4d04-8b65-6cb56ec6b9f7,2026-09-03 09:26:26.769933+00
bf82b850-1343-48ba-88d6-e72ad237b5ab,2176 6567 3333 0478,unassigned,,,,,9c2a0db3-c7e6-4d04-8b65-6cb56ec6b9f7,2026-09-03 09:06:17.550685+00
bfb31271-436f-43b7-b4ca-050e7e310565,2176 6567 3333 0009,unassigned,,,,,9c2a0db3-c7e6-4d04-8b65-6cb56ec6b9f7,2026-09-03 09:06:17.550685+00
bfbd9e3c-6da7-4c09-b807-5c1c6f64782f,8783 5621 8877 0057,merchant_allocated,b64a2ee7-5fc4-434d-9b92-1fa730df2810,2026-09-09 05:29:06.233162+00,,,9c2a0db3-c7e6-4d04-8b65-6cb56ec6b9f7,2026-09-09 05:20:59.714662+00
c0114076-34a0-4192-a8b9-d317c726b99c,8667 7863 7616 0055,merchant_allocated,75eff299-f162-4427-8b08-04f404141ef9,2026-09-09 10:29:54.922115+00,,,9c2a0db3-c7e6-4d04-8b65-6cb56ec6b9f7,2026-09-09 10:16:46.810748+00
c01f4882-3d2c-4571-a9a2-fff50d2a4e16,4555 8645 9367 0231,merchant_allocated,63c2aeec-7410-4c78-9a68-beb45b1c622c,2026-08-27 11:40:23.347781+00,,,9c2a0db3-c7e6-4d04-8b65-6cb56ec6b9f7,2026-08-27 11:34:13.556736+00
c02f0e06-979a-4573-9915-6003c59f385e,8783 5621 8877 0018,merchant_allocated,b64a2ee7-5fc4-434d-9b92-1fa730df2810,2026-09-09 05:29:06.233162+00,,,9c2a0db3-c7e6-4d04-8b65-6cb56ec6b9f7,2026-09-09 05:20:59.714662+00
c0313398-0b9f-4540-b10d-343b75438ae4,8783 5621 8877 0084,merchant_allocated,b64a2ee7-5fc4-434d-9b92-1fa730df2810,2026-09-09 05:29:06.233162+00,,,9c2a0db3-c7e6-4d04-8b65-6cb56ec6b9f7,2026-09-09 05:20:59.714662+00
c0484021-112e-4b0b-9617-b478cb7030d4,2176 6567 3333 0149,unassigned,,,,,9c2a0db3-c7e6-4d04-8b65-6cb56ec6b9f7,2026-09-03 09:06:17.550685+00
c05f8e8f-7215-4284-bbed-8c50d9dff715,8667 7863 7616 0379,merchant_allocated,75eff299-f162-4427-8b08-04f404141ef9,2026-09-09 10:29:54.922115+00,,,9c2a0db3-c7e6-4d04-8b65-6cb56ec6b9f7,2026-09-09 10:16:46.810748+00
c0870981-0c9f-4c3b-b806-772da32c0e95,2173 6567 3333 0434,merchant_allocated,c74f8bef-6fd7-40f2-a363-1daa167d0439,2026-09-03 09:31:57.289663+00,,,9c2a0db3-c7e6-4d04-8b65-6cb56ec6b9f7,2026-09-03 09:26:26.769933+00
c09d580e-25a3-4f86-a277-3359c9f4dbbc,8667 7863 7616 0227,merchant_allocated,75eff299-f162-4427-8b08-04f404141ef9,2026-09-09 10:29:54.922115+00,,,9c2a0db3-c7e6-4d04-8b65-6cb56ec6b9f7,2026-09-09 10:16:46.810748+00
c10bda6c-fad3-4a6c-a18e-859aecdaabab,4821 6739 0000 1800,merchant_allocated,merch_  6,2026-07-28 06:48:05.660888+00,,,9c2a0db3-c7e6-4d04-8b65-6cb56ec6b9f7,2026-07-28 06:47:38.92065+00
c127cb1f-57e2-4f74-9dcd-a15e23be15a8,8667 7863 7616 0213,merchant_allocated,75eff299-f162-4427-8b08-04f404141ef9,2026-09-09 10:29:54.922115+00,,,9c2a0db3-c7e6-4d04-8b65-6cb56ec6b9f7,2026-09-09 10:16:46.810748+00
c13e8b38-a83f-4ad3-9773-4dce768e5646,4555 8645 9367 0411,merchant_allocated,63c2aeec-7410-4c78-9a68-beb45b1c622c,2026-08-27 11:40:23.347781+00,,,9c2a0db3-c7e6-4d04-8b65-6cb56ec6b9f7,2026-08-27 11:34:13.556736+00
c14a239d-f5f3-47be-be90-42708fc1ad78,2176 6567 3333 0079,unassigned,,,,,9c2a0db3-c7e6-4d04-8b65-6cb56ec6b9f7,2026-09-03 09:06:17.550685+00
c1589b84-80f4-4a4b-8428-3ff9e68f64d5,4555 8645 9367 0322,merchant_allocated,63c2aeec-7410-4c78-9a68-beb45b1c622c,2026-08-27 11:40:23.347781+00,,,9c2a0db3-c7e6-4d04-8b65-6cb56ec6b9f7,2026-08-27 11:34:13.556736+00
c16dfd26-c69a-4e4b-87e7-551fb8267c57,2173 6567 3333 0244,merchant_allocated,c74f8bef-6fd7-40f2-a363-1daa167d0439,2026-09-03 09:31:57.289663+00,,,9c2a0db3-c7e6-4d04-8b65-6cb56ec6b9f7,2026-09-03 09:26:26.769933+00
c175aa74-b853-449f-8345-0ab49a518263,8667 7863 7616 0130,merchant_allocated,75eff299-f162-4427-8b08-04f404141ef9,2026-09-09 10:29:54.922115+00,,,9c2a0db3-c7e6-4d04-8b65-6cb56ec6b9f7,2026-09-09 10:16:46.810748+00
c17d4f84-56fb-4173-aaec-a3b4b5dcb541,8783 5621 8877 0469,merchant_allocated,b64a2ee7-5fc4-434d-9b92-1fa730df2810,2026-09-09 05:29:06.233162+00,,,9c2a0db3-c7e6-4d04-8b65-6cb56ec6b9f7,2026-09-09 05:20:59.714662+00
c1838ef5-adc0-4628-8320-46c466a2b29c,4555 8645 9367 0148,merchant_allocated,63c2aeec-7410-4c78-9a68-beb45b1c622c,2026-08-27 11:40:23.347781+00,,,9c2a0db3-c7e6-4d04-8b65-6cb56ec6b9f7,2026-08-27 11:34:13.556736+00
c1c06992-5bde-4fda-985f-bd8e30dd692d,4555 8645 9367 0282,merchant_allocated,63c2aeec-7410-4c78-9a68-beb45b1c622c,2026-08-27 11:40:23.347781+00,,,9c2a0db3-c7e6-4d04-8b65-6cb56ec6b9f7,2026-08-27 11:34:13.556736+00
c1d85159-3b3b-4e4f-9154-c21f445603d5,8783 5621 8877 0160,merchant_allocated,b64a2ee7-5fc4-434d-9b92-1fa730df2810,2026-09-09 05:29:06.233162+00,,,9c2a0db3-c7e6-4d04-8b65-6cb56ec6b9f7,2026-09-09 05:20:59.714662+00
c1e2605a-08fe-43ca-b37a-428621841c9f,8667 7863 7616 0196,merchant_allocated,75eff299-f162-4427-8b08-04f404141ef9,2026-09-09 10:29:54.922115+00,,,9c2a0db3-c7e6-4d04-8b65-6cb56ec6b9f7,2026-09-09 10:16:46.810748+00
c21a69b2-63ff-4291-8da9-7faad07b06ab,4555 8645 9367 0177,merchant_allocated,63c2aeec-7410-4c78-9a68-beb45b1c622c,2026-08-27 11:40:23.347781+00,,,9c2a0db3-c7e6-4d04-8b65-6cb56ec6b9f7,2026-08-27 11:34:13.556736+00
c2307ed1-ea31-4bb6-82be-79a59072bc36,4821 6739 0000 2000,merchant_allocated,merch_  6,2026-07-28 06:48:05.660888+00,,,9c2a0db3-c7e6-4d04-8b65-6cb56ec6b9f7,2026-07-28 06:47:38.92065+00
c27b5fdf-e6cf-478f-baee-cd9f3e9902b8,2176 6567 3333 0466,unassigned,,,,,9c2a0db3-c7e6-4d04-8b65-6cb56ec6b9f7,2026-09-03 09:06:17.550685+00
c288686b-d8e2-40ea-97ff-dfadbda87406,8667 7863 7616 0304,merchant_allocated,75eff299-f162-4427-8b08-04f404141ef9,2026-09-09 10:29:54.922115+00,,,9c2a0db3-c7e6-4d04-8b65-6cb56ec6b9f7,2026-09-09 10:16:46.810748+00
c2900a30-37fe-4a2f-a767-d075168313ad,8667 7863 7616 0419,merchant_allocated,75eff299-f162-4427-8b08-04f404141ef9,2026-09-09 10:29:54.922115+00,,,9c2a0db3-c7e6-4d04-8b65-6cb56ec6b9f7,2026-09-09 10:16:46.810748+00
c2bc68b8-c214-476d-b6a5-ca477053f361,2173 6567 3333 0028,merchant_allocated,c74f8bef-6fd7-40f2-a363-1daa167d0439,2026-09-03 09:31:57.289663+00,,,9c2a0db3-c7e6-4d04-8b65-6cb56ec6b9f7,2026-09-03 09:26:26.769933+00
c2fb3cf1-7e33-4b3f-99a5-d284bf77579d,2173 6567 3333 0288,merchant_allocated,c74f8bef-6fd7-40f2-a363-1daa167d0439,2026-09-03 09:31:57.289663+00,,,9c2a0db3-c7e6-4d04-8b65-6cb56ec6b9f7,2026-09-03 09:26:26.769933+00
c303fb73-3d77-491a-a978-d6a19052aa2e,2173 6567 3333 0008,member_linked,c74f8bef-6fd7-40f2-a363-1daa167d0439,2026-09-03 09:31:57.289663+00,c5f407a6-7d91-48c3-905d-e28d4bbe75eb,2026-09-15 17:09:38.456541+00,9c2a0db3-c7e6-4d04-8b65-6cb56ec6b9f7,2026-09-03 09:26:26.769933+00
c35a08aa-4277-47a7-9481-d5366233a12c,8667 7863 7616 0163,merchant_allocated,75eff299-f162-4427-8b08-04f404141ef9,2026-09-09 10:29:54.922115+00,,,9c2a0db3-c7e6-4d04-8b65-6cb56ec6b9f7,2026-09-09 10:16:46.810748+00
c3990067-4e60-456b-ae47-61be7b0d1b87,8667 7863 7616 0330,merchant_allocated,75eff299-f162-4427-8b08-04f404141ef9,2026-09-09 10:29:54.922115+00,,,9c2a0db3-c7e6-4d04-8b65-6cb56ec6b9f7,2026-09-09 10:16:46.810748+00
c3ca2b3b-8203-407b-92d4-c2b1901f8534,8689 6453 5689 0088,merchant_allocated,bc3951f9-ff8c-436b-8322-e5dd6592ca4b,2026-09-05 05:47:39.366708+00,,,9c2a0db3-c7e6-4d04-8b65-6cb56ec6b9f7,2026-09-05 05:42:03.795053+00
c3eabc52-68d0-4eef-ac12-6442b7f7e3f0,4821 6739 0000 4200,merchant_allocated,merch_  6,2026-07-28 06:48:05.660888+00,,,9c2a0db3-c7e6-4d04-8b65-6cb56ec6b9f7,2026-07-28 06:47:38.92065+00
c4197243-02ce-4cb5-a178-e401e16563cd,8689 6453 5689 0029,merchant_allocated,bc3951f9-ff8c-436b-8322-e5dd6592ca4b,2026-09-05 05:47:39.366708+00,,,9c2a0db3-c7e6-4d04-8b65-6cb56ec6b9f7,2026-09-05 05:42:03.795053+00
c424ea9a-3937-441f-aefd-60c6fedc8530,2173 6567 3333 0432,merchant_allocated,c74f8bef-6fd7-40f2-a363-1daa167d0439,2026-09-03 09:31:57.289663+00,,,9c2a0db3-c7e6-4d04-8b65-6cb56ec6b9f7,2026-09-03 09:26:26.769933+00
c469b9bd-bfb1-42c7-9df4-c4879ecdb9dd,8783 5621 8877 0279,merchant_allocated,b64a2ee7-5fc4-434d-9b92-1fa730df2810,2026-09-09 05:29:06.233162+00,,,9c2a0db3-c7e6-4d04-8b65-6cb56ec6b9f7,2026-09-09 05:20:59.714662+00
c494da16-0691-40fc-a49b-77be7b89ea29,7567 5342 8633 0078,merchant_allocated,4bf2fb6b-bdf3-49d3-ac1b-1e6e746c6643,2026-07-21 16:11:58.441179+00,,,9c2a0db3-c7e6-4d04-8b65-6cb56ec6b9f7,2026-07-21 16:10:31.33396+00
c4d7f39a-d9f9-44ce-b40d-5eb6c6c79e9b,8783 5621 8877 0156,merchant_allocated,b64a2ee7-5fc4-434d-9b92-1fa730df2810,2026-09-09 05:29:06.233162+00,,,9c2a0db3-c7e6-4d04-8b65-6cb56ec6b9f7,2026-09-09 05:20:59.714662+00
c4e2dbed-038b-4203-bff0-b366cde6446d,8689 6453 5689 0063,merchant_allocated,bc3951f9-ff8c-436b-8322-e5dd6592ca4b,2026-09-05 05:47:39.366708+00,,,9c2a0db3-c7e6-4d04-8b65-6cb56ec6b9f7,2026-09-05 05:42:03.795053+00
c4f8ade5-971b-4e40-b13f-2f2e75c9376e,2173 6567 3333 0408,merchant_allocated,c74f8bef-6fd7-40f2-a363-1daa167d0439,2026-09-03 09:31:57.289663+00,,,9c2a0db3-c7e6-4d04-8b65-6cb56ec6b9f7,2026-09-03 09:26:26.769933+00
c50a0b09-a058-4582-b917-1738c449e6a2,2173 6567 3333 0239,merchant_allocated,c74f8bef-6fd7-40f2-a363-1daa167d0439,2026-09-03 09:31:57.289663+00,,,9c2a0db3-c7e6-4d04-8b65-6cb56ec6b9f7,2026-09-03 09:26:26.769933+00
c5407a07-361b-4e1f-9f2d-f7d9f5eea77e,2173 6567 3333 0020,merchant_allocated,c74f8bef-6fd7-40f2-a363-1daa167d0439,2026-09-03 09:31:57.289663+00,,,9c2a0db3-c7e6-4d04-8b65-6cb56ec6b9f7,2026-09-03 09:26:26.769933+00
c5487cfa-aa00-4d4e-a787-b51bb9144365,8783 5621 8877 0500,merchant_allocated,b64a2ee7-5fc4-434d-9b92-1fa730df2810,2026-09-09 05:29:06.233162+00,,,9c2a0db3-c7e6-4d04-8b65-6cb56ec6b9f7,2026-09-09 05:20:59.714662+00
c54bfaed-bf74-489b-af9d-8044848e908a,4821 4444 0000 1600,merchant_allocated,merch_  7,2026-08-03 17:46:28.931088+00,,,9c2a0db3-c7e6-4d04-8b65-6cb56ec6b9f7,2026-08-03 17:45:59.017505+00
c5705131-a198-46b3-a2e8-56cdcb1ed8b8,2176 6567 3333 0057,unassigned,,,,,9c2a0db3-c7e6-4d04-8b65-6cb56ec6b9f7,2026-09-03 09:06:17.550685+00
c5767295-5d3a-45a2-9436-0ca7134aa562,4555 8645 9367 0033,merchant_allocated,63c2aeec-7410-4c78-9a68-beb45b1c622c,2026-08-27 11:40:23.347781+00,,,9c2a0db3-c7e6-4d04-8b65-6cb56ec6b9f7,2026-08-27 11:34:13.556736+00
c579eae1-e2e0-4088-81de-6c45f3057802,8689 6453 5689 0022,merchant_allocated,bc3951f9-ff8c-436b-8322-e5dd6592ca4b,2026-09-05 05:47:39.366708+00,,,9c2a0db3-c7e6-4d04-8b65-6cb56ec6b9f7,2026-09-05 05:42:03.795053+00
c59f58dc-296f-4a2d-ad8e-d1c65cda11fc,2173 6567 3333 0210,merchant_allocated,c74f8bef-6fd7-40f2-a363-1daa167d0439,2026-09-03 09:31:57.289663+00,,,9c2a0db3-c7e6-4d04-8b65-6cb56ec6b9f7,2026-09-03 09:26:26.769933+00
c5af3ac0-d122-4739-9a93-3471bbf4b0d8,8783 5621 8877 0350,merchant_allocated,b64a2ee7-5fc4-434d-9b92-1fa730df2810,2026-09-09 05:29:06.233162+00,,,9c2a0db3-c7e6-4d04-8b65-6cb56ec6b9f7,2026-09-09 05:20:59.714662+00
c5c0dbf7-2401-42b0-8ce0-68fdf33a4656,2176 6567 3333 0250,unassigned,,,,,9c2a0db3-c7e6-4d04-8b65-6cb56ec6b9f7,2026-09-03 09:06:17.550685+00
c5c84d79-6848-4e0c-b7c9-691f5a73ed0b,2173 6567 3333 0377,merchant_allocated,c74f8bef-6fd7-40f2-a363-1daa167d0439,2026-09-03 09:31:57.289663+00,,,9c2a0db3-c7e6-4d04-8b65-6cb56ec6b9f7,2026-09-03 09:26:26.769933+00
c5e50354-8a44-41d2-88e7-73475febdffb,2176 6567 3333 0364,unassigned,,,,,9c2a0db3-c7e6-4d04-8b65-6cb56ec6b9f7,2026-09-03 09:06:17.550685+00
c5e78931-e32c-4d7a-a4c5-e10591e04e4a,8783 5621 8877 0002,merchant_allocated,b64a2ee7-5fc4-434d-9b92-1fa730df2810,2026-09-09 05:29:06.233162+00,,,9c2a0db3-c7e6-4d04-8b65-6cb56ec6b9f7,2026-09-09 05:20:59.714662+00
c5eab127-a981-46bb-be70-3d7974a8513d,4555 8645 9367 0413,merchant_allocated,63c2aeec-7410-4c78-9a68-beb45b1c622c,2026-08-27 11:40:23.347781+00,,,9c2a0db3-c7e6-4d04-8b65-6cb56ec6b9f7,2026-08-27 11:34:13.556736+00
c62e498d-a0b4-4e78-a05e-dee13b4d3ad5,8783 5621 8877 0243,merchant_allocated,b64a2ee7-5fc4-434d-9b92-1fa730df2810,2026-09-09 05:29:06.233162+00,,,9c2a0db3-c7e6-4d04-8b65-6cb56ec6b9f7,2026-09-09 05:20:59.714662+00
c6309eb4-808c-49dd-8050-2310bd5eb597,2173 6567 3333 0376,merchant_allocated,c74f8bef-6fd7-40f2-a363-1daa167d0439,2026-09-03 09:31:57.289663+00,,,9c2a0db3-c7e6-4d04-8b65-6cb56ec6b9f7,2026-09-03 09:26:26.769933+00
c65a5c66-0f9c-4e59-9185-352384a35b4d,2173 6567 3333 0349,merchant_allocated,c74f8bef-6fd7-40f2-a363-1daa167d0439,2026-09-03 09:31:57.289663+00,,,9c2a0db3-c7e6-4d04-8b65-6cb56ec6b9f7,2026-09-03 09:26:26.769933+00
c67c0fc6-f507-40df-bab0-7fce2b89e638,8667 7863 7616 0019,merchant_allocated,75eff299-f162-4427-8b08-04f404141ef9,2026-09-09 10:29:54.922115+00,,,9c2a0db3-c7e6-4d04-8b65-6cb56ec6b9f7,2026-09-09 10:16:46.810748+00
c6c2416a-02b7-4342-881c-5d5900cebdbe,4555 8645 9367 0226,merchant_allocated,63c2aeec-7410-4c78-9a68-beb45b1c622c,2026-08-27 11:40:23.347781+00,,,9c2a0db3-c7e6-4d04-8b65-6cb56ec6b9f7,2026-08-27 11:34:13.556736+00
c6d62f24-4e08-4846-b807-bacde4aa6382,2173 6567 3333 0356,merchant_allocated,c74f8bef-6fd7-40f2-a363-1daa167d0439,2026-09-03 09:31:57.289663+00,,,9c2a0db3-c7e6-4d04-8b65-6cb56ec6b9f7,2026-09-03 09:26:26.769933+00
c6e4118b-b2b2-49fe-9355-0ef2c19c0198,2176 6567 3333 0432,unassigned,,,,,9c2a0db3-c7e6-4d04-8b65-6cb56ec6b9f7,2026-09-03 09:06:17.550685+00
c70e6bd1-fa53-40cd-8fd6-dd0d7cc204ae,4555 8645 9367 0161,merchant_allocated,63c2aeec-7410-4c78-9a68-beb45b1c622c,2026-08-27 11:40:23.347781+00,,,9c2a0db3-c7e6-4d04-8b65-6cb56ec6b9f7,2026-08-27 11:34:13.556736+00
c7115a38-06aa-4379-9c17-ffd82ec20ad2,2176 6567 3333 0347,unassigned,,,,,9c2a0db3-c7e6-4d04-8b65-6cb56ec6b9f7,2026-09-03 09:06:17.550685+00
c718ded8-64ea-4600-aa87-5aca82ccaf26,8689 6453 5689 0083,merchant_allocated,bc3951f9-ff8c-436b-8322-e5dd6592ca4b,2026-09-05 05:47:39.366708+00,,,9c2a0db3-c7e6-4d04-8b65-6cb56ec6b9f7,2026-09-05 05:42:03.795053+00
c7227536-9767-412d-9a09-582fd1e46b48,8783 5621 8877 0310,merchant_allocated,b64a2ee7-5fc4-434d-9b92-1fa730df2810,2026-09-09 05:29:06.233162+00,,,9c2a0db3-c7e6-4d04-8b65-6cb56ec6b9f7,2026-09-09 05:20:59.714662+00
c76754e8-ed21-40ec-b4ee-f0b949c79a72,4555 8645 9367 0145,merchant_allocated,63c2aeec-7410-4c78-9a68-beb45b1c622c,2026-08-27 11:40:23.347781+00,,,9c2a0db3-c7e6-4d04-8b65-6cb56ec6b9f7,2026-08-27 11:34:13.556736+00
c76bc1e9-6135-43cc-a95f-7a18a13b7d98,2173 6567 3333 0371,merchant_allocated,c74f8bef-6fd7-40f2-a363-1daa167d0439,2026-09-03 09:31:57.289663+00,,,9c2a0db3-c7e6-4d04-8b65-6cb56ec6b9f7,2026-09-03 09:26:26.769933+00
c7725842-cfaa-487a-b1d1-f77143b1d2bc,2176 6567 3333 0124,unassigned,,,,,9c2a0db3-c7e6-4d04-8b65-6cb56ec6b9f7,2026-09-03 09:06:17.550685+00
c783bf5c-47e3-467d-b048-a1315dfcbf15,2173 6567 3333 0214,merchant_allocated,c74f8bef-6fd7-40f2-a363-1daa167d0439,2026-09-03 09:31:57.289663+00,,,9c2a0db3-c7e6-4d04-8b65-6cb56ec6b9f7,2026-09-03 09:26:26.769933+00
c7b05488-8e07-4385-9c32-437b3a60c2c4,2176 6567 3333 0221,unassigned,,,,,9c2a0db3-c7e6-4d04-8b65-6cb56ec6b9f7,2026-09-03 09:06:17.550685+00
c7c0e5ed-1065-4694-900a-8971cb9e199f,8689 6453 5689 0067,merchant_allocated,bc3951f9-ff8c-436b-8322-e5dd6592ca4b,2026-09-05 05:47:39.366708+00,,,9c2a0db3-c7e6-4d04-8b65-6cb56ec6b9f7,2026-09-05 05:42:03.795053+00
c7f1aa5d-0eb0-4036-8b98-e23b645ff9c9,8667 7863 7616 0311,merchant_allocated,75eff299-f162-4427-8b08-04f404141ef9,2026-09-09 10:29:54.922115+00,,,9c2a0db3-c7e6-4d04-8b65-6cb56ec6b9f7,2026-09-09 10:16:46.810748+00
c8042742-1667-4bba-b3f2-c594c89d99b0,2173 6567 3333 0324,merchant_allocated,c74f8bef-6fd7-40f2-a363-1daa167d0439,2026-09-03 09:31:57.289663+00,,,9c2a0db3-c7e6-4d04-8b65-6cb56ec6b9f7,2026-09-03 09:26:26.769933+00
c8059b3a-4ca3-4f56-ac09-2ac74bc3108f,8689 6453 5689 0027,merchant_allocated,bc3951f9-ff8c-436b-8322-e5dd6592ca4b,2026-09-05 05:47:39.366708+00,,,9c2a0db3-c7e6-4d04-8b65-6cb56ec6b9f7,2026-09-05 05:42:03.795053+00
c830bc17-dbf6-400e-976d-4cda8ad73839,2173 6567 3333 0467,merchant_allocated,c74f8bef-6fd7-40f2-a363-1daa167d0439,2026-09-03 09:31:57.289663+00,,,9c2a0db3-c7e6-4d04-8b65-6cb56ec6b9f7,2026-09-03 09:26:26.769933+00
c83ff226-e541-4c27-9715-682c9fdabd54,2176 6567 3333 0411,unassigned,,,,,9c2a0db3-c7e6-4d04-8b65-6cb56ec6b9f7,2026-09-03 09:06:17.550685+00
c83ff2e6-6ca6-490d-b66b-da42692be3a4,2176 6567 3333 0147,unassigned,,,,,9c2a0db3-c7e6-4d04-8b65-6cb56ec6b9f7,2026-09-03 09:06:17.550685+00
c84e1205-459b-4c2b-a90d-99a7d9e0b2d4,8783 5621 8877 0379,merchant_allocated,b64a2ee7-5fc4-434d-9b92-1fa730df2810,2026-09-09 05:29:06.233162+00,,,9c2a0db3-c7e6-4d04-8b65-6cb56ec6b9f7,2026-09-09 05:20:59.714662+00
c85a6b5c-2d8d-4fa6-bc47-37690f9d2ddf,8689 6453 5689 0018,merchant_allocated,bc3951f9-ff8c-436b-8322-e5dd6592ca4b,2026-09-05 05:47:39.366708+00,,,9c2a0db3-c7e6-4d04-8b65-6cb56ec6b9f7,2026-09-05 05:42:03.795053+00
c87c4bde-7936-4287-adf6-33ea26e3078b,2176 6567 3333 0377,unassigned,,,,,9c2a0db3-c7e6-4d04-8b65-6cb56ec6b9f7,2026-09-03 09:06:17.550685+00
c88e67f9-b65d-4b33-b36a-aed9342e0f26,8667 7863 7616 0131,merchant_allocated,75eff299-f162-4427-8b08-04f404141ef9,2026-09-09 10:29:54.922115+00,,,9c2a0db3-c7e6-4d04-8b65-6cb56ec6b9f7,2026-09-09 10:16:46.810748+00
c8963314-a5d9-4ca5-b2ab-8253fccc3812,8783 5621 8877 0497,merchant_allocated,b64a2ee7-5fc4-434d-9b92-1fa730df2810,2026-09-09 05:29:06.233162+00,,,9c2a0db3-c7e6-4d04-8b65-6cb56ec6b9f7,2026-09-09 05:20:59.714662+00
c8b64db3-5056-4bc1-a7bd-a31c375d5bd5,2173 6567 3333 0236,merchant_allocated,c74f8bef-6fd7-40f2-a363-1daa167d0439,2026-09-03 09:31:57.289663+00,,,9c2a0db3-c7e6-4d04-8b65-6cb56ec6b9f7,2026-09-03 09:26:26.769933+00
c8ed6a92-0f29-4fa8-9ebd-1c103366c3ca,4555 8645 9367 0198,merchant_allocated,63c2aeec-7410-4c78-9a68-beb45b1c622c,2026-08-27 11:40:23.347781+00,,,9c2a0db3-c7e6-4d04-8b65-6cb56ec6b9f7,2026-08-27 11:34:13.556736+00
c8ed8c81-83f8-4bd5-a187-329184ff3957,2176 6567 3333 0054,unassigned,,,,,9c2a0db3-c7e6-4d04-8b65-6cb56ec6b9f7,2026-09-03 09:06:17.550685+00
c92f718c-e68a-4640-a0ef-8dff0af6106f,2176 6567 3333 0337,unassigned,,,,,9c2a0db3-c7e6-4d04-8b65-6cb56ec6b9f7,2026-09-03 09:06:17.550685+00
c93ac46c-8c8f-47ae-aa08-f7305d8ab22d,2176 6567 3333 0227,unassigned,,,,,9c2a0db3-c7e6-4d04-8b65-6cb56ec6b9f7,2026-09-03 09:06:17.550685+00
c93d8e0e-71ee-482c-acc2-5beb29af036d,2173 6567 3333 0444,merchant_allocated,c74f8bef-6fd7-40f2-a363-1daa167d0439,2026-09-03 09:31:57.289663+00,,,9c2a0db3-c7e6-4d04-8b65-6cb56ec6b9f7,2026-09-03 09:26:26.769933+00
c96268ab-b564-41da-b91c-70efaec3f910,4555 8645 9367 0021,merchant_allocated,63c2aeec-7410-4c78-9a68-beb45b1c622c,2026-08-27 11:40:23.347781+00,,,9c2a0db3-c7e6-4d04-8b65-6cb56ec6b9f7,2026-08-27 11:34:13.556736+00
c969e1f1-0005-4126-973a-b9306af144fe,4555 8645 9367 0089,merchant_allocated,63c2aeec-7410-4c78-9a68-beb45b1c622c,2026-08-27 11:40:23.347781+00,,,9c2a0db3-c7e6-4d04-8b65-6cb56ec6b9f7,2026-08-27 11:34:13.556736+00
c9766978-0bc5-4ca3-a265-fc80fb2f8c77,6635 8773 8388 0004,unassigned,,,,,9c2a0db3-c7e6-4d04-8b65-6cb56ec6b9f7,2026-08-19 07:38:00.609926+00
c9817f51-a0d5-4a9f-b8f4-edf2d8aba6cf,2173 6567 3333 0127,merchant_allocated,c74f8bef-6fd7-40f2-a363-1daa167d0439,2026-09-03 09:31:57.289663+00,,,9c2a0db3-c7e6-4d04-8b65-6cb56ec6b9f7,2026-09-03 09:26:26.769933+00
c9904610-1ff3-4849-a4d5-3d37f6c64e79,2176 6567 3333 0129,unassigned,,,,,9c2a0db3-c7e6-4d04-8b65-6cb56ec6b9f7,2026-09-03 09:06:17.550685+00
c9add6f8-27f0-4996-8495-4994371ef7f3,4555 8645 9367 0037,merchant_allocated,63c2aeec-7410-4c78-9a68-beb45b1c622c,2026-08-27 11:40:23.347781+00,,,9c2a0db3-c7e6-4d04-8b65-6cb56ec6b9f7,2026-08-27 11:34:13.556736+00
c9e7b370-c855-462a-9940-d01a3798e574,8667 7863 7616 0129,merchant_allocated,75eff299-f162-4427-8b08-04f404141ef9,2026-09-09 10:29:54.922115+00,,,9c2a0db3-c7e6-4d04-8b65-6cb56ec6b9f7,2026-09-09 10:16:46.810748+00
c9ec26f9-c605-4017-ad13-b400ad233a6d,8667 7863 7616 0044,merchant_allocated,75eff299-f162-4427-8b08-04f404141ef9,2026-09-09 10:29:54.922115+00,,,9c2a0db3-c7e6-4d04-8b65-6cb56ec6b9f7,2026-09-09 10:16:46.810748+00
ca4dcb89-6c8b-4162-bb1f-22ac2f382b61,4555 8645 9367 0053,merchant_allocated,63c2aeec-7410-4c78-9a68-beb45b1c622c,2026-08-27 11:40:23.347781+00,,,9c2a0db3-c7e6-4d04-8b65-6cb56ec6b9f7,2026-08-27 11:34:13.556736+00
ca579343-89c0-4551-acbd-78b2761c171c,2176 6567 3333 0386,unassigned,,,,,9c2a0db3-c7e6-4d04-8b65-6cb56ec6b9f7,2026-09-03 09:06:17.550685+00
ca62d111-3fbc-470f-9e1d-3a8b9f3e008f,4555 8645 9367 0427,merchant_allocated,63c2aeec-7410-4c78-9a68-beb45b1c622c,2026-08-27 11:40:23.347781+00,,,9c2a0db3-c7e6-4d04-8b65-6cb56ec6b9f7,2026-08-27 11:34:13.556736+00
ca80bcb2-173e-4932-b4d3-b03c618dbb72,2176 6567 3333 0288,unassigned,,,,,9c2a0db3-c7e6-4d04-8b65-6cb56ec6b9f7,2026-09-03 09:06:17.550685+00
cabd1e90-ed7c-418f-98bb-bf5b6a54266c,8667 7863 7616 0370,merchant_allocated,75eff299-f162-4427-8b08-04f404141ef9,2026-09-09 10:29:54.922115+00,,,9c2a0db3-c7e6-4d04-8b65-6cb56ec6b9f7,2026-09-09 10:16:46.810748+00
cac2a572-3012-4e63-9028-cd35c1887819,4555 8645 9367 0167,merchant_allocated,63c2aeec-7410-4c78-9a68-beb45b1c622c,2026-08-27 11:40:23.347781+00,,,9c2a0db3-c7e6-4d04-8b65-6cb56ec6b9f7,2026-08-27 11:34:13.556736+00
cafba218-dc61-46c4-be4a-fc3a9e1a55f7,2173 6567 3333 0368,merchant_allocated,c74f8bef-6fd7-40f2-a363-1daa167d0439,2026-09-03 09:31:57.289663+00,,,9c2a0db3-c7e6-4d04-8b65-6cb56ec6b9f7,2026-09-03 09:26:26.769933+00
cb04e436-f2df-4176-9a01-c52ede7bf0e8,7567 5342 8633 0067,merchant_allocated,4bf2fb6b-bdf3-49d3-ac1b-1e6e746c6643,2026-07-21 16:11:58.441179+00,,,9c2a0db3-c7e6-4d04-8b65-6cb56ec6b9f7,2026-07-21 16:10:31.33396+00
cb5c6af9-c074-40ad-97b2-dc138bd65fd3,4555 8645 9367 0449,merchant_allocated,63c2aeec-7410-4c78-9a68-beb45b1c622c,2026-08-27 11:40:23.347781+00,,,9c2a0db3-c7e6-4d04-8b65-6cb56ec6b9f7,2026-08-27 11:34:13.556736+00
cb82c42f-5ee4-48e9-b335-9507b20e06ea,8667 7863 7616 0258,merchant_allocated,75eff299-f162-4427-8b08-04f404141ef9,2026-09-09 10:29:54.922115+00,,,9c2a0db3-c7e6-4d04-8b65-6cb56ec6b9f7,2026-09-09 10:16:46.810748+00
cb86e016-3b9b-4ca5-b602-1fe7d52bfecf,8783 5621 8877 0082,merchant_allocated,b64a2ee7-5fc4-434d-9b92-1fa730df2810,2026-09-09 05:29:06.233162+00,,,9c2a0db3-c7e6-4d04-8b65-6cb56ec6b9f7,2026-09-09 05:20:59.714662+00
cba6c67e-603e-43b6-b5c0-14a1e4875556,4555 8645 9367 0132,merchant_allocated,63c2aeec-7410-4c78-9a68-beb45b1c622c,2026-08-27 11:40:23.347781+00,,,9c2a0db3-c7e6-4d04-8b65-6cb56ec6b9f7,2026-08-27 11:34:13.556736+00
cbf26443-f2ba-4c4c-9f99-95ff38f5ea79,2173 6567 3333 0499,merchant_allocated,c74f8bef-6fd7-40f2-a363-1daa167d0439,2026-09-03 09:31:57.289663+00,,,9c2a0db3-c7e6-4d04-8b65-6cb56ec6b9f7,2026-09-03 09:26:26.769933+00
cc056adc-8782-4e60-9f7c-e9eca0e62f15,8667 7863 7616 0073,merchant_allocated,75eff299-f162-4427-8b08-04f404141ef9,2026-09-09 10:29:54.922115+00,,,9c2a0db3-c7e6-4d04-8b65-6cb56ec6b9f7,2026-09-09 10:16:46.810748+00
cc4cb740-d47e-4d9b-84d2-c4bd9a16bf88,4555 8645 9367 0224,merchant_allocated,63c2aeec-7410-4c78-9a68-beb45b1c622c,2026-08-27 11:40:23.347781+00,,,9c2a0db3-c7e6-4d04-8b65-6cb56ec6b9f7,2026-08-27 11:34:13.556736+00
cc5eeac9-bbd0-47c2-a188-056e89c7612c,4555 8645 9367 0196,merchant_allocated,63c2aeec-7410-4c78-9a68-beb45b1c622c,2026-08-27 11:40:23.347781+00,,,9c2a0db3-c7e6-4d04-8b65-6cb56ec6b9f7,2026-08-27 11:34:13.556736+00
cc756231-cd73-4fbd-b74a-13f90bc9abb6,8689 6453 5689 0021,merchant_allocated,bc3951f9-ff8c-436b-8322-e5dd6592ca4b,2026-09-05 05:47:39.366708+00,,,9c2a0db3-c7e6-4d04-8b65-6cb56ec6b9f7,2026-09-05 05:42:03.795053+00
ccb1c0f6-0875-42dc-8270-707b36e266da,4555 8645 9367 0435,merchant_allocated,63c2aeec-7410-4c78-9a68-beb45b1c622c,2026-08-27 11:40:23.347781+00,,,9c2a0db3-c7e6-4d04-8b65-6cb56ec6b9f7,2026-08-27 11:34:13.556736+00
ccd324f4-a515-4332-b19d-3235ab9d8cf0,4555 8645 9367 0273,merchant_allocated,63c2aeec-7410-4c78-9a68-beb45b1c622c,2026-08-27 11:40:23.347781+00,,,9c2a0db3-c7e6-4d04-8b65-6cb56ec6b9f7,2026-08-27 11:34:13.556736+00
ccd49579-2b29-4287-b43b-a64691147c21,2176 6567 3333 0334,unassigned,,,,,9c2a0db3-c7e6-4d04-8b65-6cb56ec6b9f7,2026-09-03 09:06:17.550685+00
cce64a9f-562a-40f9-a1cb-bd9a048bedf9,8783 5621 8877 0468,merchant_allocated,b64a2ee7-5fc4-434d-9b92-1fa730df2810,2026-09-09 05:29:06.233162+00,,,9c2a0db3-c7e6-4d04-8b65-6cb56ec6b9f7,2026-09-09 05:20:59.714662+00
ccf39fc7-2501-4408-8981-608c043c4d14,4555 8645 9367 0008,member_linked,63c2aeec-7410-4c78-9a68-beb45b1c622c,2026-08-27 11:40:23.347781+00,d30c8638-9e45-49c3-82f4-9be5197c1547,2026-09-23 14:13:12.752783+00,9c2a0db3-c7e6-4d04-8b65-6cb56ec6b9f7,2026-08-27 11:34:13.556736+00
cd14ee14-70fd-4e08-aeab-c9249c17342f,2173 6567 3333 0181,merchant_allocated,c74f8bef-6fd7-40f2-a363-1daa167d0439,2026-09-03 09:31:57.289663+00,,,9c2a0db3-c7e6-4d04-8b65-6cb56ec6b9f7,2026-09-03 09:26:26.769933+00
cd30159c-c996-4ee2-9d14-505c11ddac3c,2176 6567 3333 0113,unassigned,,,,,9c2a0db3-c7e6-4d04-8b65-6cb56ec6b9f7,2026-09-03 09:06:17.550685+00
cd4b3fa9-c171-4ca4-bf25-b19e731fdbc0,2173 6567 3333 0425,merchant_allocated,c74f8bef-6fd7-40f2-a363-1daa167d0439,2026-09-03 09:31:57.289663+00,,,9c2a0db3-c7e6-4d04-8b65-6cb56ec6b9f7,2026-09-03 09:26:26.769933+00
cd4e4c54-49e4-4847-af3e-90ace6faa121,2173 6567 3333 0284,merchant_allocated,c74f8bef-6fd7-40f2-a363-1daa167d0439,2026-09-03 09:31:57.289663+00,,,9c2a0db3-c7e6-4d04-8b65-6cb56ec6b9f7,2026-09-03 09:26:26.769933+00
cd6a267e-8c8c-44a9-b004-aec9e9c3991a,8667 7863 7616 0250,merchant_allocated,75eff299-f162-4427-8b08-04f404141ef9,2026-09-09 10:29:54.922115+00,,,9c2a0db3-c7e6-4d04-8b65-6cb56ec6b9f7,2026-09-09 10:16:46.810748+00
cd6fb487-f944-4f7f-8469-da3c9986a886,4555 8645 9367 0133,merchant_allocated,63c2aeec-7410-4c78-9a68-beb45b1c622c,2026-08-27 11:40:23.347781+00,,,9c2a0db3-c7e6-4d04-8b65-6cb56ec6b9f7,2026-08-27 11:34:13.556736+00
cd7c0bda-8eb9-467e-bc6c-4280223a6d20,2173 6567 3333 0382,merchant_allocated,c74f8bef-6fd7-40f2-a363-1daa167d0439,2026-09-03 09:31:57.289663+00,,,9c2a0db3-c7e6-4d04-8b65-6cb56ec6b9f7,2026-09-03 09:26:26.769933+00
cda508a1-82bb-420c-ac66-94694f1ae756,8689 6453 5689 0006,merchant_allocated,bc3951f9-ff8c-436b-8322-e5dd6592ca4b,2026-09-05 05:47:39.366708+00,,,9c2a0db3-c7e6-4d04-8b65-6cb56ec6b9f7,2026-09-05 05:42:03.795053+00
cdbb7762-e5d2-4dbe-96cb-ede6cfc88653,8783 5621 8877 0047,merchant_allocated,b64a2ee7-5fc4-434d-9b92-1fa730df2810,2026-09-09 05:29:06.233162+00,,,9c2a0db3-c7e6-4d04-8b65-6cb56ec6b9f7,2026-09-09 05:20:59.714662+00
cdf38381-b7da-424b-b970-ff33daf50891,4821 6739 0000 4300,merchant_allocated,merch_  6,2026-07-28 06:48:05.660888+00,,,9c2a0db3-c7e6-4d04-8b65-6cb56ec6b9f7,2026-07-28 06:47:38.92065+00
cdfe00fc-4be0-4418-bc94-7f9f28a22ac2,4555 8645 9367 0417,merchant_allocated,63c2aeec-7410-4c78-9a68-beb45b1c622c,2026-08-27 11:40:23.347781+00,,,9c2a0db3-c7e6-4d04-8b65-6cb56ec6b9f7,2026-08-27 11:34:13.556736+00
cdff7ed8-d9f6-48e0-afa0-d71acc5d90eb,8783 5621 8877 0481,merchant_allocated,b64a2ee7-5fc4-434d-9b92-1fa730df2810,2026-09-09 05:29:06.233162+00,,,9c2a0db3-c7e6-4d04-8b65-6cb56ec6b9f7,2026-09-09 05:20:59.714662+00
ce18f918-26a6-4e5b-94b4-323d97db6574,4555 8645 9367 0497,merchant_allocated,63c2aeec-7410-4c78-9a68-beb45b1c622c,2026-08-27 11:40:23.347781+00,,,9c2a0db3-c7e6-4d04-8b65-6cb56ec6b9f7,2026-08-27 11:34:13.556736+00
ce9a10bf-7386-4e5b-b0b9-ab78cc84c9be,8667 7863 7616 0396,merchant_allocated,75eff299-f162-4427-8b08-04f404141ef9,2026-09-09 10:29:54.922115+00,,,9c2a0db3-c7e6-4d04-8b65-6cb56ec6b9f7,2026-09-09 10:16:46.810748+00
ce9d5d43-bd40-418e-bfc3-6d3edf878244,2173 6567 3333 0296,merchant_allocated,c74f8bef-6fd7-40f2-a363-1daa167d0439,2026-09-03 09:31:57.289663+00,,,9c2a0db3-c7e6-4d04-8b65-6cb56ec6b9f7,2026-09-03 09:26:26.769933+00
ceb423f4-3a29-48ce-a4c8-2b6564a15572,2173 6567 3333 0231,merchant_allocated,c74f8bef-6fd7-40f2-a363-1daa167d0439,2026-09-03 09:31:57.289663+00,,,9c2a0db3-c7e6-4d04-8b65-6cb56ec6b9f7,2026-09-03 09:26:26.769933+00
cec9cdde-8933-4743-8406-9a5368083670,2176 6567 3333 0126,unassigned,,,,,9c2a0db3-c7e6-4d04-8b65-6cb56ec6b9f7,2026-09-03 09:06:17.550685+00
cf22d168-afcb-42f5-8cb0-01bf59d2af4e,8783 5621 8877 0392,merchant_allocated,b64a2ee7-5fc4-434d-9b92-1fa730df2810,2026-09-09 05:29:06.233162+00,,,9c2a0db3-c7e6-4d04-8b65-6cb56ec6b9f7,2026-09-09 05:20:59.714662+00
cf2e86ed-d0d1-403f-8048-69d09d591fac,2173 6567 3333 0439,merchant_allocated,c74f8bef-6fd7-40f2-a363-1daa167d0439,2026-09-03 09:31:57.289663+00,,,9c2a0db3-c7e6-4d04-8b65-6cb56ec6b9f7,2026-09-03 09:26:26.769933+00
cf447165-19bf-4842-91d6-0f14a7dadce7,2176 6567 3333 0392,unassigned,,,,,9c2a0db3-c7e6-4d04-8b65-6cb56ec6b9f7,2026-09-03 09:06:17.550685+00
cf5e0b7f-65f2-464a-9c2b-7fa42a0bfd3f,4555 8645 9367 0242,merchant_allocated,63c2aeec-7410-4c78-9a68-beb45b1c622c,2026-08-27 11:40:23.347781+00,,,9c2a0db3-c7e6-4d04-8b65-6cb56ec6b9f7,2026-08-27 11:34:13.556736+00
cf7af823-8672-40e0-ac52-56cdd1e517cc,8667 7863 7616 0006,member_linked,75eff299-f162-4427-8b08-04f404141ef9,2026-09-09 10:29:54.922115+00,b085a570-6937-4153-92ef-df914428c990,2026-09-25 09:42:31.918991+00,9c2a0db3-c7e6-4d04-8b65-6cb56ec6b9f7,2026-09-09 10:16:46.810748+00
cf8de9ca-1b62-4901-bb34-e1b973611d5d,4555 8645 9367 0399,merchant_allocated,63c2aeec-7410-4c78-9a68-beb45b1c622c,2026-08-27 11:40:23.347781+00,,,9c2a0db3-c7e6-4d04-8b65-6cb56ec6b9f7,2026-08-27 11:34:13.556736+00
cf944922-3a32-42c7-bada-cd53b1b453f3,8667 7863 7616 0410,merchant_allocated,75eff299-f162-4427-8b08-04f404141ef9,2026-09-09 10:29:54.922115+00,,,9c2a0db3-c7e6-4d04-8b65-6cb56ec6b9f7,2026-09-09 10:16:46.810748+00
cfa54017-0cde-4af0-bacc-8ec67a83b53d,8783 5621 8877 0317,merchant_allocated,b64a2ee7-5fc4-434d-9b92-1fa730df2810,2026-09-09 05:29:06.233162+00,,,9c2a0db3-c7e6-4d04-8b65-6cb56ec6b9f7,2026-09-09 05:20:59.714662+00
cfacb55e-57f0-4572-ac35-72f9efdf29ad,7567 5342 8633 0056,merchant_allocated,4bf2fb6b-bdf3-49d3-ac1b-1e6e746c6643,2026-07-21 16:11:58.441179+00,,,9c2a0db3-c7e6-4d04-8b65-6cb56ec6b9f7,2026-07-21 16:10:31.33396+00
cfc697df-1c58-485c-819e-c791b42fd18c,8783 5621 8877 0162,merchant_allocated,b64a2ee7-5fc4-434d-9b92-1fa730df2810,2026-09-09 05:29:06.233162+00,,,9c2a0db3-c7e6-4d04-8b65-6cb56ec6b9f7,2026-09-09 05:20:59.714662+00
cfdf3c90-005f-4364-873b-7ac7a033fb47,4555 8645 9367 0458,merchant_allocated,63c2aeec-7410-4c78-9a68-beb45b1c622c,2026-08-27 11:40:23.347781+00,,,9c2a0db3-c7e6-4d04-8b65-6cb56ec6b9f7,2026-08-27 11:34:13.556736+00
cfe1c6b1-8bc9-4e68-81f5-c5dd18fe1d9c,2176 6567 3333 0440,unassigned,,,,,9c2a0db3-c7e6-4d04-8b65-6cb56ec6b9f7,2026-09-03 09:06:17.550685+00
cfe8274c-4c3f-4c87-9775-7a12b9072363,2173 6567 3333 0464,merchant_allocated,c74f8bef-6fd7-40f2-a363-1daa167d0439,2026-09-03 09:31:57.289663+00,,,9c2a0db3-c7e6-4d04-8b65-6cb56ec6b9f7,2026-09-03 09:26:26.769933+00
cfea2e2f-b9ff-4dc1-a1c9-f3eef74a730f,8783 5621 8877 0339,merchant_allocated,b64a2ee7-5fc4-434d-9b92-1fa730df2810,2026-09-09 05:29:06.233162+00,,,9c2a0db3-c7e6-4d04-8b65-6cb56ec6b9f7,2026-09-09 05:20:59.714662+00
d0022196-4bea-474f-8c30-a40510e7f2cc,8667 7863 7616 0312,merchant_allocated,75eff299-f162-4427-8b08-04f404141ef9,2026-09-09 10:29:54.922115+00,,,9c2a0db3-c7e6-4d04-8b65-6cb56ec6b9f7,2026-09-09 10:16:46.810748+00
d0176506-a21e-42f9-834b-bb6732fe2ec3,4821 6739 0000 2100,merchant_allocated,merch_  6,2026-07-28 06:48:05.660888+00,,,9c2a0db3-c7e6-4d04-8b65-6cb56ec6b9f7,2026-07-28 06:47:38.92065+00
d024b5d1-4ca1-4937-a1cf-994ef5e6baf5,4555 8645 9367 0223,merchant_allocated,63c2aeec-7410-4c78-9a68-beb45b1c622c,2026-08-27 11:40:23.347781+00,,,9c2a0db3-c7e6-4d04-8b65-6cb56ec6b9f7,2026-08-27 11:34:13.556736+00
d027259f-3dac-434b-8a8f-d233624675c4,8689 6453 5689 0059,merchant_allocated,bc3951f9-ff8c-436b-8322-e5dd6592ca4b,2026-09-05 05:47:39.366708+00,,,9c2a0db3-c7e6-4d04-8b65-6cb56ec6b9f7,2026-09-05 05:42:03.795053+00
d02fb349-428f-4892-a069-2ea4c0a96a70,8667 7863 7616 0211,merchant_allocated,75eff299-f162-4427-8b08-04f404141ef9,2026-09-09 10:29:54.922115+00,,,9c2a0db3-c7e6-4d04-8b65-6cb56ec6b9f7,2026-09-09 10:16:46.810748+00
d031a0be-3c0f-4a97-a1d2-774338d77766,2176 6567 3333 0363,unassigned,,,,,9c2a0db3-c7e6-4d04-8b65-6cb56ec6b9f7,2026-09-03 09:06:17.550685+00
d0462764-88ce-486a-a7b4-b6442743d9ca,2176 6567 3333 0285,unassigned,,,,,9c2a0db3-c7e6-4d04-8b65-6cb56ec6b9f7,2026-09-03 09:06:17.550685+00
d058a506-11fa-466b-8c2e-50bed02d02fa,2173 6567 3333 0243,merchant_allocated,c74f8bef-6fd7-40f2-a363-1daa167d0439,2026-09-03 09:31:57.289663+00,,,9c2a0db3-c7e6-4d04-8b65-6cb56ec6b9f7,2026-09-03 09:26:26.769933+00
d062d551-9a86-475d-ad0f-001ed7299a6c,2173 6567 3333 0168,merchant_allocated,c74f8bef-6fd7-40f2-a363-1daa167d0439,2026-09-03 09:31:57.289663+00,,,9c2a0db3-c7e6-4d04-8b65-6cb56ec6b9f7,2026-09-03 09:26:26.769933+00
d06adca1-ab06-4426-a114-60cb54eebf63,2173 6567 3333 0267,merchant_allocated,c74f8bef-6fd7-40f2-a363-1daa167d0439,2026-09-03 09:31:57.289663+00,,,9c2a0db3-c7e6-4d04-8b65-6cb56ec6b9f7,2026-09-03 09:26:26.769933+00
d06ca8ca-ad46-49d4-a743-c697f32b34be,2176 6567 3333 0308,unassigned,,,,,9c2a0db3-c7e6-4d04-8b65-6cb56ec6b9f7,2026-09-03 09:06:17.550685+00
d085a2bb-f0e7-4380-a3fc-f1384026e3a1,8783 5621 8877 0228,merchant_allocated,b64a2ee7-5fc4-434d-9b92-1fa730df2810,2026-09-09 05:29:06.233162+00,,,9c2a0db3-c7e6-4d04-8b65-6cb56ec6b9f7,2026-09-09 05:20:59.714662+00
d094e670-8b0d-409c-b747-ebb2a7ce569a,2176 6567 3333 0014,unassigned,,,,,9c2a0db3-c7e6-4d04-8b65-6cb56ec6b9f7,2026-09-03 09:06:17.550685+00
d0b16e16-4aa9-4020-bc61-8b3a14ad18e7,8783 5621 8877 0297,merchant_allocated,b64a2ee7-5fc4-434d-9b92-1fa730df2810,2026-09-09 05:29:06.233162+00,,,9c2a0db3-c7e6-4d04-8b65-6cb56ec6b9f7,2026-09-09 05:20:59.714662+00
d0db5def-d608-44c1-993d-0aee30815321,2173 6567 3333 0058,merchant_allocated,c74f8bef-6fd7-40f2-a363-1daa167d0439,2026-09-03 09:31:57.289663+00,,,9c2a0db3-c7e6-4d04-8b65-6cb56ec6b9f7,2026-09-03 09:26:26.769933+00
d0f340fb-b2ce-4554-bc31-a29bef161d2e,2173 6567 3333 0447,merchant_allocated,c74f8bef-6fd7-40f2-a363-1daa167d0439,2026-09-03 09:31:57.289663+00,,,9c2a0db3-c7e6-4d04-8b65-6cb56ec6b9f7,2026-09-03 09:26:26.769933+00
d10fd8c8-efa7-48a8-9f25-4e86ae228db5,4555 8645 9367 0278,merchant_allocated,63c2aeec-7410-4c78-9a68-beb45b1c622c,2026-08-27 11:40:23.347781+00,,,9c2a0db3-c7e6-4d04-8b65-6cb56ec6b9f7,2026-08-27 11:34:13.556736+00
d11a54ef-6e0d-43fb-ac9b-78ddb74798da,4555 8645 9367 0454,merchant_allocated,63c2aeec-7410-4c78-9a68-beb45b1c622c,2026-08-27 11:40:23.347781+00,,,9c2a0db3-c7e6-4d04-8b65-6cb56ec6b9f7,2026-08-27 11:34:13.556736+00
d12eeaec-ebf6-4f60-8b5d-bcc81b5cd2d7,8783 5621 8877 0457,merchant_allocated,b64a2ee7-5fc4-434d-9b92-1fa730df2810,2026-09-09 05:29:06.233162+00,,,9c2a0db3-c7e6-4d04-8b65-6cb56ec6b9f7,2026-09-09 05:20:59.714662+00
d15bcf48-fb05-4209-b144-0699da3e81e7,7567 5342 8633 0081,merchant_allocated,4bf2fb6b-bdf3-49d3-ac1b-1e6e746c6643,2026-07-21 16:11:58.441179+00,,,9c2a0db3-c7e6-4d04-8b65-6cb56ec6b9f7,2026-07-21 16:10:31.33396+00
d18fa3a2-6881-43f0-8568-f08b45319487,2176 6567 3333 0176,unassigned,,,,,9c2a0db3-c7e6-4d04-8b65-6cb56ec6b9f7,2026-09-03 09:06:17.550685+00
d190c026-e8cc-435c-94b0-bfe631506486,8783 5621 8877 0247,merchant_allocated,b64a2ee7-5fc4-434d-9b92-1fa730df2810,2026-09-09 05:29:06.233162+00,,,9c2a0db3-c7e6-4d04-8b65-6cb56ec6b9f7,2026-09-09 05:20:59.714662+00
d191057e-2a05-4419-9d02-40c98db105a4,2176 6567 3333 0210,unassigned,,,,,9c2a0db3-c7e6-4d04-8b65-6cb56ec6b9f7,2026-09-03 09:06:17.550685+00
d1e75a0c-fbfa-49a1-b723-56959e6430cb,2173 6567 3333 0344,merchant_allocated,c74f8bef-6fd7-40f2-a363-1daa167d0439,2026-09-03 09:31:57.289663+00,,,9c2a0db3-c7e6-4d04-8b65-6cb56ec6b9f7,2026-09-03 09:26:26.769933+00
d200685d-537d-4f69-a737-bfe3d2380089,8783 5621 8877 0323,merchant_allocated,b64a2ee7-5fc4-434d-9b92-1fa730df2810,2026-09-09 05:29:06.233162+00,,,9c2a0db3-c7e6-4d04-8b65-6cb56ec6b9f7,2026-09-09 05:20:59.714662+00
d202d8e3-fdec-43ca-a725-e19f9d3cacde,8667 7863 7616 0307,merchant_allocated,75eff299-f162-4427-8b08-04f404141ef9,2026-09-09 10:29:54.922115+00,,,9c2a0db3-c7e6-4d04-8b65-6cb56ec6b9f7,2026-09-09 10:16:46.810748+00
d20d7c3d-f0b7-464b-9f94-5e250b149fcc,8667 7863 7616 0482,merchant_allocated,75eff299-f162-4427-8b08-04f404141ef9,2026-09-09 10:29:54.922115+00,,,9c2a0db3-c7e6-4d04-8b65-6cb56ec6b9f7,2026-09-09 10:16:46.810748+00
d24c3f01-b0e0-4745-bf8c-3cccb789ad03,2176 6567 3333 0291,unassigned,,,,,9c2a0db3-c7e6-4d04-8b65-6cb56ec6b9f7,2026-09-03 09:06:17.550685+00
d2600c50-2c8a-4221-ae62-980fe6a126c6,8689 6453 5689 0062,merchant_allocated,bc3951f9-ff8c-436b-8322-e5dd6592ca4b,2026-09-05 05:47:39.366708+00,,,9c2a0db3-c7e6-4d04-8b65-6cb56ec6b9f7,2026-09-05 05:42:03.795053+00
d2683836-1b9a-4692-81e0-64cdf7c1f176,2173 6567 3333 0385,merchant_allocated,c74f8bef-6fd7-40f2-a363-1daa167d0439,2026-09-03 09:31:57.289663+00,,,9c2a0db3-c7e6-4d04-8b65-6cb56ec6b9f7,2026-09-03 09:26:26.769933+00
d2912e7d-ec62-4e56-a6e7-c60bf0c22f9f,2173 6567 3333 0277,merchant_allocated,c74f8bef-6fd7-40f2-a363-1daa167d0439,2026-09-03 09:31:57.289663+00,,,9c2a0db3-c7e6-4d04-8b65-6cb56ec6b9f7,2026-09-03 09:26:26.769933+00
d29a4752-920f-452a-8a8b-89575ee3025c,8667 7863 7616 0254,merchant_allocated,75eff299-f162-4427-8b08-04f404141ef9,2026-09-09 10:29:54.922115+00,,,9c2a0db3-c7e6-4d04-8b65-6cb56ec6b9f7,2026-09-09 10:16:46.810748+00
d2a493be-a538-48b0-9922-dfef01098828,4555 8645 9367 0414,merchant_allocated,63c2aeec-7410-4c78-9a68-beb45b1c622c,2026-08-27 11:40:23.347781+00,,,9c2a0db3-c7e6-4d04-8b65-6cb56ec6b9f7,2026-08-27 11:34:13.556736+00
d2d9dbda-a3a1-424b-ab50-8d72af5c4725,8783 5621 8877 0060,merchant_allocated,b64a2ee7-5fc4-434d-9b92-1fa730df2810,2026-09-09 05:29:06.233162+00,,,9c2a0db3-c7e6-4d04-8b65-6cb56ec6b9f7,2026-09-09 05:20:59.714662+00
d2ea1080-9c53-4537-9c23-84094d5a91c4,8667 7863 7616 0189,merchant_allocated,75eff299-f162-4427-8b08-04f404141ef9,2026-09-09 10:29:54.922115+00,,,9c2a0db3-c7e6-4d04-8b65-6cb56ec6b9f7,2026-09-09 10:16:46.810748+00
d3084e02-c9eb-44bd-9bc1-c334155fff3f,4555 8645 9367 0018,merchant_allocated,63c2aeec-7410-4c78-9a68-beb45b1c622c,2026-08-27 11:40:23.347781+00,,,9c2a0db3-c7e6-4d04-8b65-6cb56ec6b9f7,2026-08-27 11:34:13.556736+00
d3170589-fc15-49b4-babe-abc2929e633d,4555 8645 9367 0143,merchant_allocated,63c2aeec-7410-4c78-9a68-beb45b1c622c,2026-08-27 11:40:23.347781+00,,,9c2a0db3-c7e6-4d04-8b65-6cb56ec6b9f7,2026-08-27 11:34:13.556736+00
d33ee2db-260c-4b38-86c2-c9a6fd5c722c,4555 8645 9367 0324,merchant_allocated,63c2aeec-7410-4c78-9a68-beb45b1c622c,2026-08-27 11:40:23.347781+00,,,9c2a0db3-c7e6-4d04-8b65-6cb56ec6b9f7,2026-08-27 11:34:13.556736+00
d3556c7e-47f5-44c6-9428-73fa6701f1e7,8667 7863 7616 0310,merchant_allocated,75eff299-f162-4427-8b08-04f404141ef9,2026-09-09 10:29:54.922115+00,,,9c2a0db3-c7e6-4d04-8b65-6cb56ec6b9f7,2026-09-09 10:16:46.810748+00
d37e7358-0c47-48a9-a38c-60c8468fb4bc,2176 6567 3333 0089,unassigned,,,,,9c2a0db3-c7e6-4d04-8b65-6cb56ec6b9f7,2026-09-03 09:06:17.550685+00
d38b70df-aed4-4a3b-9980-e9ac3158937d,8783 5621 8877 0128,merchant_allocated,b64a2ee7-5fc4-434d-9b92-1fa730df2810,2026-09-09 05:29:06.233162+00,,,9c2a0db3-c7e6-4d04-8b65-6cb56ec6b9f7,2026-09-09 05:20:59.714662+00
d39881e3-f675-468c-b10b-da2af59c999a,4555 8645 9367 0072,merchant_allocated,63c2aeec-7410-4c78-9a68-beb45b1c622c,2026-08-27 11:40:23.347781+00,,,9c2a0db3-c7e6-4d04-8b65-6cb56ec6b9f7,2026-08-27 11:34:13.556736+00
d3a841c0-830e-4059-92bb-6bc1f737d24a,8783 5621 8877 0221,merchant_allocated,b64a2ee7-5fc4-434d-9b92-1fa730df2810,2026-09-09 05:29:06.233162+00,,,9c2a0db3-c7e6-4d04-8b65-6cb56ec6b9f7,2026-09-09 05:20:59.714662+00
d3af5774-5096-495b-90d9-b69011d1947d,4555 8645 9367 0003,member_linked,63c2aeec-7410-4c78-9a68-beb45b1c622c,2026-08-27 11:40:23.347781+00,d1bec73b-a9ae-4cf5-bf90-657f84b8f712,2026-09-23 13:59:30.368391+00,9c2a0db3-c7e6-4d04-8b65-6cb56ec6b9f7,2026-08-27 11:34:13.556736+00
d3d2aba4-b78e-465f-9e71-ab6d917be687,2173 6567 3333 0162,merchant_allocated,c74f8bef-6fd7-40f2-a363-1daa167d0439,2026-09-03 09:31:57.289663+00,,,9c2a0db3-c7e6-4d04-8b65-6cb56ec6b9f7,2026-09-03 09:26:26.769933+00
d3e814ae-e212-4a77-bfd8-88c144d05d24,8667 7863 7616 0426,merchant_allocated,75eff299-f162-4427-8b08-04f404141ef9,2026-09-09 10:29:54.922115+00,,,9c2a0db3-c7e6-4d04-8b65-6cb56ec6b9f7,2026-09-09 10:16:46.810748+00
d3f3202d-0ee3-464c-bc6c-06e1e1ae8a1f,2176 6567 3333 0222,unassigned,,,,,9c2a0db3-c7e6-4d04-8b65-6cb56ec6b9f7,2026-09-03 09:06:17.550685+00
d3fa109e-bead-443b-8a8f-4fcf9fea5a7a,8783 5621 8877 0417,merchant_allocated,b64a2ee7-5fc4-434d-9b92-1fa730df2810,2026-09-09 05:29:06.233162+00,,,9c2a0db3-c7e6-4d04-8b65-6cb56ec6b9f7,2026-09-09 05:20:59.714662+00
d3fb0ede-89b6-477e-b30a-f47940330d95,4555 8645 9367 0461,merchant_allocated,63c2aeec-7410-4c78-9a68-beb45b1c622c,2026-08-27 11:40:23.347781+00,,,9c2a0db3-c7e6-4d04-8b65-6cb56ec6b9f7,2026-08-27 11:34:13.556736+00
d407bf52-ea0f-4d0c-b8bc-149e4a57c4d5,8667 7863 7616 0400,merchant_allocated,75eff299-f162-4427-8b08-04f404141ef9,2026-09-09 10:29:54.922115+00,,,9c2a0db3-c7e6-4d04-8b65-6cb56ec6b9f7,2026-09-09 10:16:46.810748+00
d41197fc-3c21-4302-ac01-1c09a223544a,8667 7863 7616 0448,merchant_allocated,75eff299-f162-4427-8b08-04f404141ef9,2026-09-09 10:29:54.922115+00,,,9c2a0db3-c7e6-4d04-8b65-6cb56ec6b9f7,2026-09-09 10:16:46.810748+00
d42e1c1f-d830-4061-93b4-648dcf21a670,4821 4444 0000 1400,merchant_allocated,merch_  7,2026-08-03 17:46:28.931088+00,,,9c2a0db3-c7e6-4d04-8b65-6cb56ec6b9f7,2026-08-03 17:45:59.017505+00
d432a519-0dc9-4d61-96ac-dd1880cc5ed4,8783 5621 8877 0080,merchant_allocated,b64a2ee7-5fc4-434d-9b92-1fa730df2810,2026-09-09 05:29:06.233162+00,,,9c2a0db3-c7e6-4d04-8b65-6cb56ec6b9f7,2026-09-09 05:20:59.714662+00
d4412e48-249c-430c-a569-0c9aaac4e519,8667 7863 7616 0228,merchant_allocated,75eff299-f162-4427-8b08-04f404141ef9,2026-09-09 10:29:54.922115+00,,,9c2a0db3-c7e6-4d04-8b65-6cb56ec6b9f7,2026-09-09 10:16:46.810748+00
d44c4244-e039-402d-ab90-eb456554b42f,8667 7863 7616 0158,merchant_allocated,75eff299-f162-4427-8b08-04f404141ef9,2026-09-09 10:29:54.922115+00,,,9c2a0db3-c7e6-4d04-8b65-6cb56ec6b9f7,2026-09-09 10:16:46.810748+00
d44f5ea5-749c-4065-bdcc-b936f89fed3d,8667 7863 7616 0114,merchant_allocated,75eff299-f162-4427-8b08-04f404141ef9,2026-09-09 10:29:54.922115+00,,,9c2a0db3-c7e6-4d04-8b65-6cb56ec6b9f7,2026-09-09 10:16:46.810748+00
d454c742-e07f-40fb-8017-bc10434aeb73,8783 5621 8877 0127,merchant_allocated,b64a2ee7-5fc4-434d-9b92-1fa730df2810,2026-09-09 05:29:06.233162+00,,,9c2a0db3-c7e6-4d04-8b65-6cb56ec6b9f7,2026-09-09 05:20:59.714662+00
d490f72b-4487-43ce-8fba-7b753bcc13c1,2176 6567 3333 0459,unassigned,,,,,9c2a0db3-c7e6-4d04-8b65-6cb56ec6b9f7,2026-09-03 09:06:17.550685+00
d4a4a50c-640a-4898-b043-847294e60267,8667 7863 7616 0256,merchant_allocated,75eff299-f162-4427-8b08-04f404141ef9,2026-09-09 10:29:54.922115+00,,,9c2a0db3-c7e6-4d04-8b65-6cb56ec6b9f7,2026-09-09 10:16:46.810748+00
d4a4c18c-02db-430f-b8e3-5a8f2d5dd647,2173 6567 3333 0124,merchant_allocated,c74f8bef-6fd7-40f2-a363-1daa167d0439,2026-09-03 09:31:57.289663+00,,,9c2a0db3-c7e6-4d04-8b65-6cb56ec6b9f7,2026-09-03 09:26:26.769933+00
d4a52557-f204-4e23-89e4-ac1b7c58630d,2176 6567 3333 0424,unassigned,,,,,9c2a0db3-c7e6-4d04-8b65-6cb56ec6b9f7,2026-09-03 09:06:17.550685+00
d4c0322b-29b7-4c79-9e83-cd020c7b37d2,8689 6453 5689 0108,merchant_allocated,bc3951f9-ff8c-436b-8322-e5dd6592ca4b,2026-09-05 05:47:39.366708+00,,,9c2a0db3-c7e6-4d04-8b65-6cb56ec6b9f7,2026-09-05 05:42:03.795053+00
d4e0752a-b836-4f17-b93d-4f1e774dbd46,8667 7863 7616 0007,member_linked,75eff299-f162-4427-8b08-04f404141ef9,2026-09-09 10:29:54.922115+00,ba0ba1d2-55e3-40e6-b88e-ad5db9a2c39d,2026-09-25 09:44:20.24889+00,9c2a0db3-c7e6-4d04-8b65-6cb56ec6b9f7,2026-09-09 10:16:46.810748+00
d4fe787e-9b1b-4a34-bfb8-d608abc2f1ea,4555 8645 9367 0105,merchant_allocated,63c2aeec-7410-4c78-9a68-beb45b1c622c,2026-08-27 11:40:23.347781+00,,,9c2a0db3-c7e6-4d04-8b65-6cb56ec6b9f7,2026-08-27 11:34:13.556736+00
d505e273-77b2-415f-887f-b4c02dd705fa,2176 6567 3333 0481,unassigned,,,,,9c2a0db3-c7e6-4d04-8b65-6cb56ec6b9f7,2026-09-03 09:06:17.550685+00
d50a441e-72f7-4b30-a483-318fbe774637,2176 6567 3333 0112,unassigned,,,,,9c2a0db3-c7e6-4d04-8b65-6cb56ec6b9f7,2026-09-03 09:06:17.550685+00
d50ac24c-aa57-4c26-aeb4-0da724f4d28f,8667 7863 7616 0295,merchant_allocated,75eff299-f162-4427-8b08-04f404141ef9,2026-09-09 10:29:54.922115+00,,,9c2a0db3-c7e6-4d04-8b65-6cb56ec6b9f7,2026-09-09 10:16:46.810748+00
d51ca4da-4ce0-4c9c-81b5-d0aee0850d5d,2173 6567 3333 0359,merchant_allocated,c74f8bef-6fd7-40f2-a363-1daa167d0439,2026-09-03 09:31:57.289663+00,,,9c2a0db3-c7e6-4d04-8b65-6cb56ec6b9f7,2026-09-03 09:26:26.769933+00
d52cf4ce-eda8-4d3b-8b0d-61751e014495,8783 5621 8877 0316,merchant_allocated,b64a2ee7-5fc4-434d-9b92-1fa730df2810,2026-09-09 05:29:06.233162+00,,,9c2a0db3-c7e6-4d04-8b65-6cb56ec6b9f7,2026-09-09 05:20:59.714662+00
d53c1e92-002f-45e0-9311-e2d25464cdfb,8783 5621 8877 0429,merchant_allocated,b64a2ee7-5fc4-434d-9b92-1fa730df2810,2026-09-09 05:29:06.233162+00,,,9c2a0db3-c7e6-4d04-8b65-6cb56ec6b9f7,2026-09-09 05:20:59.714662+00
d54a041d-1eb9-47e1-84d7-a3fdbb26361c,2176 6567 3333 0133,unassigned,,,,,9c2a0db3-c7e6-4d04-8b65-6cb56ec6b9f7,2026-09-03 09:06:17.550685+00
d54b7f09-005c-48e3-a2c1-2867812460d2,2173 6567 3333 0187,merchant_allocated,c74f8bef-6fd7-40f2-a363-1daa167d0439,2026-09-03 09:31:57.289663+00,,,9c2a0db3-c7e6-4d04-8b65-6cb56ec6b9f7,2026-09-03 09:26:26.769933+00
d55ccb90-cde0-4816-a377-053abede352c,4555 8645 9367 0118,merchant_allocated,63c2aeec-7410-4c78-9a68-beb45b1c622c,2026-08-27 11:40:23.347781+00,,,9c2a0db3-c7e6-4d04-8b65-6cb56ec6b9f7,2026-08-27 11:34:13.556736+00
d567ae6e-f96f-49c1-a70a-5de95c347d88,8667 7863 7616 0080,merchant_allocated,75eff299-f162-4427-8b08-04f404141ef9,2026-09-09 10:29:54.922115+00,,,9c2a0db3-c7e6-4d04-8b65-6cb56ec6b9f7,2026-09-09 10:16:46.810748+00
d568814c-6546-4a7c-a308-f0dc22e3e812,2173 6567 3333 0461,merchant_allocated,c74f8bef-6fd7-40f2-a363-1daa167d0439,2026-09-03 09:31:57.289663+00,,,9c2a0db3-c7e6-4d04-8b65-6cb56ec6b9f7,2026-09-03 09:26:26.769933+00
d5923e8f-d37d-4105-8b2a-0d79c4476e83,8667 7863 7616 0451,merchant_allocated,75eff299-f162-4427-8b08-04f404141ef9,2026-09-09 10:29:54.922115+00,,,9c2a0db3-c7e6-4d04-8b65-6cb56ec6b9f7,2026-09-09 10:16:46.810748+00
d5ba40c8-2747-42b3-bd8d-1a37ca69ae6e,2176 6567 3333 0322,unassigned,,,,,9c2a0db3-c7e6-4d04-8b65-6cb56ec6b9f7,2026-09-03 09:06:17.550685+00
d5c528b5-efdf-44c2-bc32-b52000b0e64b,4555 8645 9367 0208,merchant_allocated,63c2aeec-7410-4c78-9a68-beb45b1c622c,2026-08-27 11:40:23.347781+00,,,9c2a0db3-c7e6-4d04-8b65-6cb56ec6b9f7,2026-08-27 11:34:13.556736+00
d5cef4a0-c0d5-48d5-a9f8-2d677c43bef1,2173 6567 3333 0161,merchant_allocated,c74f8bef-6fd7-40f2-a363-1daa167d0439,2026-09-03 09:31:57.289663+00,,,9c2a0db3-c7e6-4d04-8b65-6cb56ec6b9f7,2026-09-03 09:26:26.769933+00
d5e9ab28-85d9-4b72-9704-098b3f981c34,2173 6567 3333 0151,merchant_allocated,c74f8bef-6fd7-40f2-a363-1daa167d0439,2026-09-03 09:31:57.289663+00,,,9c2a0db3-c7e6-4d04-8b65-6cb56ec6b9f7,2026-09-03 09:26:26.769933+00
d5f58cc0-1a0a-4116-846c-f3f9f9e702a6,8667 7863 7616 0124,merchant_allocated,75eff299-f162-4427-8b08-04f404141ef9,2026-09-09 10:29:54.922115+00,,,9c2a0db3-c7e6-4d04-8b65-6cb56ec6b9f7,2026-09-09 10:16:46.810748+00
d60873c6-2106-4f3e-8463-3e13d1f89a86,8783 5621 8877 0275,merchant_allocated,b64a2ee7-5fc4-434d-9b92-1fa730df2810,2026-09-09 05:29:06.233162+00,,,9c2a0db3-c7e6-4d04-8b65-6cb56ec6b9f7,2026-09-09 05:20:59.714662+00
d619da95-3a73-416d-8090-4382df3453fb,2176 6567 3333 0282,unassigned,,,,,9c2a0db3-c7e6-4d04-8b65-6cb56ec6b9f7,2026-09-03 09:06:17.550685+00
d61dfcc1-c205-4f08-a678-6485b94a910b,2176 6567 3333 0204,unassigned,,,,,9c2a0db3-c7e6-4d04-8b65-6cb56ec6b9f7,2026-09-03 09:06:17.550685+00
d62890b6-e4a9-4738-9e37-cb48f77deb14,2173 6567 3333 0448,merchant_allocated,c74f8bef-6fd7-40f2-a363-1daa167d0439,2026-09-03 09:31:57.289663+00,,,9c2a0db3-c7e6-4d04-8b65-6cb56ec6b9f7,2026-09-03 09:26:26.769933+00
d63192ff-bfb8-419f-bcf6-c14229bf7495,2173 6567 3333 0285,merchant_allocated,c74f8bef-6fd7-40f2-a363-1daa167d0439,2026-09-03 09:31:57.289663+00,,,9c2a0db3-c7e6-4d04-8b65-6cb56ec6b9f7,2026-09-03 09:26:26.769933+00
d63ecba9-dd01-419f-8859-e468916d4088,7567 5342 8633 0073,merchant_allocated,4bf2fb6b-bdf3-49d3-ac1b-1e6e746c6643,2026-07-21 16:11:58.441179+00,,,9c2a0db3-c7e6-4d04-8b65-6cb56ec6b9f7,2026-07-21 16:10:31.33396+00
d64aab14-ccf4-46bd-8570-71c119257569,8667 7863 7616 0033,merchant_allocated,75eff299-f162-4427-8b08-04f404141ef9,2026-09-09 10:29:54.922115+00,,,9c2a0db3-c7e6-4d04-8b65-6cb56ec6b9f7,2026-09-09 10:16:46.810748+00
d65721ae-39fc-42aa-a4ea-62fd7cdc89ee,4555 8645 9367 0103,merchant_allocated,63c2aeec-7410-4c78-9a68-beb45b1c622c,2026-08-27 11:40:23.347781+00,,,9c2a0db3-c7e6-4d04-8b65-6cb56ec6b9f7,2026-08-27 11:34:13.556736+00
d6a5376d-b58e-4dc1-8354-b45e1dc973da,8667 7863 7616 0423,merchant_allocated,75eff299-f162-4427-8b08-04f404141ef9,2026-09-09 10:29:54.922115+00,,,9c2a0db3-c7e6-4d04-8b65-6cb56ec6b9f7,2026-09-09 10:16:46.810748+00
d6b2d50d-bc59-4bfa-90f5-002149b95db0,4555 8645 9367 0373,merchant_allocated,63c2aeec-7410-4c78-9a68-beb45b1c622c,2026-08-27 11:40:23.347781+00,,,9c2a0db3-c7e6-4d04-8b65-6cb56ec6b9f7,2026-08-27 11:34:13.556736+00
d6d2b3df-9b4e-4694-97f9-1e93f48e0463,2176 6567 3333 0028,unassigned,,,,,9c2a0db3-c7e6-4d04-8b65-6cb56ec6b9f7,2026-09-03 09:06:17.550685+00
d70836bb-74b1-4f8f-802e-497bef0fcc8b,8667 7863 7616 0425,merchant_allocated,75eff299-f162-4427-8b08-04f404141ef9,2026-09-09 10:29:54.922115+00,,,9c2a0db3-c7e6-4d04-8b65-6cb56ec6b9f7,2026-09-09 10:16:46.810748+00
d71f46f4-69f2-48ec-a39e-b7ee9e383f87,2176 6567 3333 0161,unassigned,,,,,9c2a0db3-c7e6-4d04-8b65-6cb56ec6b9f7,2026-09-03 09:06:17.550685+00
d7265b08-a807-4e43-809a-42c5aed80dcb,8667 7863 7616 0389,merchant_allocated,75eff299-f162-4427-8b08-04f404141ef9,2026-09-09 10:29:54.922115+00,,,9c2a0db3-c7e6-4d04-8b65-6cb56ec6b9f7,2026-09-09 10:16:46.810748+00
d7342a15-78a8-4a5f-a0c1-323139def975,2173 6567 3333 0462,merchant_allocated,c74f8bef-6fd7-40f2-a363-1daa167d0439,2026-09-03 09:31:57.289663+00,,,9c2a0db3-c7e6-4d04-8b65-6cb56ec6b9f7,2026-09-03 09:26:26.769933+00
d771c1bb-b9bf-4b3d-b734-ed62afa27dc7,2176 6567 3333 0429,unassigned,,,,,9c2a0db3-c7e6-4d04-8b65-6cb56ec6b9f7,2026-09-03 09:06:17.550685+00
d7c5555a-0f8b-4244-a734-e1b6ac804aac,2173 6567 3333 0083,merchant_allocated,c74f8bef-6fd7-40f2-a363-1daa167d0439,2026-09-03 09:31:57.289663+00,,,9c2a0db3-c7e6-4d04-8b65-6cb56ec6b9f7,2026-09-03 09:26:26.769933+00
d7c71784-873f-4ebb-9785-b42c74769708,2176 6567 3333 0040,unassigned,,,,,9c2a0db3-c7e6-4d04-8b65-6cb56ec6b9f7,2026-09-03 09:06:17.550685+00
d7cc43d4-004a-43e2-91c1-472800bdffa2,2176 6567 3333 0387,unassigned,,,,,9c2a0db3-c7e6-4d04-8b65-6cb56ec6b9f7,2026-09-03 09:06:17.550685+00
d7d774d2-5d97-4919-ae61-100d61a17eb0,8783 5621 8877 0485,merchant_allocated,b64a2ee7-5fc4-434d-9b92-1fa730df2810,2026-09-09 05:29:06.233162+00,,,9c2a0db3-c7e6-4d04-8b65-6cb56ec6b9f7,2026-09-09 05:20:59.714662+00
d821655c-99d3-4b4c-9901-2c400d75d039,8783 5621 8877 0062,merchant_allocated,b64a2ee7-5fc4-434d-9b92-1fa730df2810,2026-09-09 05:29:06.233162+00,,,9c2a0db3-c7e6-4d04-8b65-6cb56ec6b9f7,2026-09-09 05:20:59.714662+00
d8316375-4f09-4987-9d83-52058851defb,2176 6567 3333 0169,unassigned,,,,,9c2a0db3-c7e6-4d04-8b65-6cb56ec6b9f7,2026-09-03 09:06:17.550685+00
d8569b5a-e8d8-487f-84c5-6888a6852172,8783 5621 8877 0079,merchant_allocated,b64a2ee7-5fc4-434d-9b92-1fa730df2810,2026-09-09 05:29:06.233162+00,,,9c2a0db3-c7e6-4d04-8b65-6cb56ec6b9f7,2026-09-09 05:20:59.714662+00
d8917647-96ad-4b60-a25a-99af3e331c0b,4821 4444 0000 3300,merchant_allocated,merch_  7,2026-08-03 17:46:28.931088+00,,,9c2a0db3-c7e6-4d04-8b65-6cb56ec6b9f7,2026-08-03 17:45:59.017505+00
d8a49ca4-37d7-4bdf-b137-a4e57debe1fb,8667 7863 7616 0458,merchant_allocated,75eff299-f162-4427-8b08-04f404141ef9,2026-09-09 10:29:54.922115+00,,,9c2a0db3-c7e6-4d04-8b65-6cb56ec6b9f7,2026-09-09 10:16:46.810748+00
d8b2a274-d54d-4707-a3f2-efacce63a8f5,8783 5621 8877 0123,merchant_allocated,b64a2ee7-5fc4-434d-9b92-1fa730df2810,2026-09-09 05:29:06.233162+00,,,9c2a0db3-c7e6-4d04-8b65-6cb56ec6b9f7,2026-09-09 05:20:59.714662+00
d9026510-044c-4393-b54c-274e3f46ce9e,8667 7863 7616 0269,merchant_allocated,75eff299-f162-4427-8b08-04f404141ef9,2026-09-09 10:29:54.922115+00,,,9c2a0db3-c7e6-4d04-8b65-6cb56ec6b9f7,2026-09-09 10:16:46.810748+00
d9444700-71ad-4a7c-bb70-d0980f1dd243,8667 7863 7616 0122,merchant_allocated,75eff299-f162-4427-8b08-04f404141ef9,2026-09-09 10:29:54.922115+00,,,9c2a0db3-c7e6-4d04-8b65-6cb56ec6b9f7,2026-09-09 10:16:46.810748+00
d95c44da-4381-43a2-9358-fa31d65a9761,4555 8645 9367 0083,merchant_allocated,63c2aeec-7410-4c78-9a68-beb45b1c622c,2026-08-27 11:40:23.347781+00,,,9c2a0db3-c7e6-4d04-8b65-6cb56ec6b9f7,2026-08-27 11:34:13.556736+00
d9651ddb-07de-473b-9393-a4466098633d,4555 8645 9367 0246,merchant_allocated,63c2aeec-7410-4c78-9a68-beb45b1c622c,2026-08-27 11:40:23.347781+00,,,9c2a0db3-c7e6-4d04-8b65-6cb56ec6b9f7,2026-08-27 11:34:13.556736+00
d9779c68-dcb1-451a-81a0-e8764ef2d000,8667 7863 7616 0306,merchant_allocated,75eff299-f162-4427-8b08-04f404141ef9,2026-09-09 10:29:54.922115+00,,,9c2a0db3-c7e6-4d04-8b65-6cb56ec6b9f7,2026-09-09 10:16:46.810748+00
d9805769-0cb3-420d-94c8-ca7140f1f267,4555 8645 9367 0452,merchant_allocated,63c2aeec-7410-4c78-9a68-beb45b1c622c,2026-08-27 11:40:23.347781+00,,,9c2a0db3-c7e6-4d04-8b65-6cb56ec6b9f7,2026-08-27 11:34:13.556736+00
d98af186-131b-430c-bb38-233e6c36c91c,2176 6567 3333 0241,unassigned,,,,,9c2a0db3-c7e6-4d04-8b65-6cb56ec6b9f7,2026-09-03 09:06:17.550685+00
d98c0303-8f00-48a8-baa8-7f3679248beb,7567 5342 8633 0054,merchant_allocated,4bf2fb6b-bdf3-49d3-ac1b-1e6e746c6643,2026-07-21 16:11:58.441179+00,,,9c2a0db3-c7e6-4d04-8b65-6cb56ec6b9f7,2026-07-21 16:10:31.33396+00
d99f707d-55a1-43bf-a555-47d0e02c5580,2173 6567 3333 0308,merchant_allocated,c74f8bef-6fd7-40f2-a363-1daa167d0439,2026-09-03 09:31:57.289663+00,,,9c2a0db3-c7e6-4d04-8b65-6cb56ec6b9f7,2026-09-03 09:26:26.769933+00
d9a7c4a5-3fec-472f-b372-7b6e02911ab5,8689 6453 5689 0093,merchant_allocated,bc3951f9-ff8c-436b-8322-e5dd6592ca4b,2026-09-05 05:47:39.366708+00,,,9c2a0db3-c7e6-4d04-8b65-6cb56ec6b9f7,2026-09-05 05:42:03.795053+00
d9cbeae3-4e05-4b7a-94d4-7b549ae8f40e,8783 5621 8877 0479,merchant_allocated,b64a2ee7-5fc4-434d-9b92-1fa730df2810,2026-09-09 05:29:06.233162+00,,,9c2a0db3-c7e6-4d04-8b65-6cb56ec6b9f7,2026-09-09 05:20:59.714662+00
d9d43244-c216-4bee-b208-0d61e1a070fc,8667 7863 7616 0300,merchant_allocated,75eff299-f162-4427-8b08-04f404141ef9,2026-09-09 10:29:54.922115+00,,,9c2a0db3-c7e6-4d04-8b65-6cb56ec6b9f7,2026-09-09 10:16:46.810748+00
da36fba5-bd37-4d69-bbfc-c996457c49e6,7567 5342 8633 0076,merchant_allocated,4bf2fb6b-bdf3-49d3-ac1b-1e6e746c6643,2026-07-21 16:11:58.441179+00,,,9c2a0db3-c7e6-4d04-8b65-6cb56ec6b9f7,2026-07-21 16:10:31.33396+00
da52c76d-e0f2-4212-a418-3abd019247d6,2176 6567 3333 0098,unassigned,,,,,9c2a0db3-c7e6-4d04-8b65-6cb56ec6b9f7,2026-09-03 09:06:17.550685+00
da93fec6-ec9f-410f-b2d5-e46f2e017b45,8667 7863 7616 0094,merchant_allocated,75eff299-f162-4427-8b08-04f404141ef9,2026-09-09 10:29:54.922115+00,,,9c2a0db3-c7e6-4d04-8b65-6cb56ec6b9f7,2026-09-09 10:16:46.810748+00
dac9c5eb-b299-4759-a620-cf2f538f488b,8783 5621 8877 0362,merchant_allocated,b64a2ee7-5fc4-434d-9b92-1fa730df2810,2026-09-09 05:29:06.233162+00,,,9c2a0db3-c7e6-4d04-8b65-6cb56ec6b9f7,2026-09-09 05:20:59.714662+00
dad8121f-f1b0-4360-b1c9-d61f30b32c3c,2173 6567 3333 0292,merchant_allocated,c74f8bef-6fd7-40f2-a363-1daa167d0439,2026-09-03 09:31:57.289663+00,,,9c2a0db3-c7e6-4d04-8b65-6cb56ec6b9f7,2026-09-03 09:26:26.769933+00
dadc9c6f-f66f-45ad-9a63-838aefddf5d7,4555 8645 9367 0289,merchant_allocated,63c2aeec-7410-4c78-9a68-beb45b1c622c,2026-08-27 11:40:23.347781+00,,,9c2a0db3-c7e6-4d04-8b65-6cb56ec6b9f7,2026-08-27 11:34:13.556736+00
daf2528e-21e4-4c15-a285-f5473a25ceeb,8783 5621 8877 0199,merchant_allocated,b64a2ee7-5fc4-434d-9b92-1fa730df2810,2026-09-09 05:29:06.233162+00,,,9c2a0db3-c7e6-4d04-8b65-6cb56ec6b9f7,2026-09-09 05:20:59.714662+00
db1297d9-a559-407e-99db-13d0a82fcf63,2176 6567 3333 0128,unassigned,,,,,9c2a0db3-c7e6-4d04-8b65-6cb56ec6b9f7,2026-09-03 09:06:17.550685+00
db187af6-a489-414b-a862-1e7a26eb0789,4555 8645 9367 0365,merchant_allocated,63c2aeec-7410-4c78-9a68-beb45b1c622c,2026-08-27 11:40:23.347781+00,,,9c2a0db3-c7e6-4d04-8b65-6cb56ec6b9f7,2026-08-27 11:34:13.556736+00
db609216-2f74-46a9-a38a-dbd643dc90b5,8667 7863 7616 0381,merchant_allocated,75eff299-f162-4427-8b08-04f404141ef9,2026-09-09 10:29:54.922115+00,,,9c2a0db3-c7e6-4d04-8b65-6cb56ec6b9f7,2026-09-09 10:16:46.810748+00
db91917c-58b6-48c3-9144-5fabcaf6dbaa,2176 6567 3333 0315,unassigned,,,,,9c2a0db3-c7e6-4d04-8b65-6cb56ec6b9f7,2026-09-03 09:06:17.550685+00
dbbaf5d7-048c-49a0-a7d1-05637b4b5078,8667 7863 7616 0097,merchant_allocated,75eff299-f162-4427-8b08-04f404141ef9,2026-09-09 10:29:54.922115+00,,,9c2a0db3-c7e6-4d04-8b65-6cb56ec6b9f7,2026-09-09 10:16:46.810748+00
dbbeafe8-f48b-498e-8fda-278797a8c794,2176 6567 3333 0178,unassigned,,,,,9c2a0db3-c7e6-4d04-8b65-6cb56ec6b9f7,2026-09-03 09:06:17.550685+00
dbc5e503-7371-4898-b594-7fc165b738a0,8689 6453 5689 0026,merchant_allocated,bc3951f9-ff8c-436b-8322-e5dd6592ca4b,2026-09-05 05:47:39.366708+00,,,9c2a0db3-c7e6-4d04-8b65-6cb56ec6b9f7,2026-09-05 05:42:03.795053+00
dbd86727-5ca0-4a28-ae1c-9e1b15762405,8783 5621 8877 0150,merchant_allocated,b64a2ee7-5fc4-434d-9b92-1fa730df2810,2026-09-09 05:29:06.233162+00,,,9c2a0db3-c7e6-4d04-8b65-6cb56ec6b9f7,2026-09-09 05:20:59.714662+00
dbf93d78-afad-4e78-9e79-2648ef74c86b,4555 8645 9367 0074,merchant_allocated,63c2aeec-7410-4c78-9a68-beb45b1c622c,2026-08-27 11:40:23.347781+00,,,9c2a0db3-c7e6-4d04-8b65-6cb56ec6b9f7,2026-08-27 11:34:13.556736+00
dc0d204c-ce5f-4761-944f-af315a48b383,2173 6567 3333 0040,merchant_allocated,c74f8bef-6fd7-40f2-a363-1daa167d0439,2026-09-03 09:31:57.289663+00,,,9c2a0db3-c7e6-4d04-8b65-6cb56ec6b9f7,2026-09-03 09:26:26.769933+00
dc377e8a-aba7-4e04-89ee-0a54828547f0,2173 6567 3333 0241,merchant_allocated,c74f8bef-6fd7-40f2-a363-1daa167d0439,2026-09-03 09:31:57.289663+00,,,9c2a0db3-c7e6-4d04-8b65-6cb56ec6b9f7,2026-09-03 09:26:26.769933+00
dc7c55d2-82e1-4b6f-842b-0c8225384cde,7567 5342 8633 0020,merchant_allocated,4bf2fb6b-bdf3-49d3-ac1b-1e6e746c6643,2026-07-21 16:11:58.441179+00,,,9c2a0db3-c7e6-4d04-8b65-6cb56ec6b9f7,2026-07-21 16:10:31.33396+00
dc9f76fa-d3d3-4742-aa92-8121b58ed5b2,2173 6567 3333 0190,merchant_allocated,c74f8bef-6fd7-40f2-a363-1daa167d0439,2026-09-03 09:31:57.289663+00,,,9c2a0db3-c7e6-4d04-8b65-6cb56ec6b9f7,2026-09-03 09:26:26.769933+00
dcb83e29-879f-4335-871d-5e2285dfeb9e,2173 6567 3333 0470,merchant_allocated,c74f8bef-6fd7-40f2-a363-1daa167d0439,2026-09-03 09:31:57.289663+00,,,9c2a0db3-c7e6-4d04-8b65-6cb56ec6b9f7,2026-09-03 09:26:26.769933+00
dcc125d5-444f-4d7e-a6c1-a972c82e264b,2173 6567 3333 0182,merchant_allocated,c74f8bef-6fd7-40f2-a363-1daa167d0439,2026-09-03 09:31:57.289663+00,,,9c2a0db3-c7e6-4d04-8b65-6cb56ec6b9f7,2026-09-03 09:26:26.769933+00
dcd08f64-3aa9-40d6-96e4-99f9fbfbcd2d,8783 5621 8877 0325,merchant_allocated,b64a2ee7-5fc4-434d-9b92-1fa730df2810,2026-09-09 05:29:06.233162+00,,,9c2a0db3-c7e6-4d04-8b65-6cb56ec6b9f7,2026-09-09 05:20:59.714662+00
dcd8f224-55a2-4df3-958b-93d2008ea7f1,2173 6567 3333 0384,merchant_allocated,c74f8bef-6fd7-40f2-a363-1daa167d0439,2026-09-03 09:31:57.289663+00,,,9c2a0db3-c7e6-4d04-8b65-6cb56ec6b9f7,2026-09-03 09:26:26.769933+00
dce6051e-0c00-4ecb-8c98-670d9b3d513c,8783 5621 8877 0066,merchant_allocated,b64a2ee7-5fc4-434d-9b92-1fa730df2810,2026-09-09 05:29:06.233162+00,,,9c2a0db3-c7e6-4d04-8b65-6cb56ec6b9f7,2026-09-09 05:20:59.714662+00
dcec0e20-a7a6-4ea7-a1c6-4aeeed9cf6d4,4555 8645 9367 0310,merchant_allocated,63c2aeec-7410-4c78-9a68-beb45b1c622c,2026-08-27 11:40:23.347781+00,,,9c2a0db3-c7e6-4d04-8b65-6cb56ec6b9f7,2026-08-27 11:34:13.556736+00
dcf9fd97-77a5-41fa-9c26-0912537a80d1,4555 8645 9367 0305,merchant_allocated,63c2aeec-7410-4c78-9a68-beb45b1c622c,2026-08-27 11:40:23.347781+00,,,9c2a0db3-c7e6-4d04-8b65-6cb56ec6b9f7,2026-08-27 11:34:13.556736+00
dd10c7fd-6bba-4b17-b644-e9f881450927,4555 8645 9367 0116,merchant_allocated,63c2aeec-7410-4c78-9a68-beb45b1c622c,2026-08-27 11:40:23.347781+00,,,9c2a0db3-c7e6-4d04-8b65-6cb56ec6b9f7,2026-08-27 11:34:13.556736+00
dd1a2d30-bd26-4c74-b629-80538b2f18a0,2173 6567 3333 0491,merchant_allocated,c74f8bef-6fd7-40f2-a363-1daa167d0439,2026-09-03 09:31:57.289663+00,,,9c2a0db3-c7e6-4d04-8b65-6cb56ec6b9f7,2026-09-03 09:26:26.769933+00
dd230e42-44c3-480f-9b38-3b805bc67179,8667 7863 7616 0016,merchant_allocated,75eff299-f162-4427-8b08-04f404141ef9,2026-09-09 10:29:54.922115+00,,,9c2a0db3-c7e6-4d04-8b65-6cb56ec6b9f7,2026-09-09 10:16:46.810748+00
dd2aecc6-be68-4e63-8300-8a684c14781f,8783 5621 8877 0440,merchant_allocated,b64a2ee7-5fc4-434d-9b92-1fa730df2810,2026-09-09 05:29:06.233162+00,,,9c2a0db3-c7e6-4d04-8b65-6cb56ec6b9f7,2026-09-09 05:20:59.714662+00
dd82574f-cfc5-40b5-9a60-54a12156d540,8667 7863 7616 0230,merchant_allocated,75eff299-f162-4427-8b08-04f404141ef9,2026-09-09 10:29:54.922115+00,,,9c2a0db3-c7e6-4d04-8b65-6cb56ec6b9f7,2026-09-09 10:16:46.810748+00
dd8f0227-f938-4361-810f-bead086f4fd3,2176 6567 3333 0015,unassigned,,,,,9c2a0db3-c7e6-4d04-8b65-6cb56ec6b9f7,2026-09-03 09:06:17.550685+00
ddae135f-0841-4ec9-be81-40ac1e4e0520,7567 5342 8633 0082,merchant_allocated,4bf2fb6b-bdf3-49d3-ac1b-1e6e746c6643,2026-07-21 16:11:58.441179+00,,,9c2a0db3-c7e6-4d04-8b65-6cb56ec6b9f7,2026-07-21 16:10:31.33396+00
ddb26ab3-05fe-4f2e-8820-aed7d22a74de,2173 6567 3333 0102,merchant_allocated,c74f8bef-6fd7-40f2-a363-1daa167d0439,2026-09-03 09:31:57.289663+00,,,9c2a0db3-c7e6-4d04-8b65-6cb56ec6b9f7,2026-09-03 09:26:26.769933+00
dde31ef5-d0e2-49ef-95fb-ccc30df066fb,8667 7863 7616 0302,merchant_allocated,75eff299-f162-4427-8b08-04f404141ef9,2026-09-09 10:29:54.922115+00,,,9c2a0db3-c7e6-4d04-8b65-6cb56ec6b9f7,2026-09-09 10:16:46.810748+00
dde8fc2e-18c2-4ec2-8bfb-4a3c1141c702,2176 6567 3333 0064,unassigned,,,,,9c2a0db3-c7e6-4d04-8b65-6cb56ec6b9f7,2026-09-03 09:06:17.550685+00
ddeb785f-84c8-417b-a6d8-6ab96e5f5970,4555 8645 9367 0170,merchant_allocated,63c2aeec-7410-4c78-9a68-beb45b1c622c,2026-08-27 11:40:23.347781+00,,,9c2a0db3-c7e6-4d04-8b65-6cb56ec6b9f7,2026-08-27 11:34:13.556736+00
ddff2e33-8a78-47e1-8ffe-f63dfefbb706,2176 6567 3333 0462,unassigned,,,,,9c2a0db3-c7e6-4d04-8b65-6cb56ec6b9f7,2026-09-03 09:06:17.550685+00
de0f4e4f-a7af-406f-8ca9-394bd95af14f,2173 6567 3333 0139,merchant_allocated,c74f8bef-6fd7-40f2-a363-1daa167d0439,2026-09-03 09:31:57.289663+00,,,9c2a0db3-c7e6-4d04-8b65-6cb56ec6b9f7,2026-09-03 09:26:26.769933+00
de18c7a9-ead4-4c49-872d-c16f1d9d7a18,2173 6567 3333 0047,merchant_allocated,c74f8bef-6fd7-40f2-a363-1daa167d0439,2026-09-03 09:31:57.289663+00,,,9c2a0db3-c7e6-4d04-8b65-6cb56ec6b9f7,2026-09-03 09:26:26.769933+00
de20916e-5d02-4776-8cfb-7d3e41b397ad,2176 6567 3333 0175,unassigned,,,,,9c2a0db3-c7e6-4d04-8b65-6cb56ec6b9f7,2026-09-03 09:06:17.550685+00
de662bb0-1ca7-4209-a9c1-5a0813e801d5,4555 8645 9367 0374,merchant_allocated,63c2aeec-7410-4c78-9a68-beb45b1c622c,2026-08-27 11:40:23.347781+00,,,9c2a0db3-c7e6-4d04-8b65-6cb56ec6b9f7,2026-08-27 11:34:13.556736+00
dea2da40-e685-4201-b9d6-4b73559dab6e,8667 7863 7616 0418,merchant_allocated,75eff299-f162-4427-8b08-04f404141ef9,2026-09-09 10:29:54.922115+00,,,9c2a0db3-c7e6-4d04-8b65-6cb56ec6b9f7,2026-09-09 10:16:46.810748+00
deb6f4b8-0c3e-4b03-8605-1f64ba9d151b,8783 5621 8877 0140,merchant_allocated,b64a2ee7-5fc4-434d-9b92-1fa730df2810,2026-09-09 05:29:06.233162+00,,,9c2a0db3-c7e6-4d04-8b65-6cb56ec6b9f7,2026-09-09 05:20:59.714662+00
ded5642e-8b29-4fca-a86a-c21ae2e78308,4555 8645 9367 0311,merchant_allocated,63c2aeec-7410-4c78-9a68-beb45b1c622c,2026-08-27 11:40:23.347781+00,,,9c2a0db3-c7e6-4d04-8b65-6cb56ec6b9f7,2026-08-27 11:34:13.556736+00
df37059b-a169-40ca-9324-459dadcafe0a,2173 6567 3333 0386,merchant_allocated,c74f8bef-6fd7-40f2-a363-1daa167d0439,2026-09-03 09:31:57.289663+00,,,9c2a0db3-c7e6-4d04-8b65-6cb56ec6b9f7,2026-09-03 09:26:26.769933+00
df3ae658-16ab-4744-be9f-e94c6a074ba4,8783 5621 8877 0448,merchant_allocated,b64a2ee7-5fc4-434d-9b92-1fa730df2810,2026-09-09 05:29:06.233162+00,,,9c2a0db3-c7e6-4d04-8b65-6cb56ec6b9f7,2026-09-09 05:20:59.714662+00
df3bd696-3a27-450a-92cc-12ecc78c6447,4555 8645 9367 0498,merchant_allocated,63c2aeec-7410-4c78-9a68-beb45b1c622c,2026-08-27 11:40:23.347781+00,,,9c2a0db3-c7e6-4d04-8b65-6cb56ec6b9f7,2026-08-27 11:34:13.556736+00
df41455e-55d5-4b18-b499-af91206d592b,8667 7863 7616 0313,merchant_allocated,75eff299-f162-4427-8b08-04f404141ef9,2026-09-09 10:29:54.922115+00,,,9c2a0db3-c7e6-4d04-8b65-6cb56ec6b9f7,2026-09-09 10:16:46.810748+00
df4a665e-3f1f-4aa0-87b3-87b9210b5500,4555 8645 9367 0202,merchant_allocated,63c2aeec-7410-4c78-9a68-beb45b1c622c,2026-08-27 11:40:23.347781+00,,,9c2a0db3-c7e6-4d04-8b65-6cb56ec6b9f7,2026-08-27 11:34:13.556736+00
df4a98af-62fd-4b91-b08c-ff1852e02dee,4555 8645 9367 0234,merchant_allocated,63c2aeec-7410-4c78-9a68-beb45b1c622c,2026-08-27 11:40:23.347781+00,,,9c2a0db3-c7e6-4d04-8b65-6cb56ec6b9f7,2026-08-27 11:34:13.556736+00
df4ed804-d179-44af-9d71-10f1ef55f6f9,2173 6567 3333 0146,merchant_allocated,c74f8bef-6fd7-40f2-a363-1daa167d0439,2026-09-03 09:31:57.289663+00,,,9c2a0db3-c7e6-4d04-8b65-6cb56ec6b9f7,2026-09-03 09:26:26.769933+00
df56b1d3-dfaf-4fcd-ba4c-4d42444429fe,2173 6567 3333 0313,merchant_allocated,c74f8bef-6fd7-40f2-a363-1daa167d0439,2026-09-03 09:31:57.289663+00,,,9c2a0db3-c7e6-4d04-8b65-6cb56ec6b9f7,2026-09-03 09:26:26.769933+00
df824ab8-9df2-4137-bdbe-e277baadd47a,4555 8645 9367 0348,merchant_allocated,63c2aeec-7410-4c78-9a68-beb45b1c622c,2026-08-27 11:40:23.347781+00,,,9c2a0db3-c7e6-4d04-8b65-6cb56ec6b9f7,2026-08-27 11:34:13.556736+00
df8a9072-562e-4d35-9c3f-00d2a0b58d7b,8689 6453 5689 0096,merchant_allocated,bc3951f9-ff8c-436b-8322-e5dd6592ca4b,2026-09-05 05:47:39.366708+00,,,9c2a0db3-c7e6-4d04-8b65-6cb56ec6b9f7,2026-09-05 05:42:03.795053+00
df911ae2-d5ac-4693-a5bc-ed3f59bb3b2b,8667 7863 7616 0320,merchant_allocated,75eff299-f162-4427-8b08-04f404141ef9,2026-09-09 10:29:54.922115+00,,,9c2a0db3-c7e6-4d04-8b65-6cb56ec6b9f7,2026-09-09 10:16:46.810748+00
df9599a6-2816-4fe4-bae8-d468624b0549,2176 6567 3333 0138,unassigned,,,,,9c2a0db3-c7e6-4d04-8b65-6cb56ec6b9f7,2026-09-03 09:06:17.550685+00
dfa8a959-b199-454e-a2b7-e0139d96b537,8667 7863 7616 0376,merchant_allocated,75eff299-f162-4427-8b08-04f404141ef9,2026-09-09 10:29:54.922115+00,,,9c2a0db3-c7e6-4d04-8b65-6cb56ec6b9f7,2026-09-09 10:16:46.810748+00
dfb8f10f-170d-44e5-9397-135fde6e5a30,4555 8645 9367 0496,merchant_allocated,63c2aeec-7410-4c78-9a68-beb45b1c622c,2026-08-27 11:40:23.347781+00,,,9c2a0db3-c7e6-4d04-8b65-6cb56ec6b9f7,2026-08-27 11:34:13.556736+00
dfd358d6-d25f-4152-adec-85f380f44671,2173 6567 3333 0167,merchant_allocated,c74f8bef-6fd7-40f2-a363-1daa167d0439,2026-09-03 09:31:57.289663+00,,,9c2a0db3-c7e6-4d04-8b65-6cb56ec6b9f7,2026-09-03 09:26:26.769933+00
dfffba26-a765-48e1-8e66-cacc50c5791a,8783 5621 8877 0301,member_linked,b64a2ee7-5fc4-434d-9b92-1fa730df2810,2026-09-09 05:29:06.233162+00,918c0b0d-5b39-4c44-ae23-49f4c7c8037b,2026-09-13 06:11:55.25041+00,9c2a0db3-c7e6-4d04-8b65-6cb56ec6b9f7,2026-09-09 05:20:59.714662+00
e01420c7-8447-4853-8145-55abe6f05c9b,2173 6567 3333 0012,member_linked,c74f8bef-6fd7-40f2-a363-1daa167d0439,2026-09-03 09:31:57.289663+00,8bd7783c-eda8-478c-85ac-207da13e7841,2026-09-23 13:32:11.81744+00,9c2a0db3-c7e6-4d04-8b65-6cb56ec6b9f7,2026-09-03 09:26:26.769933+00
e025417b-f9a5-4836-ba7c-5877ea17481b,2173 6567 3333 0260,merchant_allocated,c74f8bef-6fd7-40f2-a363-1daa167d0439,2026-09-03 09:31:57.289663+00,,,9c2a0db3-c7e6-4d04-8b65-6cb56ec6b9f7,2026-09-03 09:26:26.769933+00
e03d9d5b-73c7-426c-be84-7b2dfe358f47,7567 5342 8633 0098,merchant_allocated,4bf2fb6b-bdf3-49d3-ac1b-1e6e746c6643,2026-07-21 16:11:58.441179+00,,,9c2a0db3-c7e6-4d04-8b65-6cb56ec6b9f7,2026-07-21 16:10:31.33396+00
e0550087-81f0-466b-b9d4-54538bda554c,8667 7863 7616 0357,merchant_allocated,75eff299-f162-4427-8b08-04f404141ef9,2026-09-09 10:29:54.922115+00,,,9c2a0db3-c7e6-4d04-8b65-6cb56ec6b9f7,2026-09-09 10:16:46.810748+00
e08629a0-2da5-4c29-94f9-83d8a9224716,2176 6567 3333 0012,unassigned,,,,,9c2a0db3-c7e6-4d04-8b65-6cb56ec6b9f7,2026-09-03 09:06:17.550685+00
e0940a4e-b79a-403a-bca0-59e5db0e7005,8783 5621 8877 0015,merchant_allocated,b64a2ee7-5fc4-434d-9b92-1fa730df2810,2026-09-09 05:29:06.233162+00,,,9c2a0db3-c7e6-4d04-8b65-6cb56ec6b9f7,2026-09-09 05:20:59.714662+00
e0d1c5dc-b6fd-4d5f-81d5-c8df10933afa,8667 7863 7616 0206,merchant_allocated,75eff299-f162-4427-8b08-04f404141ef9,2026-09-09 10:29:54.922115+00,,,9c2a0db3-c7e6-4d04-8b65-6cb56ec6b9f7,2026-09-09 10:16:46.810748+00
e0d8b6ca-12da-4603-aa99-9d57e654c939,8667 7863 7616 0447,merchant_allocated,75eff299-f162-4427-8b08-04f404141ef9,2026-09-09 10:29:54.922115+00,,,9c2a0db3-c7e6-4d04-8b65-6cb56ec6b9f7,2026-09-09 10:16:46.810748+00
e0e1d249-01a1-44fe-bc4a-c6f3d892b3d7,8667 7863 7616 0121,merchant_allocated,75eff299-f162-4427-8b08-04f404141ef9,2026-09-09 10:29:54.922115+00,,,9c2a0db3-c7e6-4d04-8b65-6cb56ec6b9f7,2026-09-09 10:16:46.810748+00
e1055175-cc9e-4faa-9d21-6ebf94527a02,4821 4444 0000 1200,merchant_allocated,merch_  7,2026-08-03 17:46:28.931088+00,,,9c2a0db3-c7e6-4d04-8b65-6cb56ec6b9f7,2026-08-03 17:45:59.017505+00
e13ff418-7e37-4460-9d18-450d200f5bdb,4821 6739 0000 3100,merchant_allocated,merch_  6,2026-07-28 06:48:05.660888+00,,,9c2a0db3-c7e6-4d04-8b65-6cb56ec6b9f7,2026-07-28 06:47:38.92065+00
e14a024e-b89f-4679-a30b-2633e0f43b31,2176 6567 3333 0027,unassigned,,,,,9c2a0db3-c7e6-4d04-8b65-6cb56ec6b9f7,2026-09-03 09:06:17.550685+00
e17c0fb8-0632-44bf-a787-c2ba21bd3cab,8783 5621 8877 0393,merchant_allocated,b64a2ee7-5fc4-434d-9b92-1fa730df2810,2026-09-09 05:29:06.233162+00,,,9c2a0db3-c7e6-4d04-8b65-6cb56ec6b9f7,2026-09-09 05:20:59.714662+00
e1cd90e6-9d8a-4b20-bb28-20f1ab74e159,4821 6739 0000 0900,merchant_allocated,merch_  6,2026-07-28 06:48:05.660888+00,,,9c2a0db3-c7e6-4d04-8b65-6cb56ec6b9f7,2026-07-28 06:47:38.92065+00
e1d99568-bb96-4968-9cde-a1ff7e251b8e,4555 8645 9367 0115,merchant_allocated,63c2aeec-7410-4c78-9a68-beb45b1c622c,2026-08-27 11:40:23.347781+00,,,9c2a0db3-c7e6-4d04-8b65-6cb56ec6b9f7,2026-08-27 11:34:13.556736+00
e1f0f68b-d7ad-473c-bdfa-921ec767ff73,4555 8645 9367 0306,merchant_allocated,63c2aeec-7410-4c78-9a68-beb45b1c622c,2026-08-27 11:40:23.347781+00,,,9c2a0db3-c7e6-4d04-8b65-6cb56ec6b9f7,2026-08-27 11:34:13.556736+00
e1f43194-73af-41f9-8799-0e5bbff0a6d7,2173 6567 3333 0215,merchant_allocated,c74f8bef-6fd7-40f2-a363-1daa167d0439,2026-09-03 09:31:57.289663+00,,,9c2a0db3-c7e6-4d04-8b65-6cb56ec6b9f7,2026-09-03 09:26:26.769933+00
e1f56922-12af-49de-b802-b4bde09d0046,8783 5621 8877 0304,member_linked,b64a2ee7-5fc4-434d-9b92-1fa730df2810,2026-09-09 05:29:06.233162+00,6be014a0-2ff9-4034-bdfd-f7540c37eec7,2026-09-24 12:44:19.22205+00,9c2a0db3-c7e6-4d04-8b65-6cb56ec6b9f7,2026-09-09 05:20:59.714662+00
e2113129-03f2-4e62-8e7d-7180ee95039e,4555 8645 9367 0303,merchant_allocated,63c2aeec-7410-4c78-9a68-beb45b1c622c,2026-08-27 11:40:23.347781+00,,,9c2a0db3-c7e6-4d04-8b65-6cb56ec6b9f7,2026-08-27 11:34:13.556736+00
e22285c0-f49f-4aa5-a991-17d2ba7a9508,2176 6567 3333 0354,unassigned,,,,,9c2a0db3-c7e6-4d04-8b65-6cb56ec6b9f7,2026-09-03 09:06:17.550685+00
e23bd27b-f3c7-40b2-91fe-a094286580c3,8783 5621 8877 0191,merchant_allocated,b64a2ee7-5fc4-434d-9b92-1fa730df2810,2026-09-09 05:29:06.233162+00,,,9c2a0db3-c7e6-4d04-8b65-6cb56ec6b9f7,2026-09-09 05:20:59.714662+00
e252d250-82c4-4743-b822-dcfaeefa5dea,8783 5621 8877 0194,merchant_allocated,b64a2ee7-5fc4-434d-9b92-1fa730df2810,2026-09-09 05:29:06.233162+00,,,9c2a0db3-c7e6-4d04-8b65-6cb56ec6b9f7,2026-09-09 05:20:59.714662+00
e27a2250-f758-4300-9a55-6cc8bc22eb63,7567 5342 8633 0044,merchant_allocated,4bf2fb6b-bdf3-49d3-ac1b-1e6e746c6643,2026-07-21 16:11:58.441179+00,,,9c2a0db3-c7e6-4d04-8b65-6cb56ec6b9f7,2026-07-21 16:10:31.33396+00
e299aeab-521a-4258-8fbe-cbb9c644938d,2176 6567 3333 0127,unassigned,,,,,9c2a0db3-c7e6-4d04-8b65-6cb56ec6b9f7,2026-09-03 09:06:17.550685+00
e29e2358-bc67-4384-9d68-f7958c7c7cd5,8783 5621 8877 0439,merchant_allocated,b64a2ee7-5fc4-434d-9b92-1fa730df2810,2026-09-09 05:29:06.233162+00,,,9c2a0db3-c7e6-4d04-8b65-6cb56ec6b9f7,2026-09-09 05:20:59.714662+00
e2a1707d-1754-476e-aa35-feeacc28dbab,8783 5621 8877 0461,merchant_allocated,b64a2ee7-5fc4-434d-9b92-1fa730df2810,2026-09-09 05:29:06.233162+00,,,9c2a0db3-c7e6-4d04-8b65-6cb56ec6b9f7,2026-09-09 05:20:59.714662+00
e2a1a01c-f377-4dea-9af7-21350700e3b2,8689 6453 5689 0053,merchant_allocated,bc3951f9-ff8c-436b-8322-e5dd6592ca4b,2026-09-05 05:47:39.366708+00,,,9c2a0db3-c7e6-4d04-8b65-6cb56ec6b9f7,2026-09-05 05:42:03.795053+00
e2b44b07-80aa-445e-9934-bf3e2ed195f3,2173 6567 3333 0459,merchant_allocated,c74f8bef-6fd7-40f2-a363-1daa167d0439,2026-09-03 09:31:57.289663+00,,,9c2a0db3-c7e6-4d04-8b65-6cb56ec6b9f7,2026-09-03 09:26:26.769933+00
e2c52bbe-bc19-4d00-8d7c-f726796f436e,8783 5621 8877 0027,merchant_allocated,b64a2ee7-5fc4-434d-9b92-1fa730df2810,2026-09-09 05:29:06.233162+00,,,9c2a0db3-c7e6-4d04-8b65-6cb56ec6b9f7,2026-09-09 05:20:59.714662+00
e2cb70b3-de5d-40b1-b151-b3cfb076ef80,2173 6567 3333 0320,merchant_allocated,c74f8bef-6fd7-40f2-a363-1daa167d0439,2026-09-03 09:31:57.289663+00,,,9c2a0db3-c7e6-4d04-8b65-6cb56ec6b9f7,2026-09-03 09:26:26.769933+00
e303cc29-be09-47ec-af6f-65185b9633a5,8667 7863 7616 0303,merchant_allocated,75eff299-f162-4427-8b08-04f404141ef9,2026-09-09 10:29:54.922115+00,,,9c2a0db3-c7e6-4d04-8b65-6cb56ec6b9f7,2026-09-09 10:16:46.810748+00
e35de53f-4122-455b-95da-34e2a9cc5f5f,8783 5621 8877 0423,merchant_allocated,b64a2ee7-5fc4-434d-9b92-1fa730df2810,2026-09-09 05:29:06.233162+00,,,9c2a0db3-c7e6-4d04-8b65-6cb56ec6b9f7,2026-09-09 05:20:59.714662+00
e360a41d-b8ee-4e23-9505-61207a33237b,8783 5621 8877 0070,merchant_allocated,b64a2ee7-5fc4-434d-9b92-1fa730df2810,2026-09-09 05:29:06.233162+00,,,9c2a0db3-c7e6-4d04-8b65-6cb56ec6b9f7,2026-09-09 05:20:59.714662+00
e365a03c-ac50-43c1-a067-7d0a2715403b,2176 6567 3333 0183,unassigned,,,,,9c2a0db3-c7e6-4d04-8b65-6cb56ec6b9f7,2026-09-03 09:06:17.550685+00
e369a3fa-557f-44cc-b2fb-53a53c906a2e,2176 6567 3333 0490,unassigned,,,,,9c2a0db3-c7e6-4d04-8b65-6cb56ec6b9f7,2026-09-03 09:06:17.550685+00
e37622f2-f848-4a44-b664-d52ee25d14eb,8689 6453 5689 0009,merchant_allocated,bc3951f9-ff8c-436b-8322-e5dd6592ca4b,2026-09-05 05:47:39.366708+00,,,9c2a0db3-c7e6-4d04-8b65-6cb56ec6b9f7,2026-09-05 05:42:03.795053+00
e39aeb8b-830a-4ef4-9d39-38c77ac442ca,2176 6567 3333 0452,unassigned,,,,,9c2a0db3-c7e6-4d04-8b65-6cb56ec6b9f7,2026-09-03 09:06:17.550685+00
e3bbb48c-8489-471e-977f-e1b89fe54e9a,4555 8645 9367 0341,merchant_allocated,63c2aeec-7410-4c78-9a68-beb45b1c622c,2026-08-27 11:40:23.347781+00,,,9c2a0db3-c7e6-4d04-8b65-6cb56ec6b9f7,2026-08-27 11:34:13.556736+00
e3be3abb-9a9b-4a3a-8d96-a96ced2c5005,4555 8645 9367 0219,merchant_allocated,63c2aeec-7410-4c78-9a68-beb45b1c622c,2026-08-27 11:40:23.347781+00,,,9c2a0db3-c7e6-4d04-8b65-6cb56ec6b9f7,2026-08-27 11:34:13.556736+00
e3d7f466-b2af-4eb3-a7b7-9bb951d68f7a,4555 8645 9367 0255,merchant_allocated,63c2aeec-7410-4c78-9a68-beb45b1c622c,2026-08-27 11:40:23.347781+00,,,9c2a0db3-c7e6-4d04-8b65-6cb56ec6b9f7,2026-08-27 11:34:13.556736+00
e3d817e7-f4c0-4bbd-a490-c7b91806a138,4555 8645 9367 0189,merchant_allocated,63c2aeec-7410-4c78-9a68-beb45b1c622c,2026-08-27 11:40:23.347781+00,,,9c2a0db3-c7e6-4d04-8b65-6cb56ec6b9f7,2026-08-27 11:34:13.556736+00
e4194a95-0854-422d-9b7e-4cbad652453d,2176 6567 3333 0165,unassigned,,,,,9c2a0db3-c7e6-4d04-8b65-6cb56ec6b9f7,2026-09-03 09:06:17.550685+00
e41b8714-ccd0-4289-9fd2-cde32491e813,2173 6567 3333 0222,merchant_allocated,c74f8bef-6fd7-40f2-a363-1daa167d0439,2026-09-03 09:31:57.289663+00,,,9c2a0db3-c7e6-4d04-8b65-6cb56ec6b9f7,2026-09-03 09:26:26.769933+00
e4455c77-46e7-404a-9ecf-77160a410a25,8667 7863 7616 0164,merchant_allocated,75eff299-f162-4427-8b08-04f404141ef9,2026-09-09 10:29:54.922115+00,,,9c2a0db3-c7e6-4d04-8b65-6cb56ec6b9f7,2026-09-09 10:16:46.810748+00
e471d460-6d28-4824-b30d-0948b2115e00,4555 8645 9367 0442,merchant_allocated,63c2aeec-7410-4c78-9a68-beb45b1c622c,2026-08-27 11:40:23.347781+00,,,9c2a0db3-c7e6-4d04-8b65-6cb56ec6b9f7,2026-08-27 11:34:13.556736+00
e4736a2a-b5f5-452d-98ed-6e78ffae6437,2173 6567 3333 0266,merchant_allocated,c74f8bef-6fd7-40f2-a363-1daa167d0439,2026-09-03 09:31:57.289663+00,,,9c2a0db3-c7e6-4d04-8b65-6cb56ec6b9f7,2026-09-03 09:26:26.769933+00
e47f20ba-275b-4cce-88e5-b4afbd410079,4555 8645 9367 0367,merchant_allocated,63c2aeec-7410-4c78-9a68-beb45b1c622c,2026-08-27 11:40:23.347781+00,,,9c2a0db3-c7e6-4d04-8b65-6cb56ec6b9f7,2026-08-27 11:34:13.556736+00
e48f4ec1-ee1c-4806-beb4-781601568fde,2173 6567 3333 0443,merchant_allocated,c74f8bef-6fd7-40f2-a363-1daa167d0439,2026-09-03 09:31:57.289663+00,,,9c2a0db3-c7e6-4d04-8b65-6cb56ec6b9f7,2026-09-03 09:26:26.769933+00
e4a05a59-f9f4-4ffa-87b8-6bce98b9f71b,2176 6567 3333 0254,unassigned,,,,,9c2a0db3-c7e6-4d04-8b65-6cb56ec6b9f7,2026-09-03 09:06:17.550685+00
e4cef483-ba39-4d89-b650-33d5487728c7,8783 5621 8877 0283,merchant_allocated,b64a2ee7-5fc4-434d-9b92-1fa730df2810,2026-09-09 05:29:06.233162+00,,,9c2a0db3-c7e6-4d04-8b65-6cb56ec6b9f7,2026-09-09 05:20:59.714662+00
e5073fe0-0dbc-44e3-b473-7e856a6d0347,2173 6567 3333 0130,merchant_allocated,c74f8bef-6fd7-40f2-a363-1daa167d0439,2026-09-03 09:31:57.289663+00,,,9c2a0db3-c7e6-4d04-8b65-6cb56ec6b9f7,2026-09-03 09:26:26.769933+00
e50d1544-59b4-4855-bfa7-ff780fec0e0a,2176 6567 3333 0293,unassigned,,,,,9c2a0db3-c7e6-4d04-8b65-6cb56ec6b9f7,2026-09-03 09:06:17.550685+00
e533347b-bba3-4e1c-8984-025563b3e21b,8783 5621 8877 0278,merchant_allocated,b64a2ee7-5fc4-434d-9b92-1fa730df2810,2026-09-09 05:29:06.233162+00,,,9c2a0db3-c7e6-4d04-8b65-6cb56ec6b9f7,2026-09-09 05:20:59.714662+00
e533f648-97cb-488c-82c0-23a391aad761,2173 6567 3333 0203,merchant_allocated,c74f8bef-6fd7-40f2-a363-1daa167d0439,2026-09-03 09:31:57.289663+00,,,9c2a0db3-c7e6-4d04-8b65-6cb56ec6b9f7,2026-09-03 09:26:26.769933+00
e54949f9-f378-47c0-9d63-4c43b4a840c1,2176 6567 3333 0488,unassigned,,,,,9c2a0db3-c7e6-4d04-8b65-6cb56ec6b9f7,2026-09-03 09:06:17.550685+00
e55399c6-11bb-485e-9db3-a68219a4af88,4555 8645 9367 0468,merchant_allocated,63c2aeec-7410-4c78-9a68-beb45b1c622c,2026-08-27 11:40:23.347781+00,,,9c2a0db3-c7e6-4d04-8b65-6cb56ec6b9f7,2026-08-27 11:34:13.556736+00
e55ce345-b578-45dd-9279-306fb397f606,2173 6567 3333 0492,merchant_allocated,c74f8bef-6fd7-40f2-a363-1daa167d0439,2026-09-03 09:31:57.289663+00,,,9c2a0db3-c7e6-4d04-8b65-6cb56ec6b9f7,2026-09-03 09:26:26.769933+00
e57308d3-b995-4078-9119-57cc0965240f,8667 7863 7616 0475,merchant_allocated,75eff299-f162-4427-8b08-04f404141ef9,2026-09-09 10:29:54.922115+00,,,9c2a0db3-c7e6-4d04-8b65-6cb56ec6b9f7,2026-09-09 10:16:46.810748+00
e596d08a-2347-48d8-a9bc-3fe868ae0d26,2173 6567 3333 0220,merchant_allocated,c74f8bef-6fd7-40f2-a363-1daa167d0439,2026-09-03 09:31:57.289663+00,,,9c2a0db3-c7e6-4d04-8b65-6cb56ec6b9f7,2026-09-03 09:26:26.769933+00
e59fb0e7-54e5-4f9f-a732-3f06737c1d69,8667 7863 7616 0038,merchant_allocated,75eff299-f162-4427-8b08-04f404141ef9,2026-09-09 10:29:54.922115+00,,,9c2a0db3-c7e6-4d04-8b65-6cb56ec6b9f7,2026-09-09 10:16:46.810748+00
e5a632b4-a0dc-4f3f-b9fa-6e0163649794,4555 8645 9367 0152,merchant_allocated,63c2aeec-7410-4c78-9a68-beb45b1c622c,2026-08-27 11:40:23.347781+00,,,9c2a0db3-c7e6-4d04-8b65-6cb56ec6b9f7,2026-08-27 11:34:13.556736+00
e5a8bc44-cf2e-45e4-ab05-6eb0065def8a,4821 6739 0000 2600,merchant_allocated,merch_  6,2026-07-28 06:48:05.660888+00,,,9c2a0db3-c7e6-4d04-8b65-6cb56ec6b9f7,2026-07-28 06:47:38.92065+00
e5c4e239-12ca-4de9-8272-db6d5f32be00,2176 6567 3333 0006,unassigned,,,,,9c2a0db3-c7e6-4d04-8b65-6cb56ec6b9f7,2026-09-03 09:06:17.550685+00
e5cf3e79-9f4f-40cd-9a72-3c81b7629d6e,2173 6567 3333 0490,merchant_allocated,c74f8bef-6fd7-40f2-a363-1daa167d0439,2026-09-03 09:31:57.289663+00,,,9c2a0db3-c7e6-4d04-8b65-6cb56ec6b9f7,2026-09-03 09:26:26.769933+00
e5dc8c14-90b5-40ae-a70b-4fb32417a211,8667 7863 7616 0344,merchant_allocated,75eff299-f162-4427-8b08-04f404141ef9,2026-09-09 10:29:54.922115+00,,,9c2a0db3-c7e6-4d04-8b65-6cb56ec6b9f7,2026-09-09 10:16:46.810748+00
e5f2cdc6-9929-43ae-82fd-6bd89b8111e1,8689 6453 5689 0086,merchant_allocated,bc3951f9-ff8c-436b-8322-e5dd6592ca4b,2026-09-05 05:47:39.366708+00,,,9c2a0db3-c7e6-4d04-8b65-6cb56ec6b9f7,2026-09-05 05:42:03.795053+00
e6079251-7b3c-40dc-ba28-ff92c57ac882,8667 7863 7616 0105,merchant_allocated,75eff299-f162-4427-8b08-04f404141ef9,2026-09-09 10:29:54.922115+00,,,9c2a0db3-c7e6-4d04-8b65-6cb56ec6b9f7,2026-09-09 10:16:46.810748+00
e63cd274-7cc4-4156-80ba-220b78767aaa,2176 6567 3333 0142,unassigned,,,,,9c2a0db3-c7e6-4d04-8b65-6cb56ec6b9f7,2026-09-03 09:06:17.550685+00
e63fab26-9228-4c10-809f-8ffe6fd42fb1,2173 6567 3333 0179,merchant_allocated,c74f8bef-6fd7-40f2-a363-1daa167d0439,2026-09-03 09:31:57.289663+00,,,9c2a0db3-c7e6-4d04-8b65-6cb56ec6b9f7,2026-09-03 09:26:26.769933+00
e64e1170-5103-4787-9157-8214be239808,2173 6567 3333 0254,merchant_allocated,c74f8bef-6fd7-40f2-a363-1daa167d0439,2026-09-03 09:31:57.289663+00,,,9c2a0db3-c7e6-4d04-8b65-6cb56ec6b9f7,2026-09-03 09:26:26.769933+00
e673ba45-afa0-49ff-a4d1-5a3f70addfad,8667 7863 7616 0212,merchant_allocated,75eff299-f162-4427-8b08-04f404141ef9,2026-09-09 10:29:54.922115+00,,,9c2a0db3-c7e6-4d04-8b65-6cb56ec6b9f7,2026-09-09 10:16:46.810748+00
e678eecb-9a41-480f-b314-8d17ba324427,2173 6567 3333 0276,merchant_allocated,c74f8bef-6fd7-40f2-a363-1daa167d0439,2026-09-03 09:31:57.289663+00,,,9c2a0db3-c7e6-4d04-8b65-6cb56ec6b9f7,2026-09-03 09:26:26.769933+00
e67997fc-133e-470b-ade7-d6272ecb8229,2176 6567 3333 0184,unassigned,,,,,9c2a0db3-c7e6-4d04-8b65-6cb56ec6b9f7,2026-09-03 09:06:17.550685+00
e68b8cbc-7262-4c77-a4f5-5ba07083ae3e,7567 5342 8633 0010,merchant_allocated,4bf2fb6b-bdf3-49d3-ac1b-1e6e746c6643,2026-07-21 16:11:58.441179+00,,,9c2a0db3-c7e6-4d04-8b65-6cb56ec6b9f7,2026-07-21 16:10:31.33396+00
e694984b-c72e-4cbf-bf54-6cf2a0e6bd4e,2176 6567 3333 0073,unassigned,,,,,9c2a0db3-c7e6-4d04-8b65-6cb56ec6b9f7,2026-09-03 09:06:17.550685+00
e6b365e1-4c82-4dbd-9272-05f1fd2826bf,8667 7863 7616 0241,merchant_allocated,75eff299-f162-4427-8b08-04f404141ef9,2026-09-09 10:29:54.922115+00,,,9c2a0db3-c7e6-4d04-8b65-6cb56ec6b9f7,2026-09-09 10:16:46.810748+00
e6b66113-a1fa-4574-aec1-1077a8f3c469,2173 6567 3333 0360,merchant_allocated,c74f8bef-6fd7-40f2-a363-1daa167d0439,2026-09-03 09:31:57.289663+00,,,9c2a0db3-c7e6-4d04-8b65-6cb56ec6b9f7,2026-09-03 09:26:26.769933+00
e6bfc96b-1c80-4b83-8cd6-36b3bd5f5e1d,8783 5621 8877 0078,merchant_allocated,b64a2ee7-5fc4-434d-9b92-1fa730df2810,2026-09-09 05:29:06.233162+00,,,9c2a0db3-c7e6-4d04-8b65-6cb56ec6b9f7,2026-09-09 05:20:59.714662+00
e6c9d816-4ab7-48cc-bf7c-5e2b9fddc39b,8783 5621 8877 0103,merchant_allocated,b64a2ee7-5fc4-434d-9b92-1fa730df2810,2026-09-09 05:29:06.233162+00,,,9c2a0db3-c7e6-4d04-8b65-6cb56ec6b9f7,2026-09-09 05:20:59.714662+00
e6ee64e1-9ae5-4128-b620-17dfe7a78235,8783 5621 8877 0308,merchant_allocated,b64a2ee7-5fc4-434d-9b92-1fa730df2810,2026-09-09 05:29:06.233162+00,,,9c2a0db3-c7e6-4d04-8b65-6cb56ec6b9f7,2026-09-09 05:20:59.714662+00
e708e3d8-067c-460f-b82d-113c1199bead,8689 6453 5689 0004,member_linked,bc3951f9-ff8c-436b-8322-e5dd6592ca4b,2026-09-05 05:47:39.366708+00,dbf585f9-4d67-4e05-b632-0b0ff60e0992,2026-09-17 14:30:11.276865+00,9c2a0db3-c7e6-4d04-8b65-6cb56ec6b9f7,2026-09-05 05:42:03.795053+00
e722796f-4bb7-4cd6-919a-daf7d3a71c73,8783 5621 8877 0031,merchant_allocated,b64a2ee7-5fc4-434d-9b92-1fa730df2810,2026-09-09 05:29:06.233162+00,,,9c2a0db3-c7e6-4d04-8b65-6cb56ec6b9f7,2026-09-09 05:20:59.714662+00
e73f50c2-e1c8-4320-8cd6-9d5ab3016104,2176 6567 3333 0140,unassigned,,,,,9c2a0db3-c7e6-4d04-8b65-6cb56ec6b9f7,2026-09-03 09:06:17.550685+00
e743230a-596c-4f0f-94bb-0fc5a046f4ef,4555 8645 9367 0471,merchant_allocated,63c2aeec-7410-4c78-9a68-beb45b1c622c,2026-08-27 11:40:23.347781+00,,,9c2a0db3-c7e6-4d04-8b65-6cb56ec6b9f7,2026-08-27 11:34:13.556736+00
e75569a4-ebca-48aa-985d-f49a273c915f,2173 6567 3333 0010,member_linked,c74f8bef-6fd7-40f2-a363-1daa167d0439,2026-09-03 09:31:57.289663+00,e20eb632-3a3f-451f-b939-efe6e41b7ab3,2026-09-22 11:01:27.702608+00,9c2a0db3-c7e6-4d04-8b65-6cb56ec6b9f7,2026-09-03 09:26:26.769933+00
e77d54f5-2923-4331-9080-68f888b648c6,2173 6567 3333 0484,merchant_allocated,c74f8bef-6fd7-40f2-a363-1daa167d0439,2026-09-03 09:31:57.289663+00,,,9c2a0db3-c7e6-4d04-8b65-6cb56ec6b9f7,2026-09-03 09:26:26.769933+00
e781d7d3-0f8e-4658-a278-b51312a7abfe,4555 8645 9367 0071,merchant_allocated,63c2aeec-7410-4c78-9a68-beb45b1c622c,2026-08-27 11:40:23.347781+00,,,9c2a0db3-c7e6-4d04-8b65-6cb56ec6b9f7,2026-08-27 11:34:13.556736+00
e787593b-a70e-4591-84d2-b56b7919d905,8667 7863 7616 0143,merchant_allocated,75eff299-f162-4427-8b08-04f404141ef9,2026-09-09 10:29:54.922115+00,,,9c2a0db3-c7e6-4d04-8b65-6cb56ec6b9f7,2026-09-09 10:16:46.810748+00
e796b72e-549a-453e-b470-a86f73d57962,2173 6567 3333 0001,member_linked,c74f8bef-6fd7-40f2-a363-1daa167d0439,2026-09-03 09:31:57.289663+00,2c7b5004-39f8-4574-8da9-0785df662e4a,2026-09-07 08:33:17.355783+00,9c2a0db3-c7e6-4d04-8b65-6cb56ec6b9f7,2026-09-03 09:26:26.769933+00
e7ab8b3e-a35f-4a3b-99d1-977b398a16b9,4555 8645 9367 0218,merchant_allocated,63c2aeec-7410-4c78-9a68-beb45b1c622c,2026-08-27 11:40:23.347781+00,,,9c2a0db3-c7e6-4d04-8b65-6cb56ec6b9f7,2026-08-27 11:34:13.556736+00
e7b18e8a-ac44-4da9-9c1a-76bc44dd5dd7,2176 6567 3333 0035,unassigned,,,,,9c2a0db3-c7e6-4d04-8b65-6cb56ec6b9f7,2026-09-03 09:06:17.550685+00
e7bce3d0-abc3-42ae-89ce-efef30bd271c,8783 5621 8877 0291,merchant_allocated,b64a2ee7-5fc4-434d-9b92-1fa730df2810,2026-09-09 05:29:06.233162+00,,,9c2a0db3-c7e6-4d04-8b65-6cb56ec6b9f7,2026-09-09 05:20:59.714662+00
e7c3cbe9-135a-48c4-8749-dda17193b492,7567 5342 8633 0084,merchant_allocated,4bf2fb6b-bdf3-49d3-ac1b-1e6e746c6643,2026-07-21 16:11:58.441179+00,,,9c2a0db3-c7e6-4d04-8b65-6cb56ec6b9f7,2026-07-21 16:10:31.33396+00
e7cfba5a-ad58-45cf-ac99-f2bd15a4d0d4,2173 6567 3333 0051,merchant_allocated,c74f8bef-6fd7-40f2-a363-1daa167d0439,2026-09-03 09:31:57.289663+00,,,9c2a0db3-c7e6-4d04-8b65-6cb56ec6b9f7,2026-09-03 09:26:26.769933+00
e7d8ec7d-caa8-4a21-bc0f-a67dea9a3540,4555 8645 9367 0236,merchant_allocated,63c2aeec-7410-4c78-9a68-beb45b1c622c,2026-08-27 11:40:23.347781+00,,,9c2a0db3-c7e6-4d04-8b65-6cb56ec6b9f7,2026-08-27 11:34:13.556736+00
e7df2b1e-dd33-4dc5-bb26-55cabe2fbfa8,8783 5621 8877 0017,merchant_allocated,b64a2ee7-5fc4-434d-9b92-1fa730df2810,2026-09-09 05:29:06.233162+00,,,9c2a0db3-c7e6-4d04-8b65-6cb56ec6b9f7,2026-09-09 05:20:59.714662+00
e7f59d0d-88ff-4350-a1bc-79d2fef754c7,8783 5621 8877 0454,merchant_allocated,b64a2ee7-5fc4-434d-9b92-1fa730df2810,2026-09-09 05:29:06.233162+00,,,9c2a0db3-c7e6-4d04-8b65-6cb56ec6b9f7,2026-09-09 05:20:59.714662+00
e81954a0-7638-4259-8b8b-089194ec98cd,2176 6567 3333 0313,unassigned,,,,,9c2a0db3-c7e6-4d04-8b65-6cb56ec6b9f7,2026-09-03 09:06:17.550685+00
e846049c-e9f6-45db-a1b4-850b93fdf476,4555 8645 9367 0220,merchant_allocated,63c2aeec-7410-4c78-9a68-beb45b1c622c,2026-08-27 11:40:23.347781+00,,,9c2a0db3-c7e6-4d04-8b65-6cb56ec6b9f7,2026-08-27 11:34:13.556736+00
e86641fd-375b-4112-882a-1c360a9584ee,2173 6567 3333 0281,merchant_allocated,c74f8bef-6fd7-40f2-a363-1daa167d0439,2026-09-03 09:31:57.289663+00,,,9c2a0db3-c7e6-4d04-8b65-6cb56ec6b9f7,2026-09-03 09:26:26.769933+00
e870d08f-7fb0-4141-8d14-3c75eb985305,2176 6567 3333 0167,unassigned,,,,,9c2a0db3-c7e6-4d04-8b65-6cb56ec6b9f7,2026-09-03 09:06:17.550685+00
e88ab705-857f-405a-9262-be1e43209d95,2173 6567 3333 0482,merchant_allocated,c74f8bef-6fd7-40f2-a363-1daa167d0439,2026-09-03 09:31:57.289663+00,,,9c2a0db3-c7e6-4d04-8b65-6cb56ec6b9f7,2026-09-03 09:26:26.769933+00
e8a8c98f-2f41-4f73-8256-4a5c087396cc,2176 6567 3333 0385,unassigned,,,,,9c2a0db3-c7e6-4d04-8b65-6cb56ec6b9f7,2026-09-03 09:06:17.550685+00
e8b6c914-4f1a-4943-baf0-8f745a9f16ab,8667 7863 7616 0278,merchant_allocated,75eff299-f162-4427-8b08-04f404141ef9,2026-09-09 10:29:54.922115+00,,,9c2a0db3-c7e6-4d04-8b65-6cb56ec6b9f7,2026-09-09 10:16:46.810748+00
e8d58c52-549e-46cf-82eb-7f9812eaa124,8667 7863 7616 0165,merchant_allocated,75eff299-f162-4427-8b08-04f404141ef9,2026-09-09 10:29:54.922115+00,,,9c2a0db3-c7e6-4d04-8b65-6cb56ec6b9f7,2026-09-09 10:16:46.810748+00
e8ef9ead-76a3-41b2-ab1c-97e085f74847,2176 6567 3333 0362,unassigned,,,,,9c2a0db3-c7e6-4d04-8b65-6cb56ec6b9f7,2026-09-03 09:06:17.550685+00
e903d295-051c-4650-91d9-6b0d4db26691,2173 6567 3333 0089,merchant_allocated,c74f8bef-6fd7-40f2-a363-1daa167d0439,2026-09-03 09:31:57.289663+00,,,9c2a0db3-c7e6-4d04-8b65-6cb56ec6b9f7,2026-09-03 09:26:26.769933+00
e92bf328-1423-4daa-8e95-9fdb4b39d7b7,4555 8645 9367 0149,merchant_allocated,63c2aeec-7410-4c78-9a68-beb45b1c622c,2026-08-27 11:40:23.347781+00,,,9c2a0db3-c7e6-4d04-8b65-6cb56ec6b9f7,2026-08-27 11:34:13.556736+00
e9413090-37ac-4d73-80e6-72d283c32bd1,8783 5621 8877 0337,merchant_allocated,b64a2ee7-5fc4-434d-9b92-1fa730df2810,2026-09-09 05:29:06.233162+00,,,9c2a0db3-c7e6-4d04-8b65-6cb56ec6b9f7,2026-09-09 05:20:59.714662+00
e942e66d-c55d-4da1-b964-ce67b032c9c3,8783 5621 8877 0367,merchant_allocated,b64a2ee7-5fc4-434d-9b92-1fa730df2810,2026-09-09 05:29:06.233162+00,,,9c2a0db3-c7e6-4d04-8b65-6cb56ec6b9f7,2026-09-09 05:20:59.714662+00
e94e121b-d569-42a3-804c-8146df9cfdaa,8667 7863 7616 0463,merchant_allocated,75eff299-f162-4427-8b08-04f404141ef9,2026-09-09 10:29:54.922115+00,,,9c2a0db3-c7e6-4d04-8b65-6cb56ec6b9f7,2026-09-09 10:16:46.810748+00
e9504847-7bc2-48b1-a282-f67a76a5cefe,8667 7863 7616 0103,merchant_allocated,75eff299-f162-4427-8b08-04f404141ef9,2026-09-09 10:29:54.922115+00,,,9c2a0db3-c7e6-4d04-8b65-6cb56ec6b9f7,2026-09-09 10:16:46.810748+00
e9517f25-1c43-4f1b-bf3d-0459b96aeccd,2173 6567 3333 0420,merchant_allocated,c74f8bef-6fd7-40f2-a363-1daa167d0439,2026-09-03 09:31:57.289663+00,,,9c2a0db3-c7e6-4d04-8b65-6cb56ec6b9f7,2026-09-03 09:26:26.769933+00
e9854418-546b-4c76-9ab6-94d8c485a049,8783 5621 8877 0467,merchant_allocated,b64a2ee7-5fc4-434d-9b92-1fa730df2810,2026-09-09 05:29:06.233162+00,,,9c2a0db3-c7e6-4d04-8b65-6cb56ec6b9f7,2026-09-09 05:20:59.714662+00
e99ba468-ebb5-4366-82e5-bae80b0c4928,4555 8645 9367 0330,merchant_allocated,63c2aeec-7410-4c78-9a68-beb45b1c622c,2026-08-27 11:40:23.347781+00,,,9c2a0db3-c7e6-4d04-8b65-6cb56ec6b9f7,2026-08-27 11:34:13.556736+00
e9c2a428-7df2-458b-ae8d-b0c4d6b92691,2176 6567 3333 0273,unassigned,,,,,9c2a0db3-c7e6-4d04-8b65-6cb56ec6b9f7,2026-09-03 09:06:17.550685+00
e9e1db8b-4f53-4cc2-a2bb-45bb62394597,8667 7863 7616 0111,merchant_allocated,75eff299-f162-4427-8b08-04f404141ef9,2026-09-09 10:29:54.922115+00,,,9c2a0db3-c7e6-4d04-8b65-6cb56ec6b9f7,2026-09-09 10:16:46.810748+00
e9fba7e2-990f-4cbb-976d-fb302460e967,4555 8645 9367 0171,merchant_allocated,63c2aeec-7410-4c78-9a68-beb45b1c622c,2026-08-27 11:40:23.347781+00,,,9c2a0db3-c7e6-4d04-8b65-6cb56ec6b9f7,2026-08-27 11:34:13.556736+00
ea30d5f9-b05b-4dea-bb18-91c645e04847,4555 8645 9367 0484,merchant_allocated,63c2aeec-7410-4c78-9a68-beb45b1c622c,2026-08-27 11:40:23.347781+00,,,9c2a0db3-c7e6-4d04-8b65-6cb56ec6b9f7,2026-08-27 11:34:13.556736+00
ea78e25e-11c4-4200-bbf1-478750d2dcb0,8667 7863 7616 0078,merchant_allocated,75eff299-f162-4427-8b08-04f404141ef9,2026-09-09 10:29:54.922115+00,,,9c2a0db3-c7e6-4d04-8b65-6cb56ec6b9f7,2026-09-09 10:16:46.810748+00
ea7a21b6-adfa-4108-a199-9af2f42ef4c6,8667 7863 7616 0360,merchant_allocated,75eff299-f162-4427-8b08-04f404141ef9,2026-09-09 10:29:54.922115+00,,,9c2a0db3-c7e6-4d04-8b65-6cb56ec6b9f7,2026-09-09 10:16:46.810748+00
ea7b6dc8-b8dd-48fe-a916-cac60dae2d33,8783 5621 8877 0359,merchant_allocated,b64a2ee7-5fc4-434d-9b92-1fa730df2810,2026-09-09 05:29:06.233162+00,,,9c2a0db3-c7e6-4d04-8b65-6cb56ec6b9f7,2026-09-09 05:20:59.714662+00
ea7d45da-98c6-4c03-b977-bee32c505b45,8783 5621 8877 0101,member_linked,b64a2ee7-5fc4-434d-9b92-1fa730df2810,2026-09-09 05:29:06.233162+00,73e3a972-bf6b-49be-abff-a19f577a3e61,2026-09-13 12:48:18.171518+00,9c2a0db3-c7e6-4d04-8b65-6cb56ec6b9f7,2026-09-09 05:20:59.714662+00
ea9169b2-ed3e-4cd8-957d-51837ceb22f3,2176 6567 3333 0237,unassigned,,,,,9c2a0db3-c7e6-4d04-8b65-6cb56ec6b9f7,2026-09-03 09:06:17.550685+00
eaa341ba-0f73-4267-8a7b-9ee8e65b9233,8667 7863 7616 0171,merchant_allocated,75eff299-f162-4427-8b08-04f404141ef9,2026-09-09 10:29:54.922115+00,,,9c2a0db3-c7e6-4d04-8b65-6cb56ec6b9f7,2026-09-09 10:16:46.810748+00
eaafeb59-9ca2-484b-931c-371de6ea2c92,4555 8645 9367 0174,merchant_allocated,63c2aeec-7410-4c78-9a68-beb45b1c622c,2026-08-27 11:40:23.347781+00,,,9c2a0db3-c7e6-4d04-8b65-6cb56ec6b9f7,2026-08-27 11:34:13.556736+00
eab608fe-93f6-44f0-9c37-719ac53d008e,4821 4444 0000 0800,merchant_allocated,merch_  7,2026-08-03 17:46:28.931088+00,,,9c2a0db3-c7e6-4d04-8b65-6cb56ec6b9f7,2026-08-03 17:45:59.017505+00
eacad4c8-7ca9-4800-a729-f4f5389704e4,8783 5621 8877 0343,merchant_allocated,b64a2ee7-5fc4-434d-9b92-1fa730df2810,2026-09-09 05:29:06.233162+00,,,9c2a0db3-c7e6-4d04-8b65-6cb56ec6b9f7,2026-09-09 05:20:59.714662+00
ead00a8e-5114-4d71-b2e1-28ea0f380864,4555 8645 9367 0215,merchant_allocated,63c2aeec-7410-4c78-9a68-beb45b1c622c,2026-08-27 11:40:23.347781+00,,,9c2a0db3-c7e6-4d04-8b65-6cb56ec6b9f7,2026-08-27 11:34:13.556736+00
eb046ba8-49fa-4a6c-be6f-cb768e27709b,8783 5621 8877 0178,merchant_allocated,b64a2ee7-5fc4-434d-9b92-1fa730df2810,2026-09-09 05:29:06.233162+00,,,9c2a0db3-c7e6-4d04-8b65-6cb56ec6b9f7,2026-09-09 05:20:59.714662+00
eb0d51c1-e5ec-4a02-88d8-4f90f18f7b46,8783 5621 8877 0407,merchant_allocated,b64a2ee7-5fc4-434d-9b92-1fa730df2810,2026-09-09 05:29:06.233162+00,,,9c2a0db3-c7e6-4d04-8b65-6cb56ec6b9f7,2026-09-09 05:20:59.714662+00
eb13a971-1ecd-4d05-b042-3f33688b830b,4555 8645 9367 0396,merchant_allocated,63c2aeec-7410-4c78-9a68-beb45b1c622c,2026-08-27 11:40:23.347781+00,,,9c2a0db3-c7e6-4d04-8b65-6cb56ec6b9f7,2026-08-27 11:34:13.556736+00
eb3319a4-67cc-4689-b3f3-69ad3c97fe44,8783 5621 8877 0208,merchant_allocated,b64a2ee7-5fc4-434d-9b92-1fa730df2810,2026-09-09 05:29:06.233162+00,,,9c2a0db3-c7e6-4d04-8b65-6cb56ec6b9f7,2026-09-09 05:20:59.714662+00
eb6cbab9-16b4-424f-b460-2bb2923a907f,8667 7863 7616 0403,merchant_allocated,75eff299-f162-4427-8b08-04f404141ef9,2026-09-09 10:29:54.922115+00,,,9c2a0db3-c7e6-4d04-8b65-6cb56ec6b9f7,2026-09-09 10:16:46.810748+00
eb896ac2-88d7-4bca-8485-61b4456f0475,2173 6567 3333 0055,merchant_allocated,c74f8bef-6fd7-40f2-a363-1daa167d0439,2026-09-03 09:31:57.289663+00,,,9c2a0db3-c7e6-4d04-8b65-6cb56ec6b9f7,2026-09-03 09:26:26.769933+00
eb992a5a-a913-4750-afcd-f6b8538e6ee8,4555 8645 9367 0462,merchant_allocated,63c2aeec-7410-4c78-9a68-beb45b1c622c,2026-08-27 11:40:23.347781+00,,,9c2a0db3-c7e6-4d04-8b65-6cb56ec6b9f7,2026-08-27 11:34:13.556736+00
ebdae8f0-79c8-43ce-9f1b-f847b8ad353d,8783 5621 8877 0441,merchant_allocated,b64a2ee7-5fc4-434d-9b92-1fa730df2810,2026-09-09 05:29:06.233162+00,,,9c2a0db3-c7e6-4d04-8b65-6cb56ec6b9f7,2026-09-09 05:20:59.714662+00
ebe347bd-155d-459c-ad5c-20797b5b8022,2176 6567 3333 0185,unassigned,,,,,9c2a0db3-c7e6-4d04-8b65-6cb56ec6b9f7,2026-09-03 09:06:17.550685+00
ec0630d3-50c2-4e1b-ae6a-2996a0148f0d,4555 8645 9367 0029,merchant_allocated,63c2aeec-7410-4c78-9a68-beb45b1c622c,2026-08-27 11:40:23.347781+00,,,9c2a0db3-c7e6-4d04-8b65-6cb56ec6b9f7,2026-08-27 11:34:13.556736+00
ec0d4efe-333a-430e-aa24-88d20f089c32,8667 7863 7616 0347,merchant_allocated,75eff299-f162-4427-8b08-04f404141ef9,2026-09-09 10:29:54.922115+00,,,9c2a0db3-c7e6-4d04-8b65-6cb56ec6b9f7,2026-09-09 10:16:46.810748+00
ec51c2af-e065-4055-8498-f6ee13724f5a,8667 7863 7616 0492,merchant_allocated,75eff299-f162-4427-8b08-04f404141ef9,2026-09-09 10:29:54.922115+00,,,9c2a0db3-c7e6-4d04-8b65-6cb56ec6b9f7,2026-09-09 10:16:46.810748+00
ec53c6c4-666d-4e79-a2c1-8c09bb0a9cec,8783 5621 8877 0413,merchant_allocated,b64a2ee7-5fc4-434d-9b92-1fa730df2810,2026-09-09 05:29:06.233162+00,,,9c2a0db3-c7e6-4d04-8b65-6cb56ec6b9f7,2026-09-09 05:20:59.714662+00
ec78651b-fee7-429f-9d9e-d142932abd53,2176 6567 3333 0330,unassigned,,,,,9c2a0db3-c7e6-4d04-8b65-6cb56ec6b9f7,2026-09-03 09:06:17.550685+00
ec7c93ab-d72c-443d-a7cb-b418c8958d28,4821 4444 0000 4200,merchant_allocated,merch_  7,2026-08-03 17:46:28.931088+00,,,9c2a0db3-c7e6-4d04-8b65-6cb56ec6b9f7,2026-08-03 17:45:59.017505+00
ec8c9169-9631-4b2f-990d-cd764ceeb70c,4555 8645 9367 0014,merchant_allocated,63c2aeec-7410-4c78-9a68-beb45b1c622c,2026-08-27 11:40:23.347781+00,,,9c2a0db3-c7e6-4d04-8b65-6cb56ec6b9f7,2026-08-27 11:34:13.556736+00
ecbf4c27-0c52-4214-8bf1-ed8768e2473c,8667 7863 7616 0372,merchant_allocated,75eff299-f162-4427-8b08-04f404141ef9,2026-09-09 10:29:54.922115+00,,,9c2a0db3-c7e6-4d04-8b65-6cb56ec6b9f7,2026-09-09 10:16:46.810748+00
ecc08b2b-7689-41a9-b84c-4678d67d2ef2,4555 8645 9367 0469,merchant_allocated,63c2aeec-7410-4c78-9a68-beb45b1c622c,2026-08-27 11:40:23.347781+00,,,9c2a0db3-c7e6-4d04-8b65-6cb56ec6b9f7,2026-08-27 11:34:13.556736+00
eccef979-8b2c-444c-b777-80cecd75fb16,8783 5621 8877 0364,merchant_allocated,b64a2ee7-5fc4-434d-9b92-1fa730df2810,2026-09-09 05:29:06.233162+00,,,9c2a0db3-c7e6-4d04-8b65-6cb56ec6b9f7,2026-09-09 05:20:59.714662+00
ecd5ec3d-eb80-4a6d-9aad-450bbab95b13,8783 5621 8877 0205,merchant_allocated,b64a2ee7-5fc4-434d-9b92-1fa730df2810,2026-09-09 05:29:06.233162+00,,,9c2a0db3-c7e6-4d04-8b65-6cb56ec6b9f7,2026-09-09 05:20:59.714662+00
ecdc4fa0-b552-4015-8079-7f3dd99be473,2173 6567 3333 0132,merchant_allocated,c74f8bef-6fd7-40f2-a363-1daa167d0439,2026-09-03 09:31:57.289663+00,,,9c2a0db3-c7e6-4d04-8b65-6cb56ec6b9f7,2026-09-03 09:26:26.769933+00
ecdc5c89-4906-4cf7-b2ae-5096b1136a9d,8783 5621 8877 0494,merchant_allocated,b64a2ee7-5fc4-434d-9b92-1fa730df2810,2026-09-09 05:29:06.233162+00,,,9c2a0db3-c7e6-4d04-8b65-6cb56ec6b9f7,2026-09-09 05:20:59.714662+00
ecf43bbc-09cc-458d-b1d8-4be682baa909,2173 6567 3333 0331,merchant_allocated,c74f8bef-6fd7-40f2-a363-1daa167d0439,2026-09-03 09:31:57.289663+00,,,9c2a0db3-c7e6-4d04-8b65-6cb56ec6b9f7,2026-09-03 09:26:26.769933+00
ed3f121c-2496-4fd8-a3f3-5052c35ce9a4,4555 8645 9367 0017,merchant_allocated,63c2aeec-7410-4c78-9a68-beb45b1c622c,2026-08-27 11:40:23.347781+00,,,9c2a0db3-c7e6-4d04-8b65-6cb56ec6b9f7,2026-08-27 11:34:13.556736+00
ed4d2567-083f-4604-abea-29abd6a5f8d1,8783 5621 8877 0059,merchant_allocated,b64a2ee7-5fc4-434d-9b92-1fa730df2810,2026-09-09 05:29:06.233162+00,,,9c2a0db3-c7e6-4d04-8b65-6cb56ec6b9f7,2026-09-09 05:20:59.714662+00
ed5e3479-ba4f-402f-8b97-ef4df83d3d8e,2173 6567 3333 0104,merchant_allocated,c74f8bef-6fd7-40f2-a363-1daa167d0439,2026-09-03 09:31:57.289663+00,,,9c2a0db3-c7e6-4d04-8b65-6cb56ec6b9f7,2026-09-03 09:26:26.769933+00
ed6bd3dc-0a71-44b3-af5e-3c6ab5b5c227,8689 6453 5689 0017,merchant_allocated,bc3951f9-ff8c-436b-8322-e5dd6592ca4b,2026-09-05 05:47:39.366708+00,,,9c2a0db3-c7e6-4d04-8b65-6cb56ec6b9f7,2026-09-05 05:42:03.795053+00
ed6d8254-8ff3-4b49-ae3e-1e208fb75803,2176 6567 3333 0061,unassigned,,,,,9c2a0db3-c7e6-4d04-8b65-6cb56ec6b9f7,2026-09-03 09:06:17.550685+00
ed92b5b3-749e-461d-b53f-a33b004f9ca1,4555 8645 9367 0091,merchant_allocated,63c2aeec-7410-4c78-9a68-beb45b1c622c,2026-08-27 11:40:23.347781+00,,,9c2a0db3-c7e6-4d04-8b65-6cb56ec6b9f7,2026-08-27 11:34:13.556736+00
ed9dc298-87f2-4699-a805-3946ac8643b5,2176 6567 3333 0223,unassigned,,,,,9c2a0db3-c7e6-4d04-8b65-6cb56ec6b9f7,2026-09-03 09:06:17.550685+00
edad4dee-2ceb-4f6c-8473-4493ede5581b,8667 7863 7616 0008,member_linked,75eff299-f162-4427-8b08-04f404141ef9,2026-09-09 10:29:54.922115+00,5b85512e-ffc9-4b9a-9690-7f0752f41560,2026-09-26 12:05:20.485792+00,9c2a0db3-c7e6-4d04-8b65-6cb56ec6b9f7,2026-09-09 10:16:46.810748+00
edeb87cc-bb18-4b38-adcf-f2c9669b7a3a,8667 7863 7616 0478,merchant_allocated,75eff299-f162-4427-8b08-04f404141ef9,2026-09-09 10:29:54.922115+00,,,9c2a0db3-c7e6-4d04-8b65-6cb56ec6b9f7,2026-09-09 10:16:46.810748+00
edf97da4-994f-42bf-b6cc-f4c74d65b8f7,8783 5621 8877 0175,merchant_allocated,b64a2ee7-5fc4-434d-9b92-1fa730df2810,2026-09-09 05:29:06.233162+00,,,9c2a0db3-c7e6-4d04-8b65-6cb56ec6b9f7,2026-09-09 05:20:59.714662+00
ee23327c-9714-4ded-b7e7-d32e82306404,2173 6567 3333 0401,merchant_allocated,c74f8bef-6fd7-40f2-a363-1daa167d0439,2026-09-03 09:31:57.289663+00,,,9c2a0db3-c7e6-4d04-8b65-6cb56ec6b9f7,2026-09-03 09:26:26.769933+00
ee303784-b41a-4a10-986e-ee23cc7eec85,2173 6567 3333 0077,merchant_allocated,c74f8bef-6fd7-40f2-a363-1daa167d0439,2026-09-03 09:31:57.289663+00,,,9c2a0db3-c7e6-4d04-8b65-6cb56ec6b9f7,2026-09-03 09:26:26.769933+00
ee30e6a3-43f9-49e5-b388-7a1864580cec,4555 8645 9367 0344,merchant_allocated,63c2aeec-7410-4c78-9a68-beb45b1c622c,2026-08-27 11:40:23.347781+00,,,9c2a0db3-c7e6-4d04-8b65-6cb56ec6b9f7,2026-08-27 11:34:13.556736+00
ee76d94c-799f-4547-b032-e83f0cd843cb,2176 6567 3333 0044,unassigned,,,,,9c2a0db3-c7e6-4d04-8b65-6cb56ec6b9f7,2026-09-03 09:06:17.550685+00
ee8fe8f2-461c-4683-9b7a-7048c0cd248c,8667 7863 7616 0421,merchant_allocated,75eff299-f162-4427-8b08-04f404141ef9,2026-09-09 10:29:54.922115+00,,,9c2a0db3-c7e6-4d04-8b65-6cb56ec6b9f7,2026-09-09 10:16:46.810748+00
ee9f2c1a-d247-439e-af68-653bedf76488,8667 7863 7616 0018,merchant_allocated,75eff299-f162-4427-8b08-04f404141ef9,2026-09-09 10:29:54.922115+00,,,9c2a0db3-c7e6-4d04-8b65-6cb56ec6b9f7,2026-09-09 10:16:46.810748+00
eeb1acde-2fc6-4da5-a065-4eeaf28f7b44,2176 6567 3333 0202,unassigned,,,,,9c2a0db3-c7e6-4d04-8b65-6cb56ec6b9f7,2026-09-03 09:06:17.550685+00
eeb5582d-f52d-48cf-b7b6-87d56ab7a334,8783 5621 8877 0322,merchant_allocated,b64a2ee7-5fc4-434d-9b92-1fa730df2810,2026-09-09 05:29:06.233162+00,,,9c2a0db3-c7e6-4d04-8b65-6cb56ec6b9f7,2026-09-09 05:20:59.714662+00
eeb5ec68-38c6-48dd-893b-f5aaed384ce2,2173 6567 3333 0363,merchant_allocated,c74f8bef-6fd7-40f2-a363-1daa167d0439,2026-09-03 09:31:57.289663+00,,,9c2a0db3-c7e6-4d04-8b65-6cb56ec6b9f7,2026-09-03 09:26:26.769933+00
eec1a3ba-df1f-4743-9c99-609a09ed4e91,2176 6567 3333 0396,unassigned,,,,,9c2a0db3-c7e6-4d04-8b65-6cb56ec6b9f7,2026-09-03 09:06:17.550685+00
ef14a48a-c870-40ad-8bd8-d1ab125c93b0,2173 6567 3333 0125,merchant_allocated,c74f8bef-6fd7-40f2-a363-1daa167d0439,2026-09-03 09:31:57.289663+00,,,9c2a0db3-c7e6-4d04-8b65-6cb56ec6b9f7,2026-09-03 09:26:26.769933+00
ef268d51-17f1-41f1-9350-56b82214ef76,4555 8645 9367 0175,merchant_allocated,63c2aeec-7410-4c78-9a68-beb45b1c622c,2026-08-27 11:40:23.347781+00,,,9c2a0db3-c7e6-4d04-8b65-6cb56ec6b9f7,2026-08-27 11:34:13.556736+00
ef6e466e-f31d-4933-8ec6-6376db2bcc04,2173 6567 3333 0309,merchant_allocated,c74f8bef-6fd7-40f2-a363-1daa167d0439,2026-09-03 09:31:57.289663+00,,,9c2a0db3-c7e6-4d04-8b65-6cb56ec6b9f7,2026-09-03 09:26:26.769933+00
ef767c28-8e74-4c3c-bb3a-e53a68e20f17,8667 7863 7616 0336,merchant_allocated,75eff299-f162-4427-8b08-04f404141ef9,2026-09-09 10:29:54.922115+00,,,9c2a0db3-c7e6-4d04-8b65-6cb56ec6b9f7,2026-09-09 10:16:46.810748+00
ef879c62-372b-47d4-b56a-39b5a1845813,8667 7863 7616 0185,merchant_allocated,75eff299-f162-4427-8b08-04f404141ef9,2026-09-09 10:29:54.922115+00,,,9c2a0db3-c7e6-4d04-8b65-6cb56ec6b9f7,2026-09-09 10:16:46.810748+00
efb09d20-5610-494d-8f36-c7a76cd09c5a,8667 7863 7616 0438,merchant_allocated,75eff299-f162-4427-8b08-04f404141ef9,2026-09-09 10:29:54.922115+00,,,9c2a0db3-c7e6-4d04-8b65-6cb56ec6b9f7,2026-09-09 10:16:46.810748+00
efc6ab26-72a5-4b1d-ab02-b753f5a0080c,8783 5621 8877 0236,merchant_allocated,b64a2ee7-5fc4-434d-9b92-1fa730df2810,2026-09-09 05:29:06.233162+00,,,9c2a0db3-c7e6-4d04-8b65-6cb56ec6b9f7,2026-09-09 05:20:59.714662+00
f0191e70-64ae-4ba9-9bbb-b0ebcaf2cb0c,8783 5621 8877 0353,merchant_allocated,b64a2ee7-5fc4-434d-9b92-1fa730df2810,2026-09-09 05:29:06.233162+00,,,9c2a0db3-c7e6-4d04-8b65-6cb56ec6b9f7,2026-09-09 05:20:59.714662+00
f030ef23-6a9b-4ccf-b686-5906b32ad13b,2176 6567 3333 0211,unassigned,,,,,9c2a0db3-c7e6-4d04-8b65-6cb56ec6b9f7,2026-09-03 09:06:17.550685+00
f04ada09-b196-4ca3-8111-7a48e9752080,8667 7863 7616 0477,merchant_allocated,75eff299-f162-4427-8b08-04f404141ef9,2026-09-09 10:29:54.922115+00,,,9c2a0db3-c7e6-4d04-8b65-6cb56ec6b9f7,2026-09-09 10:16:46.810748+00
f0588928-fbc0-4194-a01d-7c715fce4e13,4821 6739 0000 4900,merchant_allocated,merch_  6,2026-07-28 06:48:05.660888+00,,,9c2a0db3-c7e6-4d04-8b65-6cb56ec6b9f7,2026-07-28 06:47:38.92065+00
f07187e3-1c17-4b71-8572-3bd5bdf23db4,8667 7863 7616 0100,merchant_allocated,75eff299-f162-4427-8b08-04f404141ef9,2026-09-09 10:29:54.922115+00,,,9c2a0db3-c7e6-4d04-8b65-6cb56ec6b9f7,2026-09-09 10:16:46.810748+00
f07689aa-cc50-4d17-a1d8-7fbdbaf54442,2173 6567 3333 0238,merchant_allocated,c74f8bef-6fd7-40f2-a363-1daa167d0439,2026-09-03 09:31:57.289663+00,,,9c2a0db3-c7e6-4d04-8b65-6cb56ec6b9f7,2026-09-03 09:26:26.769933+00
f0789c9b-0ba0-4a98-92b4-5ccf51592d4c,8783 5621 8877 0281,merchant_allocated,b64a2ee7-5fc4-434d-9b92-1fa730df2810,2026-09-09 05:29:06.233162+00,,,9c2a0db3-c7e6-4d04-8b65-6cb56ec6b9f7,2026-09-09 05:20:59.714662+00
f08aa253-e247-4573-8fe5-9c9abe89e7f3,8667 7863 7616 0032,merchant_allocated,75eff299-f162-4427-8b08-04f404141ef9,2026-09-09 10:29:54.922115+00,,,9c2a0db3-c7e6-4d04-8b65-6cb56ec6b9f7,2026-09-09 10:16:46.810748+00
f08eec89-68dd-428a-a958-ad121df90978,4555 8645 9367 0248,merchant_allocated,63c2aeec-7410-4c78-9a68-beb45b1c622c,2026-08-27 11:40:23.347781+00,,,9c2a0db3-c7e6-4d04-8b65-6cb56ec6b9f7,2026-08-27 11:34:13.556736+00
f099488e-f3cb-4d62-8cd6-e6cfbda7f68a,8783 5621 8877 0139,merchant_allocated,b64a2ee7-5fc4-434d-9b92-1fa730df2810,2026-09-09 05:29:06.233162+00,,,9c2a0db3-c7e6-4d04-8b65-6cb56ec6b9f7,2026-09-09 05:20:59.714662+00
f0a91fef-42e8-455b-8c2c-1c3a7a45260b,2173 6567 3333 0090,merchant_allocated,c74f8bef-6fd7-40f2-a363-1daa167d0439,2026-09-03 09:31:57.289663+00,,,9c2a0db3-c7e6-4d04-8b65-6cb56ec6b9f7,2026-09-03 09:26:26.769933+00
f0ce71ef-279b-42c3-aca3-0405e4ecedad,8783 5621 8877 0241,merchant_allocated,b64a2ee7-5fc4-434d-9b92-1fa730df2810,2026-09-09 05:29:06.233162+00,,,9c2a0db3-c7e6-4d04-8b65-6cb56ec6b9f7,2026-09-09 05:20:59.714662+00
f0e8a2d1-8b1b-4f90-ab72-5ea5fd2aa48e,2173 6567 3333 0169,merchant_allocated,c74f8bef-6fd7-40f2-a363-1daa167d0439,2026-09-03 09:31:57.289663+00,,,9c2a0db3-c7e6-4d04-8b65-6cb56ec6b9f7,2026-09-03 09:26:26.769933+00
f0ea27f7-27d5-409e-bc05-2c7aa5e759fe,8783 5621 8877 0360,merchant_allocated,b64a2ee7-5fc4-434d-9b92-1fa730df2810,2026-09-09 05:29:06.233162+00,,,9c2a0db3-c7e6-4d04-8b65-6cb56ec6b9f7,2026-09-09 05:20:59.714662+00
f113d7df-657f-474d-aba4-efe1a3d88495,8667 7863 7616 0474,merchant_allocated,75eff299-f162-4427-8b08-04f404141ef9,2026-09-09 10:29:54.922115+00,,,9c2a0db3-c7e6-4d04-8b65-6cb56ec6b9f7,2026-09-09 10:16:46.810748+00
f1219cf7-2e32-4050-86aa-94d92eca6d9c,8783 5621 8877 0100,merchant_allocated,b64a2ee7-5fc4-434d-9b92-1fa730df2810,2026-09-09 05:29:06.233162+00,,,9c2a0db3-c7e6-4d04-8b65-6cb56ec6b9f7,2026-09-09 05:20:59.714662+00
f12e73ae-853f-42ed-aeb2-f71e507f4cc9,8783 5621 8877 0061,merchant_allocated,b64a2ee7-5fc4-434d-9b92-1fa730df2810,2026-09-09 05:29:06.233162+00,,,9c2a0db3-c7e6-4d04-8b65-6cb56ec6b9f7,2026-09-09 05:20:59.714662+00
f14a2dbf-7d92-4aeb-8bd8-04c762b00a00,8689 6453 5689 0058,merchant_allocated,bc3951f9-ff8c-436b-8322-e5dd6592ca4b,2026-09-05 05:47:39.366708+00,,,9c2a0db3-c7e6-4d04-8b65-6cb56ec6b9f7,2026-09-05 05:42:03.795053+00
f1631098-5835-497a-87c1-c71d496c1d84,8783 5621 8877 0363,merchant_allocated,b64a2ee7-5fc4-434d-9b92-1fa730df2810,2026-09-09 05:29:06.233162+00,,,9c2a0db3-c7e6-4d04-8b65-6cb56ec6b9f7,2026-09-09 05:20:59.714662+00
f16cb3be-f053-4a96-8dbd-f387150c5bd5,8667 7863 7616 0170,merchant_allocated,75eff299-f162-4427-8b08-04f404141ef9,2026-09-09 10:29:54.922115+00,,,9c2a0db3-c7e6-4d04-8b65-6cb56ec6b9f7,2026-09-09 10:16:46.810748+00
f17ed94b-938a-4f9c-a4b3-bb22bde7aef0,2173 6567 3333 0194,merchant_allocated,c74f8bef-6fd7-40f2-a363-1daa167d0439,2026-09-03 09:31:57.289663+00,,,9c2a0db3-c7e6-4d04-8b65-6cb56ec6b9f7,2026-09-03 09:26:26.769933+00
f1ad47ec-0977-4612-8b28-9e1f83ad034b,4821 6739 0000 1300,merchant_allocated,merch_  6,2026-07-28 06:48:05.660888+00,,,9c2a0db3-c7e6-4d04-8b65-6cb56ec6b9f7,2026-07-28 06:47:38.92065+00
f2155b3a-80f1-4d74-99b1-f4735b7e89c9,2173 6567 3333 0064,merchant_allocated,c74f8bef-6fd7-40f2-a363-1daa167d0439,2026-09-03 09:31:57.289663+00,,,9c2a0db3-c7e6-4d04-8b65-6cb56ec6b9f7,2026-09-03 09:26:26.769933+00
f25f5341-d769-47f5-9e86-503f99fbde52,8667 7863 7616 0365,merchant_allocated,75eff299-f162-4427-8b08-04f404141ef9,2026-09-09 10:29:54.922115+00,,,9c2a0db3-c7e6-4d04-8b65-6cb56ec6b9f7,2026-09-09 10:16:46.810748+00
f27914a5-a8a8-437f-b6a9-11dd0cd2245a,4555 8645 9367 0359,merchant_allocated,63c2aeec-7410-4c78-9a68-beb45b1c622c,2026-08-27 11:40:23.347781+00,,,9c2a0db3-c7e6-4d04-8b65-6cb56ec6b9f7,2026-08-27 11:34:13.556736+00
f27a38cc-1603-4933-906a-eae077312642,2173 6567 3333 0062,merchant_allocated,c74f8bef-6fd7-40f2-a363-1daa167d0439,2026-09-03 09:31:57.289663+00,,,9c2a0db3-c7e6-4d04-8b65-6cb56ec6b9f7,2026-09-03 09:26:26.769933+00
f286e542-d523-4c3b-a3fd-a2addc8274e8,8783 5621 8877 0427,merchant_allocated,b64a2ee7-5fc4-434d-9b92-1fa730df2810,2026-09-09 05:29:06.233162+00,,,9c2a0db3-c7e6-4d04-8b65-6cb56ec6b9f7,2026-09-09 05:20:59.714662+00
f2a23389-9935-4583-9de4-a079b29e6e51,8667 7863 7616 0115,merchant_allocated,75eff299-f162-4427-8b08-04f404141ef9,2026-09-09 10:29:54.922115+00,,,9c2a0db3-c7e6-4d04-8b65-6cb56ec6b9f7,2026-09-09 10:16:46.810748+00
f2af9e50-ce7c-4e79-b42c-e46206fa9734,8783 5621 8877 0093,merchant_allocated,b64a2ee7-5fc4-434d-9b92-1fa730df2810,2026-09-09 05:29:06.233162+00,,,9c2a0db3-c7e6-4d04-8b65-6cb56ec6b9f7,2026-09-09 05:20:59.714662+00
f2bbbefd-a90b-4924-a28f-77c2574599e7,4821 4444 0000 3800,merchant_allocated,merch_  7,2026-08-03 17:46:28.931088+00,,,9c2a0db3-c7e6-4d04-8b65-6cb56ec6b9f7,2026-08-03 17:45:59.017505+00
f2c7e115-34ae-42e7-81ea-19ec32e764fd,4821 4444 0000 2500,merchant_allocated,merch_  7,2026-08-03 17:46:28.931088+00,,,9c2a0db3-c7e6-4d04-8b65-6cb56ec6b9f7,2026-08-03 17:45:59.017505+00
f2e2f87f-ab3d-40da-91bb-10205a3c4b22,4555 8645 9367 0125,merchant_allocated,63c2aeec-7410-4c78-9a68-beb45b1c622c,2026-08-27 11:40:23.347781+00,,,9c2a0db3-c7e6-4d04-8b65-6cb56ec6b9f7,2026-08-27 11:34:13.556736+00
f2e52efc-49f5-4ec1-bbf3-a039825b3167,8667 7863 7616 0378,merchant_allocated,75eff299-f162-4427-8b08-04f404141ef9,2026-09-09 10:29:54.922115+00,,,9c2a0db3-c7e6-4d04-8b65-6cb56ec6b9f7,2026-09-09 10:16:46.810748+00
f2e6f5a2-6eb8-4189-b573-e455b6295de8,8667 7863 7616 0012,member_linked,75eff299-f162-4427-8b08-04f404141ef9,2026-09-09 10:29:54.922115+00,f0b72070-4f39-4fa1-9231-a379d39c66fa,2026-09-26 12:02:05.423275+00,9c2a0db3-c7e6-4d04-8b65-6cb56ec6b9f7,2026-09-09 10:16:46.810748+00
f31323a5-9a75-4e9b-a5c2-5578774c598c,8783 5621 8877 0026,merchant_allocated,b64a2ee7-5fc4-434d-9b92-1fa730df2810,2026-09-09 05:29:06.233162+00,,,9c2a0db3-c7e6-4d04-8b65-6cb56ec6b9f7,2026-09-09 05:20:59.714662+00
f32c0f3d-347b-4192-bd17-6179e8ad293a,8783 5621 8877 0406,merchant_allocated,b64a2ee7-5fc4-434d-9b92-1fa730df2810,2026-09-09 05:29:06.233162+00,,,9c2a0db3-c7e6-4d04-8b65-6cb56ec6b9f7,2026-09-09 05:20:59.714662+00
f36ee0ca-e5d4-4006-bd3f-b85580b920a2,4821 6739 0000 3700,merchant_allocated,merch_  6,2026-07-28 06:48:05.660888+00,,,9c2a0db3-c7e6-4d04-8b65-6cb56ec6b9f7,2026-07-28 06:47:38.92065+00
f37648bc-8e75-470b-9ab0-c82c11e7d8c8,2176 6567 3333 0048,unassigned,,,,,9c2a0db3-c7e6-4d04-8b65-6cb56ec6b9f7,2026-09-03 09:06:17.550685+00
f3845c26-8a93-4ecf-bbe0-6b062539eb35,2173 6567 3333 0256,merchant_allocated,c74f8bef-6fd7-40f2-a363-1daa167d0439,2026-09-03 09:31:57.289663+00,,,9c2a0db3-c7e6-4d04-8b65-6cb56ec6b9f7,2026-09-03 09:26:26.769933+00
f391c60f-c32a-44f1-b18b-2484c3c9b71e,2176 6567 3333 0327,unassigned,,,,,9c2a0db3-c7e6-4d04-8b65-6cb56ec6b9f7,2026-09-03 09:06:17.550685+00
f3bd44da-65a4-40ed-92b7-3e03017ae1ca,2176 6567 3333 0179,unassigned,,,,,9c2a0db3-c7e6-4d04-8b65-6cb56ec6b9f7,2026-09-03 09:06:17.550685+00
f3c50775-e011-4786-9bee-5663ffe49490,4821 6739 0000 3600,merchant_allocated,merch_  6,2026-07-28 06:48:05.660888+00,,,9c2a0db3-c7e6-4d04-8b65-6cb56ec6b9f7,2026-07-28 06:47:38.92065+00
f3cabd42-0442-460a-9559-cd9a7e3aca7f,2176 6567 3333 0303,unassigned,,,,,9c2a0db3-c7e6-4d04-8b65-6cb56ec6b9f7,2026-09-03 09:06:17.550685+00
f3dfd153-9df5-40eb-8b74-ab89fe7bb826,2173 6567 3333 0418,merchant_allocated,c74f8bef-6fd7-40f2-a363-1daa167d0439,2026-09-03 09:31:57.289663+00,,,9c2a0db3-c7e6-4d04-8b65-6cb56ec6b9f7,2026-09-03 09:26:26.769933+00
f4064e8a-a9eb-408a-9da8-897f111bd7fd,8667 7863 7616 0146,merchant_allocated,75eff299-f162-4427-8b08-04f404141ef9,2026-09-09 10:29:54.922115+00,,,9c2a0db3-c7e6-4d04-8b65-6cb56ec6b9f7,2026-09-09 10:16:46.810748+00
f40fea75-896b-4905-ba83-fbdea727e835,8783 5621 8877 0005,merchant_allocated,b64a2ee7-5fc4-434d-9b92-1fa730df2810,2026-09-09 05:29:06.233162+00,,,9c2a0db3-c7e6-4d04-8b65-6cb56ec6b9f7,2026-09-09 05:20:59.714662+00
f42755d1-0405-4837-a630-192bd443c46a,8783 5621 8877 0104,merchant_allocated,b64a2ee7-5fc4-434d-9b92-1fa730df2810,2026-09-09 05:29:06.233162+00,,,9c2a0db3-c7e6-4d04-8b65-6cb56ec6b9f7,2026-09-09 05:20:59.714662+00
f487e181-5db4-48b5-bed1-f89f42e27abd,2173 6567 3333 0142,merchant_allocated,c74f8bef-6fd7-40f2-a363-1daa167d0439,2026-09-03 09:31:57.289663+00,,,9c2a0db3-c7e6-4d04-8b65-6cb56ec6b9f7,2026-09-03 09:26:26.769933+00
f493ae24-a790-4712-b829-72084f8c8c3f,4555 8645 9367 0243,merchant_allocated,63c2aeec-7410-4c78-9a68-beb45b1c622c,2026-08-27 11:40:23.347781+00,,,9c2a0db3-c7e6-4d04-8b65-6cb56ec6b9f7,2026-08-27 11:34:13.556736+00
f49d30b5-1e65-4ecc-9351-d54acd783839,7567 5342 8633 0080,merchant_allocated,4bf2fb6b-bdf3-49d3-ac1b-1e6e746c6643,2026-07-21 16:11:58.441179+00,,,9c2a0db3-c7e6-4d04-8b65-6cb56ec6b9f7,2026-07-21 16:10:31.33396+00
f4b0782e-d7a8-4b9b-bbdb-16a3737cc9a6,8667 7863 7616 0175,merchant_allocated,75eff299-f162-4427-8b08-04f404141ef9,2026-09-09 10:29:54.922115+00,,,9c2a0db3-c7e6-4d04-8b65-6cb56ec6b9f7,2026-09-09 10:16:46.810748+00
f4c13975-f8bb-41a0-a546-ab0bce22d137,8667 7863 7616 0399,merchant_allocated,75eff299-f162-4427-8b08-04f404141ef9,2026-09-09 10:29:54.922115+00,,,9c2a0db3-c7e6-4d04-8b65-6cb56ec6b9f7,2026-09-09 10:16:46.810748+00
f51df756-d6c2-4e15-9307-a2cdf14d7bf8,8783 5621 8877 0143,merchant_allocated,b64a2ee7-5fc4-434d-9b92-1fa730df2810,2026-09-09 05:29:06.233162+00,,,9c2a0db3-c7e6-4d04-8b65-6cb56ec6b9f7,2026-09-09 05:20:59.714662+00
f52a2e5c-ebe6-4005-b5fc-e7b2b7657b29,8667 7863 7616 0272,merchant_allocated,75eff299-f162-4427-8b08-04f404141ef9,2026-09-09 10:29:54.922115+00,,,9c2a0db3-c7e6-4d04-8b65-6cb56ec6b9f7,2026-09-09 10:16:46.810748+00
f532ba23-9baa-4a97-b482-da541c160e6e,4555 8645 9367 0489,merchant_allocated,63c2aeec-7410-4c78-9a68-beb45b1c622c,2026-08-27 11:40:23.347781+00,,,9c2a0db3-c7e6-4d04-8b65-6cb56ec6b9f7,2026-08-27 11:34:13.556736+00
f53c4967-f425-4f2a-b7f3-90665f961096,8783 5621 8877 0285,merchant_allocated,b64a2ee7-5fc4-434d-9b92-1fa730df2810,2026-09-09 05:29:06.233162+00,,,9c2a0db3-c7e6-4d04-8b65-6cb56ec6b9f7,2026-09-09 05:20:59.714662+00
f5448b41-34b7-41f1-a9f3-18b6ad9214e9,8667 7863 7616 0178,merchant_allocated,75eff299-f162-4427-8b08-04f404141ef9,2026-09-09 10:29:54.922115+00,,,9c2a0db3-c7e6-4d04-8b65-6cb56ec6b9f7,2026-09-09 10:16:46.810748+00
f56dbdac-abfa-440f-8753-1dfc37f4356b,4821 4444 0000 3400,merchant_allocated,merch_  7,2026-08-03 17:46:28.931088+00,,,9c2a0db3-c7e6-4d04-8b65-6cb56ec6b9f7,2026-08-03 17:45:59.017505+00
f58d1868-bd95-4860-ad26-1ce85a8c495f,8667 7863 7616 0052,merchant_allocated,75eff299-f162-4427-8b08-04f404141ef9,2026-09-09 10:29:54.922115+00,,,9c2a0db3-c7e6-4d04-8b65-6cb56ec6b9f7,2026-09-09 10:16:46.810748+00
f5a62f96-af1a-48a6-9108-eb6ba2d9af75,4555 8645 9367 0176,merchant_allocated,63c2aeec-7410-4c78-9a68-beb45b1c622c,2026-08-27 11:40:23.347781+00,,,9c2a0db3-c7e6-4d04-8b65-6cb56ec6b9f7,2026-08-27 11:34:13.556736+00
f5a7fdb9-a863-4652-af4a-c546242202ba,2176 6567 3333 0099,unassigned,,,,,9c2a0db3-c7e6-4d04-8b65-6cb56ec6b9f7,2026-09-03 09:06:17.550685+00
f5be7868-de4a-438d-bdf4-cf7f775a8ac5,4555 8645 9367 0317,merchant_allocated,63c2aeec-7410-4c78-9a68-beb45b1c622c,2026-08-27 11:40:23.347781+00,,,9c2a0db3-c7e6-4d04-8b65-6cb56ec6b9f7,2026-08-27 11:34:13.556736+00
f5c89886-d9f5-4f87-8079-40b31e49029c,4821 6739 0000 3300,merchant_allocated,merch_  6,2026-07-28 06:48:05.660888+00,,,9c2a0db3-c7e6-4d04-8b65-6cb56ec6b9f7,2026-07-28 06:47:38.92065+00
f5c90643-d2e8-430e-96a1-e475effed790,8689 6453 5689 0078,merchant_allocated,bc3951f9-ff8c-436b-8322-e5dd6592ca4b,2026-09-05 05:47:39.366708+00,,,9c2a0db3-c7e6-4d04-8b65-6cb56ec6b9f7,2026-09-05 05:42:03.795053+00
f5d1c5e2-e472-4035-a6cd-f78ddc32f45a,8783 5621 8877 0377,merchant_allocated,b64a2ee7-5fc4-434d-9b92-1fa730df2810,2026-09-09 05:29:06.233162+00,,,9c2a0db3-c7e6-4d04-8b65-6cb56ec6b9f7,2026-09-09 05:20:59.714662+00
f5d63476-9dfb-4161-9920-60a6dcaaed0e,2173 6567 3333 0357,merchant_allocated,c74f8bef-6fd7-40f2-a363-1daa167d0439,2026-09-03 09:31:57.289663+00,,,9c2a0db3-c7e6-4d04-8b65-6cb56ec6b9f7,2026-09-03 09:26:26.769933+00
f61c064c-81af-45ab-9e32-8350cb1360ef,2173 6567 3333 0378,merchant_allocated,c74f8bef-6fd7-40f2-a363-1daa167d0439,2026-09-03 09:31:57.289663+00,,,9c2a0db3-c7e6-4d04-8b65-6cb56ec6b9f7,2026-09-03 09:26:26.769933+00
f622c124-44cb-4f8b-918f-22d29c40ffea,8667 7863 7616 0149,merchant_allocated,75eff299-f162-4427-8b08-04f404141ef9,2026-09-09 10:29:54.922115+00,,,9c2a0db3-c7e6-4d04-8b65-6cb56ec6b9f7,2026-09-09 10:16:46.810748+00
f630e5e9-16fe-4720-a0c3-95f1213470eb,2176 6567 3333 0231,unassigned,,,,,9c2a0db3-c7e6-4d04-8b65-6cb56ec6b9f7,2026-09-03 09:06:17.550685+00
f634fae4-71af-44fa-a3d4-6693214b97fd,8667 7863 7616 0471,merchant_allocated,75eff299-f162-4427-8b08-04f404141ef9,2026-09-09 10:29:54.922115+00,,,9c2a0db3-c7e6-4d04-8b65-6cb56ec6b9f7,2026-09-09 10:16:46.810748+00
f64c9bef-d41b-457b-bc32-1b06666b39e5,2176 6567 3333 0164,unassigned,,,,,9c2a0db3-c7e6-4d04-8b65-6cb56ec6b9f7,2026-09-03 09:06:17.550685+00
f64f6db5-ff93-4cc6-b5c4-2f34a090b827,2176 6567 3333 0326,unassigned,,,,,9c2a0db3-c7e6-4d04-8b65-6cb56ec6b9f7,2026-09-03 09:06:17.550685+00
f65ad425-bc13-4b62-983d-e351b75094df,2173 6567 3333 0197,merchant_allocated,c74f8bef-6fd7-40f2-a363-1daa167d0439,2026-09-03 09:31:57.289663+00,,,9c2a0db3-c7e6-4d04-8b65-6cb56ec6b9f7,2026-09-03 09:26:26.769933+00
f65f50e1-9dad-4ba2-a44c-0e7e587a0dca,4555 8645 9367 0235,merchant_allocated,63c2aeec-7410-4c78-9a68-beb45b1c622c,2026-08-27 11:40:23.347781+00,,,9c2a0db3-c7e6-4d04-8b65-6cb56ec6b9f7,2026-08-27 11:34:13.556736+00
f6657eea-6417-44e3-b7ae-8ea7b899d680,2173 6567 3333 0445,merchant_allocated,c74f8bef-6fd7-40f2-a363-1daa167d0439,2026-09-03 09:31:57.289663+00,,,9c2a0db3-c7e6-4d04-8b65-6cb56ec6b9f7,2026-09-03 09:26:26.769933+00
f6726165-28ea-4e9c-8cc8-35296473c569,4555 8645 9367 0154,merchant_allocated,63c2aeec-7410-4c78-9a68-beb45b1c622c,2026-08-27 11:40:23.347781+00,,,9c2a0db3-c7e6-4d04-8b65-6cb56ec6b9f7,2026-08-27 11:34:13.556736+00
f69f4bfa-e088-4fa4-b2c2-2ba1b00ac6c5,4555 8645 9367 0077,merchant_allocated,63c2aeec-7410-4c78-9a68-beb45b1c622c,2026-08-27 11:40:23.347781+00,,,9c2a0db3-c7e6-4d04-8b65-6cb56ec6b9f7,2026-08-27 11:34:13.556736+00
f6a583f1-15e1-483e-91bd-ff67f3f268d4,8783 5621 8877 0329,merchant_allocated,b64a2ee7-5fc4-434d-9b92-1fa730df2810,2026-09-09 05:29:06.233162+00,,,9c2a0db3-c7e6-4d04-8b65-6cb56ec6b9f7,2026-09-09 05:20:59.714662+00
f6ad7b58-f669-4c68-af15-01ccc0178a61,2176 6567 3333 0152,unassigned,,,,,9c2a0db3-c7e6-4d04-8b65-6cb56ec6b9f7,2026-09-03 09:06:17.550685+00
f6dd2238-f62d-40cd-8a53-7a88b0d6ada5,2173 6567 3333 0317,merchant_allocated,c74f8bef-6fd7-40f2-a363-1daa167d0439,2026-09-03 09:31:57.289663+00,,,9c2a0db3-c7e6-4d04-8b65-6cb56ec6b9f7,2026-09-03 09:26:26.769933+00
f6e08932-dc51-4a35-884a-bde3563da61c,4555 8645 9367 0451,merchant_allocated,63c2aeec-7410-4c78-9a68-beb45b1c622c,2026-08-27 11:40:23.347781+00,,,9c2a0db3-c7e6-4d04-8b65-6cb56ec6b9f7,2026-08-27 11:34:13.556736+00
f6fdcc7e-4f80-45f1-b0ff-63dbf6570c69,4555 8645 9367 0042,merchant_allocated,63c2aeec-7410-4c78-9a68-beb45b1c622c,2026-08-27 11:40:23.347781+00,,,9c2a0db3-c7e6-4d04-8b65-6cb56ec6b9f7,2026-08-27 11:34:13.556736+00
f705a205-8d1f-4b46-b234-5adb118af07a,2173 6567 3333 0263,merchant_allocated,c74f8bef-6fd7-40f2-a363-1daa167d0439,2026-09-03 09:31:57.289663+00,,,9c2a0db3-c7e6-4d04-8b65-6cb56ec6b9f7,2026-09-03 09:26:26.769933+00
f7116d0d-1e7c-45c9-b86f-894f0a77f178,2176 6567 3333 0302,unassigned,,,,,9c2a0db3-c7e6-4d04-8b65-6cb56ec6b9f7,2026-09-03 09:06:17.550685+00
f715680b-33c4-4769-afaa-0968036236b1,2176 6567 3333 0062,unassigned,,,,,9c2a0db3-c7e6-4d04-8b65-6cb56ec6b9f7,2026-09-03 09:06:17.550685+00
f71fe336-c8d7-4e2c-b5cb-5bc89db56cfd,7567 5342 8633 0011,merchant_allocated,4bf2fb6b-bdf3-49d3-ac1b-1e6e746c6643,2026-07-21 16:11:58.441179+00,,,9c2a0db3-c7e6-4d04-8b65-6cb56ec6b9f7,2026-07-21 16:10:31.33396+00
f742d31e-aa00-47e2-83e4-f26bafc012cc,4821 6739 0000 3200,merchant_allocated,merch_  6,2026-07-28 06:48:05.660888+00,,,9c2a0db3-c7e6-4d04-8b65-6cb56ec6b9f7,2026-07-28 06:47:38.92065+00
f7639c49-ab62-4031-b71f-57caf491b4d9,2176 6567 3333 0083,unassigned,,,,,9c2a0db3-c7e6-4d04-8b65-6cb56ec6b9f7,2026-09-03 09:06:17.550685+00
f773d64a-ae3b-4a39-8e4e-d87290313385,8783 5621 8877 0435,merchant_allocated,b64a2ee7-5fc4-434d-9b92-1fa730df2810,2026-09-09 05:29:06.233162+00,,,9c2a0db3-c7e6-4d04-8b65-6cb56ec6b9f7,2026-09-09 05:20:59.714662+00
f77944f8-d6fc-4753-8ee6-9ba59c98798f,8667 7863 7616 0140,merchant_allocated,75eff299-f162-4427-8b08-04f404141ef9,2026-09-09 10:29:54.922115+00,,,9c2a0db3-c7e6-4d04-8b65-6cb56ec6b9f7,2026-09-09 10:16:46.810748+00
f7952f4c-b609-4ce6-b83a-70f4a286c753,4555 8645 9367 0244,merchant_allocated,63c2aeec-7410-4c78-9a68-beb45b1c622c,2026-08-27 11:40:23.347781+00,,,9c2a0db3-c7e6-4d04-8b65-6cb56ec6b9f7,2026-08-27 11:34:13.556736+00
f7a85ac2-d2a5-4eac-87da-095dd4117b6f,8667 7863 7616 0218,merchant_allocated,75eff299-f162-4427-8b08-04f404141ef9,2026-09-09 10:29:54.922115+00,,,9c2a0db3-c7e6-4d04-8b65-6cb56ec6b9f7,2026-09-09 10:16:46.810748+00
f7c17d05-a311-406d-ab97-265dfb740dab,4555 8645 9367 0408,merchant_allocated,63c2aeec-7410-4c78-9a68-beb45b1c622c,2026-08-27 11:40:23.347781+00,,,9c2a0db3-c7e6-4d04-8b65-6cb56ec6b9f7,2026-08-27 11:34:13.556736+00
f7ca81d8-2d5c-479c-b319-f3ec7b04864d,8689 6453 5689 0102,merchant_allocated,bc3951f9-ff8c-436b-8322-e5dd6592ca4b,2026-09-05 05:47:39.366708+00,,,9c2a0db3-c7e6-4d04-8b65-6cb56ec6b9f7,2026-09-05 05:42:03.795053+00
f7d7a527-a47d-4850-945b-ce7ccd81e27c,2176 6567 3333 0251,unassigned,,,,,9c2a0db3-c7e6-4d04-8b65-6cb56ec6b9f7,2026-09-03 09:06:17.550685+00
f8151927-2543-470e-901e-cfe18600ab59,8667 7863 7616 0467,merchant_allocated,75eff299-f162-4427-8b08-04f404141ef9,2026-09-09 10:29:54.922115+00,,,9c2a0db3-c7e6-4d04-8b65-6cb56ec6b9f7,2026-09-09 10:16:46.810748+00
f8344449-93d9-467a-803b-46ce2efa29b8,2173 6567 3333 0044,merchant_allocated,c74f8bef-6fd7-40f2-a363-1daa167d0439,2026-09-03 09:31:57.289663+00,,,9c2a0db3-c7e6-4d04-8b65-6cb56ec6b9f7,2026-09-03 09:26:26.769933+00
f839cd51-5da7-4821-8a72-25a65f6f8703,8783 5621 8877 0251,merchant_allocated,b64a2ee7-5fc4-434d-9b92-1fa730df2810,2026-09-09 05:29:06.233162+00,,,9c2a0db3-c7e6-4d04-8b65-6cb56ec6b9f7,2026-09-09 05:20:59.714662+00
f868bf44-041a-43f3-b1cd-a198ecfdc8f2,2176 6567 3333 0031,unassigned,,,,,9c2a0db3-c7e6-4d04-8b65-6cb56ec6b9f7,2026-09-03 09:06:17.550685+00
f8c350af-3330-444b-9131-fc01905191fb,8783 5621 8877 0011,merchant_allocated,b64a2ee7-5fc4-434d-9b92-1fa730df2810,2026-09-09 05:29:06.233162+00,,,9c2a0db3-c7e6-4d04-8b65-6cb56ec6b9f7,2026-09-09 05:20:59.714662+00
f8fc0718-1168-426a-a957-dd075bc9a29a,8783 5621 8877 0395,merchant_allocated,b64a2ee7-5fc4-434d-9b92-1fa730df2810,2026-09-09 05:29:06.233162+00,,,9c2a0db3-c7e6-4d04-8b65-6cb56ec6b9f7,2026-09-09 05:20:59.714662+00
f8fca484-aa4d-4041-a872-aedbc56685ef,4821 6739 0000 2500,merchant_allocated,merch_  6,2026-07-28 06:48:05.660888+00,,,9c2a0db3-c7e6-4d04-8b65-6cb56ec6b9f7,2026-07-28 06:47:38.92065+00
f902e38f-fe3e-4ef0-9050-1b9814d3131b,2173 6567 3333 0242,merchant_allocated,c74f8bef-6fd7-40f2-a363-1daa167d0439,2026-09-03 09:31:57.289663+00,,,9c2a0db3-c7e6-4d04-8b65-6cb56ec6b9f7,2026-09-03 09:26:26.769933+00
f91c402b-7a50-4729-8df6-95dbe21a3c5c,8783 5621 8877 0231,merchant_allocated,b64a2ee7-5fc4-434d-9b92-1fa730df2810,2026-09-09 05:29:06.233162+00,,,9c2a0db3-c7e6-4d04-8b65-6cb56ec6b9f7,2026-09-09 05:20:59.714662+00
f95442d7-42ce-4884-ae80-310c07c9d76c,2176 6567 3333 0046,unassigned,,,,,9c2a0db3-c7e6-4d04-8b65-6cb56ec6b9f7,2026-09-03 09:06:17.550685+00
f95b0229-c5d3-4364-a59a-8b8efd9c5665,8667 7863 7616 0029,merchant_allocated,75eff299-f162-4427-8b08-04f404141ef9,2026-09-09 10:29:54.922115+00,,,9c2a0db3-c7e6-4d04-8b65-6cb56ec6b9f7,2026-09-09 10:16:46.810748+00
f95fe3ca-b27a-42b2-9435-17bdf3a72ffd,8783 5621 8877 0161,merchant_allocated,b64a2ee7-5fc4-434d-9b92-1fa730df2810,2026-09-09 05:29:06.233162+00,,,9c2a0db3-c7e6-4d04-8b65-6cb56ec6b9f7,2026-09-09 05:20:59.714662+00
f96922b6-4db0-4841-9146-71fba9573660,2173 6567 3333 0013,member_linked,c74f8bef-6fd7-40f2-a363-1daa167d0439,2026-09-03 09:31:57.289663+00,f24afb43-f24e-4b5a-81f7-55f9603fcc43,2026-09-26 07:20:16.317188+00,9c2a0db3-c7e6-4d04-8b65-6cb56ec6b9f7,2026-09-03 09:26:26.769933+00
f972b8ac-4947-4662-9ff2-33c7576271a6,8689 6453 5689 0016,merchant_allocated,bc3951f9-ff8c-436b-8322-e5dd6592ca4b,2026-09-05 05:47:39.366708+00,,,9c2a0db3-c7e6-4d04-8b65-6cb56ec6b9f7,2026-09-05 05:42:03.795053+00
f9b30f2c-13b6-4242-ba7e-25921f735de3,8667 7863 7616 0169,merchant_allocated,75eff299-f162-4427-8b08-04f404141ef9,2026-09-09 10:29:54.922115+00,,,9c2a0db3-c7e6-4d04-8b65-6cb56ec6b9f7,2026-09-09 10:16:46.810748+00
f9d87aa8-6c54-49b4-9e09-76b267ba8d15,4555 8645 9367 0172,merchant_allocated,63c2aeec-7410-4c78-9a68-beb45b1c622c,2026-08-27 11:40:23.347781+00,,,9c2a0db3-c7e6-4d04-8b65-6cb56ec6b9f7,2026-08-27 11:34:13.556736+00
f9f47bb9-7ab6-4c2f-8c0f-e11def0b5644,4555 8645 9367 0316,merchant_allocated,63c2aeec-7410-4c78-9a68-beb45b1c622c,2026-08-27 11:40:23.347781+00,,,9c2a0db3-c7e6-4d04-8b65-6cb56ec6b9f7,2026-08-27 11:34:13.556736+00
fa1cb766-2bf4-4bbe-8518-4a1f2c501eb8,2173 6567 3333 0094,merchant_allocated,c74f8bef-6fd7-40f2-a363-1daa167d0439,2026-09-03 09:31:57.289663+00,,,9c2a0db3-c7e6-4d04-8b65-6cb56ec6b9f7,2026-09-03 09:26:26.769933+00
fa2cd0c2-2501-4792-988c-5f86e055a858,2173 6567 3333 0068,merchant_allocated,c74f8bef-6fd7-40f2-a363-1daa167d0439,2026-09-03 09:31:57.289663+00,,,9c2a0db3-c7e6-4d04-8b65-6cb56ec6b9f7,2026-09-03 09:26:26.769933+00
fa7626b6-7953-4b17-8fc7-5c7d3d0d8dde,2176 6567 3333 0036,unassigned,,,,,9c2a0db3-c7e6-4d04-8b65-6cb56ec6b9f7,2026-09-03 09:06:17.550685+00
fa8ce44c-6f1b-4655-bc2b-ecf4f5b1b5ef,8783 5621 8877 0446,merchant_allocated,b64a2ee7-5fc4-434d-9b92-1fa730df2810,2026-09-09 05:29:06.233162+00,,,9c2a0db3-c7e6-4d04-8b65-6cb56ec6b9f7,2026-09-09 05:20:59.714662+00
fad3a60b-6dfb-45dc-9203-d1e885689baf,8783 5621 8877 0003,merchant_allocated,b64a2ee7-5fc4-434d-9b92-1fa730df2810,2026-09-09 05:29:06.233162+00,,,9c2a0db3-c7e6-4d04-8b65-6cb56ec6b9f7,2026-09-09 05:20:59.714662+00
fae5be8c-4431-4a66-8f51-bbb5779d3270,2173 6567 3333 0255,merchant_allocated,c74f8bef-6fd7-40f2-a363-1daa167d0439,2026-09-03 09:31:57.289663+00,,,9c2a0db3-c7e6-4d04-8b65-6cb56ec6b9f7,2026-09-03 09:26:26.769933+00
fb2016e8-9332-4908-9fe7-d8fcbbb35a38,8667 7863 7616 0022,merchant_allocated,75eff299-f162-4427-8b08-04f404141ef9,2026-09-09 10:29:54.922115+00,,,9c2a0db3-c7e6-4d04-8b65-6cb56ec6b9f7,2026-09-09 10:16:46.810748+00
fb24211e-29c7-40de-82e1-a99da76c2925,2173 6567 3333 0436,merchant_allocated,c74f8bef-6fd7-40f2-a363-1daa167d0439,2026-09-03 09:31:57.289663+00,,,9c2a0db3-c7e6-4d04-8b65-6cb56ec6b9f7,2026-09-03 09:26:26.769933+00
fb67065a-6ba6-4ec1-9b4b-aa8742b15fdd,2173 6567 3333 0233,merchant_allocated,c74f8bef-6fd7-40f2-a363-1daa167d0439,2026-09-03 09:31:57.289663+00,,,9c2a0db3-c7e6-4d04-8b65-6cb56ec6b9f7,2026-09-03 09:26:26.769933+00
fb68ec81-0381-48ab-a1d1-82e31de84492,8783 5621 8877 0266,merchant_allocated,b64a2ee7-5fc4-434d-9b92-1fa730df2810,2026-09-09 05:29:06.233162+00,,,9c2a0db3-c7e6-4d04-8b65-6cb56ec6b9f7,2026-09-09 05:20:59.714662+00
fbaf95a0-992f-4a96-9c77-a5ffd69e5f99,2176 6567 3333 0443,unassigned,,,,,9c2a0db3-c7e6-4d04-8b65-6cb56ec6b9f7,2026-09-03 09:06:17.550685+00
fbbac624-b356-4d12-ad17-96b85af79d1b,8783 5621 8877 0202,merchant_allocated,b64a2ee7-5fc4-434d-9b92-1fa730df2810,2026-09-09 05:29:06.233162+00,,,9c2a0db3-c7e6-4d04-8b65-6cb56ec6b9f7,2026-09-09 05:20:59.714662+00
fbca34c4-9ad0-432b-961d-c8d113f035a6,2173 6567 3333 0011,member_linked,c74f8bef-6fd7-40f2-a363-1daa167d0439,2026-09-03 09:31:57.289663+00,d7133e03-ad22-424c-8c95-fdcc99898863,2026-09-22 11:13:59.488528+00,9c2a0db3-c7e6-4d04-8b65-6cb56ec6b9f7,2026-09-03 09:26:26.769933+00
fbcf034b-f817-4c72-ab2a-367d0790a3f4,4821 4444 0000 1900,merchant_allocated,merch_  7,2026-08-03 17:46:28.931088+00,,,9c2a0db3-c7e6-4d04-8b65-6cb56ec6b9f7,2026-08-03 17:45:59.017505+00
fbeb634a-226e-4928-b676-13c7bf31fc78,8783 5621 8877 0142,merchant_allocated,b64a2ee7-5fc4-434d-9b92-1fa730df2810,2026-09-09 05:29:06.233162+00,,,9c2a0db3-c7e6-4d04-8b65-6cb56ec6b9f7,2026-09-09 05:20:59.714662+00
fc008952-eb74-4520-9df3-c147e901ef00,2176 6567 3333 0294,unassigned,,,,,9c2a0db3-c7e6-4d04-8b65-6cb56ec6b9f7,2026-09-03 09:06:17.550685+00
fc1f5840-129c-432d-b8b0-ab916549fcb2,8667 7863 7616 0293,merchant_allocated,75eff299-f162-4427-8b08-04f404141ef9,2026-09-09 10:29:54.922115+00,,,9c2a0db3-c7e6-4d04-8b65-6cb56ec6b9f7,2026-09-09 10:16:46.810748+00
fc20051d-f685-4ba7-8ee0-de8c3d340b7b,8783 5621 8877 0227,merchant_allocated,b64a2ee7-5fc4-434d-9b92-1fa730df2810,2026-09-09 05:29:06.233162+00,,,9c2a0db3-c7e6-4d04-8b65-6cb56ec6b9f7,2026-09-09 05:20:59.714662+00
fc3a5ace-c0f0-4e8e-bdab-10359def1eb2,2176 6567 3333 0280,unassigned,,,,,9c2a0db3-c7e6-4d04-8b65-6cb56ec6b9f7,2026-09-03 09:06:17.550685+00
fc5e2028-039b-4305-b858-e4e064cf026f,4555 8645 9367 0162,merchant_allocated,63c2aeec-7410-4c78-9a68-beb45b1c622c,2026-08-27 11:40:23.347781+00,,,9c2a0db3-c7e6-4d04-8b65-6cb56ec6b9f7,2026-08-27 11:34:13.556736+00
fca75213-c90c-41d2-9d96-151685eed2ab,8667 7863 7616 0061,merchant_allocated,75eff299-f162-4427-8b08-04f404141ef9,2026-09-09 10:29:54.922115+00,,,9c2a0db3-c7e6-4d04-8b65-6cb56ec6b9f7,2026-09-09 10:16:46.810748+00
fcb0da44-02ec-420c-a924-13ab6b2439ca,8783 5621 8877 0122,merchant_allocated,b64a2ee7-5fc4-434d-9b92-1fa730df2810,2026-09-09 05:29:06.233162+00,,,9c2a0db3-c7e6-4d04-8b65-6cb56ec6b9f7,2026-09-09 05:20:59.714662+00
fcd3d8ef-edd0-4531-a8fb-b56244e9a2c3,2173 6567 3333 0217,merchant_allocated,c74f8bef-6fd7-40f2-a363-1daa167d0439,2026-09-03 09:31:57.289663+00,,,9c2a0db3-c7e6-4d04-8b65-6cb56ec6b9f7,2026-09-03 09:26:26.769933+00
fd2949cb-99b0-4bf3-a1e0-48fd28926b84,4555 8645 9367 0241,merchant_allocated,63c2aeec-7410-4c78-9a68-beb45b1c622c,2026-08-27 11:40:23.347781+00,,,9c2a0db3-c7e6-4d04-8b65-6cb56ec6b9f7,2026-08-27 11:34:13.556736+00
fd59884c-fda1-4bc3-91de-fdc93a6a240c,8667 7863 7616 0235,merchant_allocated,75eff299-f162-4427-8b08-04f404141ef9,2026-09-09 10:29:54.922115+00,,,9c2a0db3-c7e6-4d04-8b65-6cb56ec6b9f7,2026-09-09 10:16:46.810748+00
fd5f0f5d-730f-4e67-af81-0bb5f60b6417,4555 8645 9367 0159,merchant_allocated,63c2aeec-7410-4c78-9a68-beb45b1c622c,2026-08-27 11:40:23.347781+00,,,9c2a0db3-c7e6-4d04-8b65-6cb56ec6b9f7,2026-08-27 11:34:13.556736+00
fd6baaa4-b38f-4cbc-a8f3-0e91da483ac6,8667 7863 7616 0284,merchant_allocated,75eff299-f162-4427-8b08-04f404141ef9,2026-09-09 10:29:54.922115+00,,,9c2a0db3-c7e6-4d04-8b65-6cb56ec6b9f7,2026-09-09 10:16:46.810748+00
fd79a404-12d2-4980-928d-b1fe4430223f,8667 7863 7616 0346,merchant_allocated,75eff299-f162-4427-8b08-04f404141ef9,2026-09-09 10:29:54.922115+00,,,9c2a0db3-c7e6-4d04-8b65-6cb56ec6b9f7,2026-09-09 10:16:46.810748+00
fdbc6674-fc27-45b8-9f99-3729238d9113,2176 6567 3333 0423,unassigned,,,,,9c2a0db3-c7e6-4d04-8b65-6cb56ec6b9f7,2026-09-03 09:06:17.550685+00
fdd51602-e2d1-4790-97a9-caede7bdf737,8689 6453 5689 0052,merchant_allocated,bc3951f9-ff8c-436b-8322-e5dd6592ca4b,2026-09-05 05:47:39.366708+00,,,9c2a0db3-c7e6-4d04-8b65-6cb56ec6b9f7,2026-09-05 05:42:03.795053+00
fdf2adb2-ae13-4301-8a1d-9657053295b8,7567 5342 8633 0048,merchant_allocated,4bf2fb6b-bdf3-49d3-ac1b-1e6e746c6643,2026-07-21 16:11:58.441179+00,,,9c2a0db3-c7e6-4d04-8b65-6cb56ec6b9f7,2026-07-21 16:10:31.33396+00
fe02afda-7464-48f8-967b-1151d5d2b061,2176 6567 3333 0317,unassigned,,,,,9c2a0db3-c7e6-4d04-8b65-6cb56ec6b9f7,2026-09-03 09:06:17.550685+00
fe04b09d-2cef-4c21-82b1-bac2c8754a26,4555 8645 9367 0076,merchant_allocated,63c2aeec-7410-4c78-9a68-beb45b1c622c,2026-08-27 11:40:23.347781+00,,,9c2a0db3-c7e6-4d04-8b65-6cb56ec6b9f7,2026-08-27 11:34:13.556736+00
fe08120b-240c-4b6c-984f-c0a0a75c95aa,4555 8645 9367 0108,merchant_allocated,63c2aeec-7410-4c78-9a68-beb45b1c622c,2026-08-27 11:40:23.347781+00,,,9c2a0db3-c7e6-4d04-8b65-6cb56ec6b9f7,2026-08-27 11:34:13.556736+00
fe0eff4d-e2df-478f-aaee-cf64f618505a,4555 8645 9367 0293,merchant_allocated,63c2aeec-7410-4c78-9a68-beb45b1c622c,2026-08-27 11:40:23.347781+00,,,9c2a0db3-c7e6-4d04-8b65-6cb56ec6b9f7,2026-08-27 11:34:13.556736+00
fe17173a-b067-404c-9093-837e1d1af13f,8667 7863 7616 0252,merchant_allocated,75eff299-f162-4427-8b08-04f404141ef9,2026-09-09 10:29:54.922115+00,,,9c2a0db3-c7e6-4d04-8b65-6cb56ec6b9f7,2026-09-09 10:16:46.810748+00
fe51f10b-561f-4dc1-a70d-f83c86124f41,2176 6567 3333 0446,unassigned,,,,,9c2a0db3-c7e6-4d04-8b65-6cb56ec6b9f7,2026-09-03 09:06:17.550685+00
fe555639-213e-4bff-a854-c2a01fe9de80,2173 6567 3333 0412,merchant_allocated,c74f8bef-6fd7-40f2-a363-1daa167d0439,2026-09-03 09:31:57.289663+00,,,9c2a0db3-c7e6-4d04-8b65-6cb56ec6b9f7,2026-09-03 09:26:26.769933+00
fe67c5a7-a37b-4cfd-8ce0-0c5d6c0f03d6,8783 5621 8877 0110,merchant_allocated,b64a2ee7-5fc4-434d-9b92-1fa730df2810,2026-09-09 05:29:06.233162+00,,,9c2a0db3-c7e6-4d04-8b65-6cb56ec6b9f7,2026-09-09 05:20:59.714662+00
fea3a6ee-27b6-494b-975b-4a3f690e1f9e,4821 6739 0000 2300,merchant_allocated,merch_  6,2026-07-28 06:48:05.660888+00,,,9c2a0db3-c7e6-4d04-8b65-6cb56ec6b9f7,2026-07-28 06:47:38.92065+00
feb7ba93-5b1c-472f-8b9e-839564e528c8,8783 5621 8877 0277,merchant_allocated,b64a2ee7-5fc4-434d-9b92-1fa730df2810,2026-09-09 05:29:06.233162+00,,,9c2a0db3-c7e6-4d04-8b65-6cb56ec6b9f7,2026-09-09 05:20:59.714662+00
fed599b4-d104-4ce5-ad03-a3d395d7fb80,4555 8645 9367 0436,merchant_allocated,63c2aeec-7410-4c78-9a68-beb45b1c622c,2026-08-27 11:40:23.347781+00,,,9c2a0db3-c7e6-4d04-8b65-6cb56ec6b9f7,2026-08-27 11:34:13.556736+00
fee778d0-502c-44c7-bcb1-73a64cdac1e2,4821 6739 4323 0279,unassigned,,,,,9c2a0db3-c7e6-4d04-8b65-6cb56ec6b9f7,2026-09-08 05:42:44.609911+00
ff1ad51f-02db-4d1c-8340-b426790fcbed,2176 6567 3333 0283,unassigned,,,,,9c2a0db3-c7e6-4d04-8b65-6cb56ec6b9f7,2026-09-03 09:06:17.550685+00
ff3d16a5-eb72-42d2-9392-6260c8ed5b55,2176 6567 3333 0157,unassigned,,,,,9c2a0db3-c7e6-4d04-8b65-6cb56ec6b9f7,2026-09-03 09:06:17.550685+00
ff416927-a70c-49c2-bed4-c88d8a78ac04,8689 6453 5689 0084,merchant_allocated,bc3951f9-ff8c-436b-8322-e5dd6592ca4b,2026-09-05 05:47:39.366708+00,,,9c2a0db3-c7e6-4d04-8b65-6cb56ec6b9f7,2026-09-05 05:42:03.795053+00
ff46e6ef-7d84-4e20-a83b-5c91fb0a183c,8783 5621 8877 0424,merchant_allocated,b64a2ee7-5fc4-434d-9b92-1fa730df2810,2026-09-09 05:29:06.233162+00,,,9c2a0db3-c7e6-4d04-8b65-6cb56ec6b9f7,2026-09-09 05:20:59.714662+00
ff73ffee-2d0b-4359-ace5-4e230a748bec,4555 8645 9367 0216,merchant_allocated,63c2aeec-7410-4c78-9a68-beb45b1c622c,2026-08-27 11:40:23.347781+00,,,9c2a0db3-c7e6-4d04-8b65-6cb56ec6b9f7,2026-08-27 11:34:13.556736+00
ff8448e3-022d-44d0-b253-7b14c7bc61af,7567 5342 8633 0001,member_linked,4bf2fb6b-bdf3-49d3-ac1b-1e6e746c6643,2026-07-21 16:11:58.441179+00,73713194-e86f-45ae-9e9c-44d9b199ea64,2026-07-22 06:29:26.393069+00,9c2a0db3-c7e6-4d04-8b65-6cb56ec6b9f7,2026-07-21 16:10:31.33396+00
ff8ffad4-c5d3-43a6-bf80-9f8a77dba5e2,8783 5621 8877 0229,merchant_allocated,b64a2ee7-5fc4-434d-9b92-1fa730df2810,2026-09-09 05:29:06.233162+00,,,9c2a0db3-c7e6-4d04-8b65-6cb56ec6b9f7,2026-09-09 05:20:59.714662+00
ff91dfd6-7813-499b-adba-b48ff0f16e0c,4821 6739 4323 0345,unassigned,,,,,9c2a0db3-c7e6-4d04-8b65-6cb56ec6b9f7,2026-09-08 05:42:44.609911+00
ffa71f86-a14e-461f-8961-b9534c240074,4821 6739 4323 0074,unassigned,,,,,9c2a0db3-c7e6-4d04-8b65-6cb56ec6b9f7,2026-09-08 05:42:44.609911+00
ffadc215-c0a5-49e0-a487-30718257d505,8783 5621 8877 0137,merchant_allocated,b64a2ee7-5fc4-434d-9b92-1fa730df2810,2026-09-09 05:29:06.233162+00,,,9c2a0db3-c7e6-4d04-8b65-6cb56ec6b9f7,2026-09-09 05:20:59.714662+00
ffbb7c8f-c963-44dc-9814-90f4a5f86bf7,4821 6739 4323 0227,unassigned,,,,,9c2a0db3-c7e6-4d04-8b65-6cb56ec6b9f7,2026-09-08 05:42:44.609911+00
ffd51d8d-3eca-447d-8643-674bd3871a01,8667 7863 7616 0109,merchant_allocated,75eff299-f162-4427-8b08-04f404141ef9,2026-09-09 10:29:54.922115+00,,,9c2a0db3-c7e6-4d04-8b65-6cb56ec6b9f7,2026-09-09 10:16:46.810748+00
ffdc7f84-5f34-4308-8240-b9b05a1d99bf,8783 5621 8877 0217,merchant_allocated,b64a2ee7-5fc4-434d-9b92-1fa730df2810,2026-09-09 05:29:06.233162+00,,,9c2a0db3-c7e6-4d04-8b65-6cb56ec6b9f7,2026-09-09 05:20:59.714662+00
fff4f4d7-a1d7-43fd-b189-8f32b5612539,4555 8645 9367 0286,merchant_allocated,63c2aeec-7410-4c78-9a68-beb45b1c622c,2026-08-27 11:40:23.347781+00,,,9c2a0db3-c7e6-4d04-8b65-6cb56ec6b9f7,2026-08-27 11:34:13.556736+00
fffe831e-2990-4f77-8733-a57bc8d58a16,2173 6567 3333 0307,merchant_allocated,c74f8bef-6fd7-40f2-a363-1daa167d0439,2026-09-03 09:31:57.289663+00,,,9c2a0db3-c7e6-4d04-8b65-6cb56ec6b9f7,2026-09-03 09:26:26.769933+00